page	line_id	kind	old_592509	new_592709
11	line_cell_r0_c0	both_nonempty_differ	٨	٦
11	line_cell_r0_c1	both_nonempty_differ	"	٢
11	line_cell_r0_c10	both_nonempty_differ	٣	-
11	line_cell_r0_c11	both_nonempty_differ	٥	"
11	line_cell_r0_c12	both_nonempty_differ	–	✓
11	line_cell_r0_c13	both_nonempty_differ	٠	١
11	line_cell_r0_c14	both_nonempty_differ	١٣	-
11	line_cell_r0_c15	both_nonempty_differ	٩٤	٩
11	line_cell_r0_c16	both_nonempty_differ	"	..
11	line_cell_r0_c17	agree_nonempty	٥	٥
11	line_cell_r0_c18	both_nonempty_differ	٠	٤
11	line_cell_r0_c2	both_nonempty_differ	–	✓
11	line_cell_r0_c3	both_nonempty_differ	٥	٣
11	line_cell_r0_c4	both_nonempty_differ	١	✓
11	line_cell_r0_c5	agree_nonempty	١	١
11	line_cell_r0_c6	both_nonempty_differ	٦	١
11	line_cell_r0_c7	both_nonempty_differ	١	٢
11	line_cell_r0_c8	agree_nonempty	١	١
11	line_cell_r0_c9	both_nonempty_differ	٣	١
11	line_cell_r10_c0	agree_nonempty	✓	✓
11	line_cell_r10_c1	agree_nonempty	١	١
11	line_cell_r10_c10	both_nonempty_differ	"	١
11	line_cell_r10_c11	both_nonempty_differ	..	.
11	line_cell_r10_c12	both_nonempty_differ	–	-
11	line_cell_r10_c13	both_nonempty_differ	٤	٠٦
11	line_cell_r10_c14	both_nonempty_differ	–	-
11	line_cell_r10_c15	agree_nonempty	–	–
11	line_cell_r10_c16	both_nonempty_differ	–	٠
11	line_cell_r10_c17	agree_nonempty	–	–
11	line_cell_r10_c18	agree_nonempty	–	–
11	line_cell_r10_c2	both_nonempty_differ	"	..
11	line_cell_r10_c3	both_nonempty_differ	٥	٠
11	line_cell_r10_c4	both_nonempty_differ	✓	١
11	line_cell_r10_c5	both_nonempty_differ	-	..
11	line_cell_r10_c6	both_nonempty_differ	١	"
11	line_cell_r10_c7	both_nonempty_differ	"	.
11	line_cell_r10_c8	agree_nonempty	١	١
11	line_cell_r10_c9	both_nonempty_differ	١	..
11	line_cell_r11_c0	both_nonempty_differ	"	١
11	line_cell_r11_c1	agree_nonempty	"	"
11	line_cell_r11_c10	both_nonempty_differ	-	.
11	line_cell_r11_c11	agree_nonempty	..	..
11	line_cell_r11_c12	both_nonempty_differ	٠	..
11	line_cell_r11_c13	agree_nonempty	_	_
11	line_cell_r11_c14	agree_nonempty	١٣	١٣
11	line_cell_r11_c15	agree_nonempty	٠	٠
11	line_cell_r11_c16	both_nonempty_differ	٣	..
11	line_cell_r11_c17	agree_nonempty	–	–
11	line_cell_r11_c18	both_nonempty_differ	٠٧٢	٠٣٠
11	line_cell_r11_c2	both_nonempty_differ	"	١
11	line_cell_r11_c3	both_nonempty_differ	"	..
11	line_cell_r11_c4	agree_nonempty	١	١
11	line_cell_r11_c5	both_nonempty_differ	٠	١
11	line_cell_r11_c6	agree_nonempty	"	"
11	line_cell_r11_c7	agree_nonempty	١	١
11	line_cell_r11_c8	agree_nonempty	١٦	١٦
11	line_cell_r11_c9	agree_nonempty	٠	٠
11	line_cell_r12_c0	agree_nonempty	"	"
11	line_cell_r12_c1	both_nonempty_differ	٤/	٩
11	line_cell_r12_c10	old_empty_new_nonempty		✓
11	line_cell_r12_c11	agree_nonempty	١	١
11	line_cell_r12_c12	both_nonempty_differ	١٦	✓
11	line_cell_r12_c13	agree_nonempty	٠٢٤	٠٢٤
11	line_cell_r12_c14	both_nonempty_differ	٧	✓
11	line_cell_r12_c15	agree_nonempty	٠	٠
11	line_cell_r12_c16	old_empty_new_nonempty		٤
11	line_cell_r12_c17	both_nonempty_differ	"	✓
11	line_cell_r12_c18	agree_nonempty	٠٢٤	٠٢٤
11	line_cell_r12_c2	agree_nonempty	"	"
11	line_cell_r12_c3	agree_nonempty	"	"
11	line_cell_r12_c4	both_nonempty_differ	١	١٦
11	line_cell_r12_c5	agree_nonempty	١	١
11	line_cell_r12_c6	both_nonempty_differ	٨	"
11	line_cell_r12_c7	agree_nonempty	✓	✓
11	line_cell_r12_c8	both_nonempty_differ	١٣	١
11	line_cell_r12_c9	agree_nonempty	٣	٣
11	line_cell_r13_c0	both_nonempty_differ	״	_
11	line_cell_r13_c1	agree_nonempty	"	"
11	line_cell_r13_c10	agree_nonempty	✓	✓
11	line_cell_r13_c11	both_nonempty_differ	_	..
11	line_cell_r13_c12	agree_nonempty	✓	✓
11	line_cell_r13_c13	both_nonempty_differ	✓	-
11	line_cell_r13_c14	agree_nonempty	✓	✓
11	line_cell_r13_c15	both_nonempty_differ	٩٤	.
11	line_cell_r13_c16	both_nonempty_differ	-	٤
11	line_cell_r13_c17	agree_nonempty	✓	✓
11	line_cell_r13_c18	both_nonempty_differ	٠٧٢	٠٠٠
11	line_cell_r13_c2	agree_nonempty	✓	✓
11	line_cell_r13_c3	agree_nonempty	٣	٣
11	line_cell_r13_c4	both_nonempty_differ	"	..
11	line_cell_r13_c5	both_nonempty_differ	"	..
11	line_cell_r13_c6	both_nonempty_differ	٠	"
11	line_cell_r13_c7	both_nonempty_differ	"	١
11	line_cell_r13_c8	old_empty_new_nonempty		✓
11	line_cell_r13_c9	both_nonempty_differ	٣	..
11	line_cell_r14_c0	both_nonempty_differ	..	٠
11	line_cell_r14_c1	both_nonempty_differ	"	..
11	line_cell_r14_c10	both_nonempty_differ	٦	١
11	line_cell_r14_c11	agree_nonempty	٠	٠
11	line_cell_r14_c12	both_nonempty_differ	"	_
11	line_cell_r14_c13	agree_nonempty	..	..
11	line_cell_r14_c14	agree_nonempty	✓	✓
11	line_cell_r14_c15	both_nonempty_differ	٩٤	٠
11	line_cell_r14_c16	both_nonempty_differ	٩٤	..
11	line_cell_r14_c17	agree_nonempty	١	١
11	line_cell_r14_c18	agree_nonempty	٠٩٦	٠٩٦
11	line_cell_r14_c2	agree_nonempty	"	"
11	line_cell_r14_c3	both_nonempty_differ	-	_
11	line_cell_r14_c4	both_nonempty_differ	"	١
11	line_cell_r14_c5	both_nonempty_differ	٣	..
11	line_cell_r14_c6	both_nonempty_differ	٣	١
11	line_cell_r14_c7	both_nonempty_differ	٨	١
11	line_cell_r14_c8	agree_nonempty	✓	✓
11	line_cell_r14_c9	agree_nonempty	٢٥	٢٥
11	line_cell_r15_c0	both_nonempty_differ	-	–
11	line_cell_r15_c1	both_nonempty_differ	٤, ٤٧	٤٧
11	line_cell_r15_c10	both_nonempty_differ	–	-
11	line_cell_r15_c11	both_nonempty_differ	١	"
11	line_cell_r15_c12	agree_nonempty	–	–
11	line_cell_r15_c13	both_nonempty_differ	–	٠
11	line_cell_r15_c14	agree_nonempty	–	–
11	line_cell_r15_c15	agree_nonempty	–	–
11	line_cell_r15_c16	agree_nonempty	–	–
11	line_cell_r15_c17	agree_nonempty	–	–
11	line_cell_r15_c18	both_nonempty_differ	"	–
11	line_cell_r15_c2	agree_nonempty	"	"
11	line_cell_r15_c3	agree_nonempty	..	..
11	line_cell_r15_c4	both_nonempty_differ	٢	"
11	line_cell_r15_c5	agree_nonempty	٠	٠
11	line_cell_r15_c6	both_nonempty_differ	"	١
11	line_cell_r15_c7	both_nonempty_differ	٩	٤
11	line_cell_r15_c8	both_nonempty_differ	"	١٣
11	line_cell_r15_c9	both_nonempty_differ	_	٠
11	line_cell_r1_c0	agree_nonempty	٣	٣
11	line_cell_r1_c1	agree_nonempty	١	١
11	line_cell_r1_c10	agree_nonempty	٥	٥
11	line_cell_r1_c11	both_nonempty_differ	٥	٠
11	line_cell_r1_c12	both_nonempty_differ	٧	✓
11	line_cell_r1_c13	agree_nonempty	_	_
11	line_cell_r1_c14	both_nonempty_differ	١٦	✓
11	line_cell_r1_c15	both_nonempty_differ	٤	.
11	line_cell_r1_c16	both_nonempty_differ	_	..
11	line_cell_r1_c17	both_nonempty_differ	–	✓
11	line_cell_r1_c18	both_nonempty_differ	..	٠
11	line_cell_r1_c2	both_nonempty_differ	٤١٤٣	٤١٣٣
11	line_cell_r1_c3	both_nonempty_differ	١٦	٠
11	line_cell_r1_c4	both_nonempty_differ	١٤٤	١٤
11	line_cell_r1_c5	both_nonempty_differ	٢٠,	٠٠٠
11	line_cell_r1_c6	agree_nonempty	✓	✓
11	line_cell_r1_c7	agree_nonempty	"	"
11	line_cell_r1_c8	agree_nonempty	✓	✓
11	line_cell_r1_c9	agree_nonempty	..	..
11	line_cell_r2_c0	agree_nonempty	٤	٤
11	line_cell_r2_c1	both_nonempty_differ	١	"
11	line_cell_r2_c10	agree_nonempty	–	–
11	line_cell_r2_c11	both_nonempty_differ	-	٠
11	line_cell_r2_c12	both_nonempty_differ	–	٠
11	line_cell_r2_c13	agree_nonempty	٠١٢	٠١٢
11	line_cell_r2_c14	both_nonempty_differ	_	.
11	line_cell_r2_c15	both_nonempty_differ	✓	٠
11	line_cell_r2_c16	agree_nonempty	_	_
11	line_cell_r2_c17	both_nonempty_differ	–	-
11	line_cell_r2_c18	both_nonempty_differ	نظ٩٠	٠
11	line_cell_r2_c2	both_nonempty_differ	"	✓
11	line_cell_r2_c3	both_nonempty_differ	٥٠	٣
11	line_cell_r2_c4	both_nonempty_differ	١	٠
11	line_cell_r2_c5	both_nonempty_differ	١,٨٧٠	١٠
11	line_cell_r2_c6	agree_nonempty	✓"	✓"
11	line_cell_r2_c7	agree_nonempty	١	١
11	line_cell_r2_c8	agree_nonempty	✓	✓
11	line_cell_r2_c9	both_nonempty_differ	١	٠
11	line_cell_r3_c0	both_nonempty_differ	١	✓
11	line_cell_r3_c1	both_nonempty_differ	٩٤	٩٤٠
11	line_cell_r3_c10	agree_nonempty	✓	✓
11	line_cell_r3_c11	both_nonempty_differ	٩	..
11	line_cell_r3_c12	both_nonempty_differ	١٦	١
11	line_cell_r3_c13	both_nonempty_differ	١٢	٠١٢
11	line_cell_r3_c14	agree_nonempty	✓	✓
11	line_cell_r3_c15	both_nonempty_differ	٤	٠
11	line_cell_r3_c16	both_nonempty_differ	–	٠
11	line_cell_r3_c17	agree_nonempty	–	–
11	line_cell_r3_c18	both_nonempty_differ	٠٠١٢	٠٠٠
11	line_cell_r3_c2	agree_nonempty	✓	✓
11	line_cell_r3_c3	agree_nonempty	٣	٣
11	line_cell_r3_c4	agree_nonempty	١	١
11	line_cell_r3_c5	both_nonempty_differ	٣	..
11	line_cell_r3_c6	both_nonempty_differ	٨	١
11	line_cell_r3_c7	both_nonempty_differ	"	١
11	line_cell_r3_c8	agree_nonempty	✓	✓
11	line_cell_r3_c9	both_nonempty_differ	٥	١
11	line_cell_r4_c0	both_nonempty_differ	١	✓
11	line_cell_r4_c1	agree_nonempty	٩٤١	٩٤١
11	line_cell_r4_c10	agree_nonempty	–	–
11	line_cell_r4_c11	both_nonempty_differ	✓	..
11	line_cell_r4_c12	agree_nonempty	✓	✓
11	line_cell_r4_c13	both_nonempty_differ	٠١٢	٠٣٢
11	line_cell_r4_c14	agree_nonempty	١٦	١٦
11	line_cell_r4_c15	both_nonempty_differ	٩٤٠	١٠
11	line_cell_r4_c16	agree_nonempty	..	..
11	line_cell_r4_c17	both_nonempty_differ	✓	١
11	line_cell_r4_c18	both_nonempty_differ	٠١٢	٠٣٢
11	line_cell_r4_c2	agree_nonempty	١	١
11	line_cell_r4_c3	both_nonempty_differ	بيع	٣
11	line_cell_r4_c4	both_nonempty_differ	–	✓
11	line_cell_r4_c5	agree_nonempty	١	١
11	line_cell_r4_c6	both_nonempty_differ	٨	١
11	line_cell_r4_c7	both_nonempty_differ	"	.
11	line_cell_r4_c8	agree_nonempty	١	١
11	line_cell_r4_c9	both_nonempty_differ	٢	..
11	line_cell_r5_c0	both_nonempty_differ	٤	١
11	line_cell_r5_c1	agree_nonempty	"	"
11	line_cell_r5_c10	agree_nonempty	✓	✓
11	line_cell_r5_c11	agree_nonempty	١	١
11	line_cell_r5_c12	both_nonempty_differ	_	–
11	line_cell_r5_c13	both_nonempty_differ	"	١
11	line_cell_r5_c14	agree_nonempty	–	–
11	line_cell_r5_c15	agree_nonempty	٠	٠
11	line_cell_r5_c16	both_nonempty_differ	_	–
11	line_cell_r5_c17	agree_nonempty	١	١
11	line_cell_r5_c18	both_nonempty_differ	٤	٠٦
11	line_cell_r5_c2	agree_nonempty	✓	✓
11	line_cell_r5_c3	agree_nonempty	٠	٠
11	line_cell_r5_c4	agree_nonempty	٥	٥
11	line_cell_r5_c5	both_nonempty_differ	٥	"
11	line_cell_r5_c6	both_nonempty_differ	٥	"
11	line_cell_r5_c7	agree_nonempty	✓	✓
11	line_cell_r5_c8	both_nonempty_differ	-	✓
11	line_cell_r5_c9	both_nonempty_differ	✓	..
11	line_cell_r6_c0	agree_nonempty	"	"
11	line_cell_r6_c1	both_nonempty_differ	١	"
11	line_cell_r6_c10	both_nonempty_differ	"	✓
11	line_cell_r6_c11	both_nonempty_differ	٥	"
11	line_cell_r6_c12	both_nonempty_differ	-	–
11	line_cell_r6_c13	agree_nonempty	–	–
11	line_cell_r6_c14	agree_nonempty	–	–
11	line_cell_r6_c15	agree_nonempty	–	–
11	line_cell_r6_c16	agree_nonempty	–	–
11	line_cell_r6_c17	both_nonempty_differ	–	-
11	line_cell_r6_c18	both_nonempty_differ	–	٠
11	line_cell_r6_c2	agree_nonempty	✓	✓
11	line_cell_r6_c3	both_nonempty_differ	٥	٣
11	line_cell_r6_c4	both_nonempty_differ	١٣	✓
11	line_cell_r6_c5	both_nonempty_differ	٠	٤
11	line_cell_r6_c6	both_nonempty_differ	٤	١
11	line_cell_r6_c7	both_nonempty_differ	✓	١
11	line_cell_r6_c8	both_nonempty_differ	١٦	١
11	line_cell_r6_c9	both_nonempty_differ	٥	"
11	line_cell_r7_c0	agree_nonempty	١	١
11	line_cell_r7_c1	both_nonempty_differ	٤ ٤	٤
11	line_cell_r7_c10	both_nonempty_differ	"	١
11	line_cell_r7_c11	agree_nonempty	٣	٣
11	line_cell_r7_c12	agree_nonempty	✓	✓
11	line_cell_r7_c13	agree_nonempty	٠٣٢	٠٣٢
11	line_cell_r7_c14	both_nonempty_differ	"	١
11	line_cell_r7_c15	both_nonempty_differ	-	–
11	line_cell_r7_c16	agree_nonempty	٣	٣
11	line_cell_r7_c17	agree_nonempty	✓	✓
11	line_cell_r7_c18	agree_nonempty	٠٣٢	٠٣٢
11	line_cell_r7_c2	both_nonempty_differ	✓	"
11	line_cell_r7_c3	both_nonempty_differ	٣	"
11	line_cell_r7_c4	agree_nonempty	✓	✓
11	line_cell_r7_c5	agree_nonempty	٣	٣
11	line_cell_r7_c6	agree_nonempty	٤	٤
11	line_cell_r7_c7	agree_nonempty	✓	✓
11	line_cell_r7_c8	both_nonempty_differ	١٦	١
11	line_cell_r7_c9	both_nonempty_differ	٣	..
11	line_cell_r8_c0	agree_nonempty	٤	٤
11	line_cell_r8_c1	both_nonempty_differ	٣	١٤
11	line_cell_r8_c10	agree_nonempty	١	١
11	line_cell_r8_c11	both_nonempty_differ	٩	٨
11	line_cell_r8_c12	both_nonempty_differ	"	✓
11	line_cell_r8_c13	both_nonempty_differ	٠	٠٤
11	line_cell_r8_c14	agree_nonempty	✓	✓
11	line_cell_r8_c15	agree_nonempty	٠	٠
11	line_cell_r8_c16	both_nonempty_differ	٤	-
11	line_cell_r8_c17	both_nonempty_differ	٣	-
11	line_cell_r8_c18	both_nonempty_differ	٤٤	٠٠٠
11	line_cell_r8_c2	agree_nonempty	١	١
11	line_cell_r8_c3	both_nonempty_differ	٠	١
11	line_cell_r8_c4	agree_nonempty	١٦	١٦
11	line_cell_r8_c5	both_nonempty_differ	٠,	٠
11	line_cell_r8_c6	both_nonempty_differ	٨	١
11	line_cell_r8_c7	both_nonempty_differ	"	١
11	line_cell_r8_c8	both_nonempty_differ	✓	..
11	line_cell_r8_c9	both_nonempty_differ	٣	"
11	line_cell_r9_c0	both_nonempty_differ	٤	١
11	line_cell_r9_c1	agree_nonempty	"	"
11	line_cell_r9_c10	both_nonempty_differ	١	..
11	line_cell_r9_c11	both_nonempty_differ	_	..
11	line_cell_r9_c12	both_nonempty_differ	٦	..
11	line_cell_r9_c13	agree_nonempty	٠	٠
11	line_cell_r9_c14	both_nonempty_differ	"	✓
11	line_cell_r9_c15	both_nonempty_differ	٠	.
11	line_cell_r9_c16	both_nonempty_differ	_	..
11	line_cell_r9_c17	agree_nonempty	–	–
11	line_cell_r9_c18	both_nonempty_differ	٠٥٢	٢
11	line_cell_r9_c2	both_nonempty_differ	"	..
11	line_cell_r9_c3	both_nonempty_differ	١	٢٧
11	line_cell_r9_c4	agree_nonempty	✓	✓
11	line_cell_r9_c5	agree_nonempty	٤	٤
11	line_cell_r9_c6	both_nonempty_differ	ضريبة حرب	T.D.L
11	line_cell_r9_c7	both_nonempty_differ	"	..
11	line_cell_r9_c8	agree_nonempty	"	"
11	line_cell_r9_c9	both_nonempty_differ	_	..
11	line_taxpayer_index	both_nonempty_differ	تسل	١
11	line_taxpayer_name	both_nonempty_differ	تس ال	ال
12	line_cell_r0_c0	agree_nonempty	٤	٤
12	line_cell_r0_c1	agree_nonempty	٩٣٨	٩٣٨
12	line_cell_r0_c10	both_nonempty_differ	✓	✓-
12	line_cell_r0_c11	agree_nonempty	-	-
12	line_cell_r0_c12	agree_nonempty	١٦	١٦
12	line_cell_r0_c13	both_nonempty_differ	١٦	١٠
12	line_cell_r0_c14	both_nonempty_differ	٣	✓
12	line_cell_r0_c15	both_nonempty_differ	_	..
12	line_cell_r0_c16	both_nonempty_differ	_	..
12	line_cell_r0_c17	both_nonempty_differ	١٦	١
12	line_cell_r0_c18	both_nonempty_differ	٠٥٦	٠٦٠
12	line_cell_r0_c2	both_nonempty_differ	٤١٣٩	٤١٤٦
12	line_cell_r0_c3	both_nonempty_differ	٥٥	٥
12	line_cell_r0_c4	both_nonempty_differ	١٣	١٢
12	line_cell_r0_c5	both_nonempty_differ	٠٣٦	٠,١٦
12	line_cell_r0_c6	agree_nonempty	تع	تع
12	line_cell_r0_c7	agree_nonempty	"	"
12	line_cell_r0_c8	agree_nonempty	✓	✓
12	line_cell_r0_c9	both_nonempty_differ	١٨	٠
12	line_cell_r10_c0	agree_nonempty	١	١
12	line_cell_r10_c1	agree_nonempty	"	"
12	line_cell_r10_c10	agree_nonempty	✓	✓
12	line_cell_r10_c11	agree_nonempty	٠٤١	٠٤١
12	line_cell_r10_c12	both_nonempty_differ	✓	١
12	line_cell_r10_c13	both_nonempty_differ	٣	..
12	line_cell_r10_c14	both_nonempty_differ	٧	✓
12	line_cell_r10_c15	both_nonempty_differ	٠	..
12	line_cell_r10_c16	agree_nonempty	٣	٣
12	line_cell_r10_c17	agree_nonempty	٥	٥
12	line_cell_r10_c18	agree_nonempty	٠	٠
12	line_cell_r10_c2	agree_nonempty	"	"
12	line_cell_r10_c3	agree_nonempty	٤١	٤١
12	line_cell_r10_c4	agree_nonempty	١٠	١٠
12	line_cell_r10_c5	both_nonempty_differ	٤,٢٦١	٢,٤١
12	line_cell_r10_c6	agree_nonempty	"	"
12	line_cell_r10_c7	agree_nonempty	"	"
12	line_cell_r10_c8	agree_nonempty	✓	✓
12	line_cell_r10_c9	agree_nonempty	٠٥٤	٠٥٤
12	line_cell_r11_c0	agree_nonempty	١٢	١٢
12	line_cell_r11_c1	agree_nonempty	"	"
12	line_cell_r11_c10	agree_nonempty	✓	✓
12	line_cell_r11_c11	agree_nonempty	٠٦٢	٠٦٢
12	line_cell_r11_c12	agree_nonempty	✓	✓
12	line_cell_r11_c13	agree_nonempty	_	_
12	line_cell_r11_c14	old_empty_new_nonempty		✓
12	line_cell_r11_c15	both_nonempty_differ	...	..
12	line_cell_r11_c16	both_nonempty_differ	٣	..
12	line_cell_r11_c17	both_nonempty_differ	✓	١
12	line_cell_r11_c18	both_nonempty_differ	ن	٠
12	line_cell_r11_c2	agree_nonempty	"	"
12	line_cell_r11_c3	agree_nonempty	٥	٥
12	line_cell_r11_c4	agree_nonempty	١٠	١٠
12	line_cell_r11_c5	both_nonempty_differ	٣،٤٦٢	٣،٢
12	line_cell_r11_c6	agree_nonempty	"	"
12	line_cell_r11_c7	both_nonempty_differ	"	١
12	line_cell_r11_c8	agree_nonempty	"	"
12	line_cell_r11_c9	both_nonempty_differ	٠٧٢	٠٣٢
12	line_cell_r12_c0	agree_nonempty	١٣	١٣
12	line_cell_r12_c1	agree_nonempty	"	"
12	line_cell_r12_c10	agree_nonempty	✓	✓
12	line_cell_r12_c11	both_nonempty_differ	٤	٣
12	line_cell_r12_c12	agree_nonempty	١٣	١٣
12	line_cell_r12_c13	agree_nonempty	_	_
12	line_cell_r12_c14	agree_nonempty	✓	✓
12	line_cell_r12_c15	agree_nonempty	..	..
12	line_cell_r12_c16	both_nonempty_differ	"	..
12	line_cell_r12_c17	both_nonempty_differ	"	١٦
12	line_cell_r12_c18	both_nonempty_differ	١٠	٠
12	line_cell_r12_c2	agree_nonempty	"	"
12	line_cell_r12_c3	agree_nonempty	٤	٤
12	line_cell_r12_c4	agree_nonempty	١٠	١٠
12	line_cell_r12_c5	both_nonempty_differ	٢,٠٢٩	٢,٩
12	line_cell_r12_c6	agree_nonempty	"	"
12	line_cell_r12_c7	agree_nonempty	١	١
12	line_cell_r12_c8	agree_nonempty	✓	✓
12	line_cell_r12_c9	agree_nonempty	٥٤	٥٤
12	line_cell_r13_c0	agree_nonempty	١٤	١٤
12	line_cell_r13_c1	agree_nonempty	"	"
12	line_cell_r13_c10	agree_nonempty	-	-
12	line_cell_r13_c11	agree_nonempty	-	-
12	line_cell_r13_c12	both_nonempty_differ	١	✓
12	line_cell_r13_c13	both_nonempty_differ	...	..
12	line_cell_r13_c14	both_nonempty_differ	٧	✓
12	line_cell_r13_c15	agree_nonempty	..	..
12	line_cell_r13_c16	both_nonempty_differ	٠	..
12	line_cell_r13_c17	agree_nonempty	١	١
12	line_cell_r13_c18	both_nonempty_differ	-	٠
12	line_cell_r13_c2	agree_nonempty	"	"
12	line_cell_r13_c3	agree_nonempty	٩٠	٩٠
12	line_cell_r13_c4	both_nonempty_differ	١٢	١٦
12	line_cell_r13_c5	agree_nonempty	٠	٠
12	line_cell_r13_c6	agree_nonempty	✓"	✓"
12	line_cell_r13_c7	agree_nonempty	"	"
12	line_cell_r13_c8	agree_nonempty	✓	✓
12	line_cell_r13_c9	both_nonempty_differ	٠٠٠	..
12	line_cell_r14_c0	agree_nonempty	١٥	١٥
12	line_cell_r14_c1	agree_nonempty	"	"
12	line_cell_r14_c10	agree_nonempty	-	-
12	line_cell_r14_c11	agree_nonempty	-	-
12	line_cell_r14_c12	both_nonempty_differ	"	١
12	line_cell_r14_c13	both_nonempty_differ	٠٠	٠
12	line_cell_r14_c14	both_nonempty_differ	١٦	١
12	line_cell_r14_c15	both_nonempty_differ	_	٠
12	line_cell_r14_c16	both_nonempty_differ	٣	..
12	line_cell_r14_c17	agree_nonempty	✓	✓
12	line_cell_r14_c18	both_nonempty_differ	_	٠
12	line_cell_r14_c2	agree_nonempty	١	١
12	line_cell_r14_c3	agree_nonempty	١٩	١٩
12	line_cell_r14_c4	agree_nonempty	١٤٤	١٤٤
12	line_cell_r14_c5	both_nonempty_differ	١,٥٣٢	١٢
12	line_cell_r14_c6	agree_nonempty	"	"
12	line_cell_r14_c7	both_nonempty_differ	٣٣	٣
12	line_cell_r14_c8	agree_nonempty	✓	✓
12	line_cell_r14_c9	both_nonempty_differ	..	٠٠٠
12	line_cell_r15_c0	agree_nonempty	٦	٦
12	line_cell_r15_c1	both_nonempty_differ	٣	١
12	line_cell_r15_c10	agree_nonempty	-	-
12	line_cell_r15_c11	agree_nonempty	-	-
12	line_cell_r15_c12	both_nonempty_differ	٤	✓
12	line_cell_r15_c13	both_nonempty_differ	٠	..
12	line_cell_r15_c14	old_empty_new_nonempty		✓
12	line_cell_r15_c15	agree_nonempty	٠	٠
12	line_cell_r15_c16	both_nonempty_differ	"	..
12	line_cell_r15_c17	agree_nonempty	✓	✓
12	line_cell_r15_c18	both_nonempty_differ	..	.
12	line_cell_r15_c2	agree_nonempty	✓	✓
12	line_cell_r15_c3	agree_nonempty	٣	٣
12	line_cell_r15_c4	agree_nonempty	١٦	١٦
12	line_cell_r15_c5	both_nonempty_differ	٢،٢٩٩	٢,٩
12	line_cell_r15_c6	both_nonempty_differ	٤	١
12	line_cell_r15_c7	both_nonempty_differ	"	١
12	line_cell_r15_c8	agree_nonempty	✓	✓
12	line_cell_r15_c9	both_nonempty_differ	...	..
12	line_cell_r16_c0	agree_nonempty	١٧	١٧
12	line_cell_r16_c1	agree_nonempty	"	"
12	line_cell_r16_c10	agree_nonempty	✓	✓
12	line_cell_r16_c11	both_nonempty_differ	٠٠٦	٠٦
12	line_cell_r16_c12	old_empty_new_nonempty		✓
12	line_cell_r16_c13	both_nonempty_differ	..	.
12	line_cell_r16_c14	both_nonempty_differ	-	✓
12	line_cell_r16_c15	both_nonempty_differ	.	٠
12	line_cell_r16_c16	agree_nonempty	"	"
12	line_cell_r16_c17	agree_nonempty	✓	✓
12	line_cell_r16_c18	both_nonempty_differ	٤	..
12	line_cell_r16_c2	both_nonempty_differ	١	"
12	line_cell_r16_c3	agree_nonempty	٢٦	٢٦
12	line_cell_r16_c4	agree_nonempty	١٣	١٣
12	line_cell_r16_c5	both_nonempty_differ	٦	"
12	line_cell_r16_c6	both_nonempty_differ	"	✓"
12	line_cell_r16_c7	both_nonempty_differ	١	٠
12	line_cell_r16_c8	agree_nonempty	٣	٣
12	line_cell_r16_c9	agree_nonempty	٠٠٨	٠٠٨
12	line_cell_r17_c0	both_nonempty_differ	١	T.D.L
12	line_cell_r17_c1	both_nonempty_differ	"	١
12	line_cell_r17_c10	agree_nonempty	-	-
12	line_cell_r17_c11	agree_nonempty	-	-
12	line_cell_r17_c12	both_nonempty_differ	"	_
12	line_cell_r17_c13	both_nonempty_differ	_	..
12	line_cell_r17_c14	agree_nonempty	✓	✓
12	line_cell_r17_c15	agree_nonempty	٤	٤
12	line_cell_r17_c16	agree_nonempty	"	"
12	line_cell_r17_c17	agree_nonempty	✓	✓
12	line_cell_r17_c18	both_nonempty_differ	٠	.
12	line_cell_r17_c2	agree_nonempty	"	"
12	line_cell_r17_c3	both_nonempty_differ	٤	٣
12	line_cell_r17_c4	agree_nonempty	١	١
12	line_cell_r17_c5	both_nonempty_differ	١,١١٢	١,١٢
12	line_cell_r17_c6	both_nonempty_differ	"	..
12	line_cell_r17_c7	both_nonempty_differ	"	_
12	line_cell_r17_c8	agree_nonempty	✓	✓
12	line_cell_r17_c9	both_nonempty_differ	...	..
12	line_cell_r18_c0	both_nonempty_differ	٠	٣
12	line_cell_r18_c1	agree_nonempty	"	"
12	line_cell_r18_c10	agree_nonempty	-	-
12	line_cell_r18_c11	agree_nonempty	-	-
12	line_cell_r18_c12	old_empty_new_nonempty		✓
12	line_cell_r18_c13	both_nonempty_differ	_	..
12	line_cell_r18_c14	both_nonempty_differ	١٣	١
12	line_cell_r18_c15	both_nonempty_differ	..	.
12	line_cell_r18_c16	both_nonempty_differ	-	..
12	line_cell_r18_c17	old_empty_new_nonempty		✓
12	line_cell_r18_c18	both_nonempty_differ	ان	.
12	line_cell_r18_c2	both_nonempty_differ	٤١٤٣	٤١٣٣
12	line_cell_r18_c3	agree_nonempty	٧	٧
12	line_cell_r18_c4	both_nonempty_differ	١٤٤	١٤
12	line_cell_r18_c5	both_nonempty_differ	٤،٠٤٣	٤،٣
12	line_cell_r18_c6	agree_nonempty	"	"
12	line_cell_r18_c7	agree_nonempty	٣٤	٣٤
12	line_cell_r18_c8	agree_nonempty	✓	✓
12	line_cell_r18_c9	agree_nonempty	٠٠٠	٠٠٠
12	line_cell_r19_c0	both_nonempty_differ	٢	٢٠
12	line_cell_r19_c1	agree_nonempty	"	"
12	line_cell_r19_c10	both_nonempty_differ	-	_
12	line_cell_r19_c11	agree_nonempty	-	-
12	line_cell_r19_c12	both_nonempty_differ	✓	١
12	line_cell_r19_c13	both_nonempty_differ	✓	_
12	line_cell_r19_c14	agree_nonempty	✓	✓
12	line_cell_r19_c15	both_nonempty_differ	..	٠
12	line_cell_r19_c16	both_nonempty_differ	١	"
12	line_cell_r19_c17	agree_nonempty	٥	٥
12	line_cell_r19_c18	agree_nonempty	..	..
12	line_cell_r19_c2	both_nonempty_differ	٤١٤٤	٤١٤
12	line_cell_r19_c3	agree_nonempty	٢٧	٢٧
12	line_cell_r19_c4	agree_nonempty	١٦	١٦
12	line_cell_r19_c5	both_nonempty_differ	-	٢
12	line_cell_r19_c6	both_nonempty_differ	"	١
12	line_cell_r19_c7	both_nonempty_differ	"	..
12	line_cell_r19_c8	agree_nonempty	✓	✓
12	line_cell_r19_c9	agree_nonempty	..	..
12	line_cell_r1_c0	agree_nonempty	٢	٢
12	line_cell_r1_c1	agree_nonempty	"	"
12	line_cell_r1_c10	agree_nonempty	-	-
12	line_cell_r1_c11	agree_nonempty	-	-
12	line_cell_r1_c12	both_nonempty_differ	٧	✓
12	line_cell_r1_c13	both_nonempty_differ	"	..
12	line_cell_r1_c14	agree_nonempty	٥	٥
12	line_cell_r1_c15	agree_nonempty	..	..
12	line_cell_r1_c16	both_nonempty_differ	_	..
12	line_cell_r1_c17	agree_nonempty	✓	✓
12	line_cell_r1_c18	agree_nonempty	..	..
12	line_cell_r1_c2	agree_nonempty	٤١٤٤	٤١٤٤
12	line_cell_r1_c3	agree_nonempty	٩	٩
12	line_cell_r1_c4	agree_nonempty	١٦	١٦
12	line_cell_r1_c5	both_nonempty_differ	٣,٤٠٨	٣,٠٨
12	line_cell_r1_c6	agree_nonempty	✓"	✓"
12	line_cell_r1_c7	agree_nonempty	"	"
12	line_cell_r1_c8	agree_nonempty	✓	✓
12	line_cell_r1_c9	agree_nonempty	..	..
12	line_cell_r20_c0	both_nonempty_differ	١	٢
12	line_cell_r20_c1	agree_nonempty	"	"
12	line_cell_r20_c10	agree_nonempty	-	-
12	line_cell_r20_c11	agree_nonempty	-	-
12	line_cell_r20_c12	both_nonempty_differ	"	✓
12	line_cell_r20_c13	both_nonempty_differ	_	..
12	line_cell_r20_c14	agree_nonempty	✓	✓
12	line_cell_r20_c15	both_nonempty_differ	ن	..
12	line_cell_r20_c16	agree_nonempty	"	"
12	line_cell_r20_c17	agree_nonempty	✓	✓
12	line_cell_r20_c18	both_nonempty_differ	..	٠
12	line_cell_r20_c2	agree_nonempty	"	"
12	line_cell_r20_c3	agree_nonempty	٣٢	٣٢
12	line_cell_r20_c4	agree_nonempty	١٦	١٦
12	line_cell_r20_c5	both_nonempty_differ	-	١٠
12	line_cell_r20_c6	both_nonempty_differ	"	✓"
12	line_cell_r20_c7	agree_nonempty	"	"
12	line_cell_r20_c8	agree_nonempty	✓	✓
12	line_cell_r20_c9	agree_nonempty	..	..
12	line_cell_r21_c0	both_nonempty_differ	٢	٢٢
12	line_cell_r21_c1	agree_nonempty	"	"
12	line_cell_r21_c10	agree_nonempty	-	-
12	line_cell_r21_c11	both_nonempty_differ	-	..
12	line_cell_r21_c12	agree_nonempty	١٦	١٦
12	line_cell_r21_c13	agree_nonempty	_	_
12	line_cell_r21_c14	agree_nonempty	✓	✓
12	line_cell_r21_c15	both_nonempty_differ	_	.
12	line_cell_r21_c16	both_nonempty_differ	٤	_
12	line_cell_r21_c17	both_nonempty_differ	١	✓
12	line_cell_r21_c18	both_nonempty_differ	_	٠
12	line_cell_r21_c2	agree_nonempty	"	"
12	line_cell_r21_c3	both_nonempty_differ	٩	٤
12	line_cell_r21_c4	both_nonempty_differ	١٤٤	١٤
12	line_cell_r21_c5	both_nonempty_differ	٣,٠٧٣	٣,٠٣
12	line_cell_r21_c6	both_nonempty_differ	✓"	"
12	line_cell_r21_c7	agree_nonempty	٣٥	٣٥
12	line_cell_r21_c8	agree_nonempty	✓	✓
12	line_cell_r21_c9	both_nonempty_differ	.	..
12	line_cell_r22_c0	both_nonempty_differ	٢	٢٣
12	line_cell_r22_c1	agree_nonempty	"	"
12	line_cell_r22_c10	agree_nonempty	-	-
12	line_cell_r22_c11	agree_nonempty	-	-
12	line_cell_r22_c12	agree_nonempty	✓	✓
12	line_cell_r22_c13	both_nonempty_differ	_	..
12	line_cell_r22_c14	agree_nonempty	٥	٥
12	line_cell_r22_c15	both_nonempty_differ	_	..
12	line_cell_r22_c16	both_nonempty_differ	٤	.
12	line_cell_r22_c17	agree_nonempty	✓	✓
12	line_cell_r22_c18	agree_nonempty	..	..
12	line_cell_r22_c2	agree_nonempty	"	"
12	line_cell_r22_c3	both_nonempty_differ	٠٧٠	٧٠
12	line_cell_r22_c4	agree_nonempty	١٤	١٤
12	line_cell_r22_c5	both_nonempty_differ	٥, ٧	٢,٥
12	line_cell_r22_c6	agree_nonempty	✓"	✓"
12	line_cell_r22_c7	agree_nonempty	٣٦	٣٦
12	line_cell_r22_c8	agree_nonempty	✓	✓
12	line_cell_r22_c9	agree_nonempty	..	..
12	line_cell_r23_c0	both_nonempty_differ	٢	٢٤
12	line_cell_r23_c1	agree_nonempty	"	"
12	line_cell_r23_c10	agree_nonempty	✓	✓
12	line_cell_r23_c11	agree_nonempty	٠٢٦	٠٢٦
12	line_cell_r23_c12	both_nonempty_differ	–	✓
12	line_cell_r23_c13	both_nonempty_differ	..	.
12	line_cell_r23_c14	both_nonempty_differ	١	١٦
12	line_cell_r23_c15	both_nonempty_differ	-	٠
12	line_cell_r23_c16	both_nonempty_differ	-	..
12	line_cell_r23_c17	both_nonempty_differ	"	✓
12	line_cell_r23_c18	both_nonempty_differ	٩	.
12	line_cell_r23_c2	both_nonempty_differ	٣٥	٤،٣٥
12	line_cell_r23_c3	agree_nonempty	٨	٨
12	line_cell_r23_c4	agree_nonempty	١٢	١٢
12	line_cell_r23_c5	both_nonempty_differ	٢،١٩٤	٢،٤
12	line_cell_r23_c6	both_nonempty_differ	"	✓"
12	line_cell_r23_c7	both_nonempty_differ	"	١
12	line_cell_r23_c8	agree_nonempty	✓	✓
12	line_cell_r23_c9	both_nonempty_differ	٠٣٦	٠٣٢
12	line_cell_r24_c0	both_nonempty_differ	٢	٢٥
12	line_cell_r24_c1	agree_nonempty	"	"
12	line_cell_r24_c10	agree_nonempty	✓	✓
12	line_cell_r24_c11	agree_nonempty	٠٣٥	٠٣٥
12	line_cell_r24_c12	both_nonempty_differ	–	١٦
12	line_cell_r24_c13	both_nonempty_differ	٤	..
12	line_cell_r24_c14	agree_nonempty	✓	✓
12	line_cell_r24_c15	both_nonempty_differ	..	.
12	line_cell_r24_c16	agree_nonempty	✓	✓
12	line_cell_r24_c17	agree_nonempty	✓	✓
12	line_cell_r24_c18	agree_nonempty	..	..
12	line_cell_r24_c2	agree_nonempty	٤١٥٠	٤١٥٠
12	line_cell_r24_c3	both_nonempty_differ	٥٢	٢٥٢
12	line_cell_r24_c4	agree_nonempty	١٣	١٣
12	line_cell_r24_c5	both_nonempty_differ	٤,١٧	٤١٣٧١
12	line_cell_r24_c6	agree_nonempty	"	"
12	line_cell_r24_c7	agree_nonempty	"	"
12	line_cell_r24_c8	agree_nonempty	✓	✓
12	line_cell_r24_c9	agree_nonempty	٠٤٠	٠٤٠
12	line_cell_r25_c0	agree_nonempty	٢	٢
12	line_cell_r25_c1	agree_nonempty	"	"
12	line_cell_r25_c10	agree_nonempty	✓	✓
12	line_cell_r25_c11	both_nonempty_differ	٠١١	٠١
12	line_cell_r25_c12	agree_nonempty	٥	٥
12	line_cell_r25_c13	agree_nonempty	_	_
12	line_cell_r25_c14	both_nonempty_differ	١٦	x
12	line_cell_r25_c15	both_nonempty_differ	٠	.
12	line_cell_r25_c16	both_nonempty_differ	_	..
12	line_cell_r25_c17	both_nonempty_differ	١٣	١
12	line_cell_r25_c18	agree_nonempty	٠	٠
12	line_cell_r25_c2	agree_nonempty	"	"
12	line_cell_r25_c3	agree_nonempty	٨١	٨١
12	line_cell_r25_c4	agree_nonempty	١٣	١٣
12	line_cell_r25_c5	both_nonempty_differ	١,٣٩١	٣,١٦
12	line_cell_r25_c6	agree_nonempty	"	"
12	line_cell_r25_c7	agree_nonempty	"	"
12	line_cell_r25_c8	agree_nonempty	✓	✓
12	line_cell_r25_c9	agree_nonempty	٠١٦	٠١٦
12	line_cell_r26_c0	both_nonempty_differ	٢	٢٧
12	line_cell_r26_c1	both_nonempty_differ	"	✓
12	line_cell_r26_c10	agree_nonempty	✓	✓
12	line_cell_r26_c11	agree_nonempty	٠١٥	٠١٥
12	line_cell_r26_c12	agree_nonempty	✓	✓
12	line_cell_r26_c13	both_nonempty_differ	-	..
12	line_cell_r26_c14	both_nonempty_differ	١٣	١
12	line_cell_r26_c15	both_nonempty_differ	..	_
12	line_cell_r26_c16	both_nonempty_differ	-	..
12	line_cell_r26_c17	both_nonempty_differ	١	-
12	line_cell_r26_c18	both_nonempty_differ	...	✓
12	line_cell_r26_c2	agree_nonempty	"	"
12	line_cell_r26_c3	agree_nonempty	٩٥	٩٥
12	line_cell_r26_c4	agree_nonempty	١٣	١٣
12	line_cell_r26_c5	both_nonempty_differ	٦	١
12	line_cell_r26_c6	agree_nonempty	"	"
12	line_cell_r26_c7	agree_nonempty	✓	✓
12	line_cell_r26_c8	agree_nonempty	✓	✓
12	line_cell_r26_c9	both_nonempty_differ	٠١٦	١٦
12	line_cell_r27_c0	both_nonempty_differ	٨	٢
12	line_cell_r27_c1	agree_nonempty	"	"
12	line_cell_r27_c10	agree_nonempty	✓	✓
12	line_cell_r27_c11	agree_nonempty	٠١٩	٠١٩
12	line_cell_r27_c12	agree_nonempty	✓	✓
12	line_cell_r27_c13	both_nonempty_differ	_	..
12	line_cell_r27_c14	agree_nonempty	✓	✓
12	line_cell_r27_c15	both_nonempty_differ	٣	"
12	line_cell_r27_c16	both_nonempty_differ	-	٤
12	line_cell_r27_c17	agree_nonempty	✓	✓
12	line_cell_r27_c18	agree_nonempty	..	..
12	line_cell_r27_c2	agree_nonempty	"	"
12	line_cell_r27_c3	both_nonempty_differ	٠	١
12	line_cell_r27_c4	agree_nonempty	١٣	١٣
12	line_cell_r27_c5	both_nonempty_differ	٢,١٢٩	٢,٩
12	line_cell_r27_c6	agree_nonempty	"	"
12	line_cell_r27_c7	agree_nonempty	"	"
12	line_cell_r27_c8	agree_nonempty	✓	✓
12	line_cell_r27_c9	agree_nonempty	٠٢٤	٠٢٤
12	line_cell_r28_c0	both_nonempty_differ	١	٢
12	line_cell_r28_c1	agree_nonempty	"	"
12	line_cell_r28_c10	agree_nonempty	✓	✓
12	line_cell_r28_c11	agree_nonempty	٠١٢	٠١٢
12	line_cell_r28_c12	agree_nonempty	✓	✓
12	line_cell_r28_c13	both_nonempty_differ	٠	_
12	line_cell_r28_c14	agree_nonempty	✓	✓
12	line_cell_r28_c15	agree_nonempty	..	..
12	line_cell_r28_c16	both_nonempty_differ	"	٤
12	line_cell_r28_c17	agree_nonempty	✓	✓
12	line_cell_r28_c18	both_nonempty_differ	٠	..
12	line_cell_r28_c2	agree_nonempty	"	"
12	line_cell_r28_c3	both_nonempty_differ	١١٠	١٠
12	line_cell_r28_c4	agree_nonempty	١٣	١٣
12	line_cell_r28_c5	both_nonempty_differ	١,٥٣٩	١٩
12	line_cell_r28_c6	both_nonempty_differ	✓"	✓
12	line_cell_r28_c7	agree_nonempty	"	"
12	line_cell_r28_c8	agree_nonempty	✓	✓
12	line_cell_r28_c9	agree_nonempty	٠١٦	٠١٦
12	line_cell_r29_c0	both_nonempty_differ	٣	٣٠
12	line_cell_r29_c1	agree_nonempty	"	"
12	line_cell_r29_c10	agree_nonempty	✓	✓
12	line_cell_r29_c11	agree_nonempty	٠١٣	٠١٣
12	line_cell_r29_c12	both_nonempty_differ	١٣	١
12	line_cell_r29_c13	agree_nonempty	"	"
12	line_cell_r29_c14	agree_nonempty	✓	✓
12	line_cell_r29_c15	both_nonempty_differ	ان	.
12	line_cell_r29_c16	both_nonempty_differ	٣	"
12	line_cell_r29_c17	both_nonempty_differ	٧	✓
12	line_cell_r29_c18	both_nonempty_differ	..	.
12	line_cell_r29_c2	agree_nonempty	"	"
12	line_cell_r29_c3	agree_nonempty	١٢٠	١٢٠
12	line_cell_r29_c4	agree_nonempty	١٣	١٣
12	line_cell_r29_c5	both_nonempty_differ	١،٥٦٣	١٥٣
12	line_cell_r29_c6	agree_nonempty	✓"	✓"
12	line_cell_r29_c7	both_nonempty_differ	✓	"
12	line_cell_r29_c8	agree_nonempty	✓	✓
12	line_cell_r29_c9	agree_nonempty	٠١٦	٠١٦
12	line_cell_r2_c0	agree_nonempty	٣	٣
12	line_cell_r2_c1	agree_nonempty	"	"
12	line_cell_r2_c10	agree_nonempty	✓	✓
12	line_cell_r2_c11	agree_nonempty	١٥٤	١٥٤
12	line_cell_r2_c12	both_nonempty_differ	✓	١٣
12	line_cell_r2_c13	both_nonempty_differ	_	..
12	line_cell_r2_c14	both_nonempty_differ	٧	✓
12	line_cell_r2_c15	both_nonempty_differ	_	..
12	line_cell_r2_c16	both_nonempty_differ	٠	..
12	line_cell_r2_c17	old_empty_new_nonempty		٤
12	line_cell_r2_c18	both_nonempty_differ	انظر ٩٧	انظ٩
12	line_cell_r2_c2	agree_nonempty	٤١٤٦	٤١٤٦
12	line_cell_r2_c3	agree_nonempty	١	١
12	line_cell_r2_c4	agree_nonempty	٦	٦
12	line_cell_r2_c5	both_nonempty_differ	٤,٤٠٢	٤٢
12	line_cell_r2_c6	agree_nonempty	"	"
12	line_cell_r2_c7	agree_nonempty	"	"
12	line_cell_r2_c8	agree_nonempty	✓	✓
12	line_cell_r2_c9	both_nonempty_differ	١٧٥	١٥
12	line_cell_r30_c0	agree_nonempty	٣١	٣١
12	line_cell_r30_c1	agree_nonempty	"	"
12	line_cell_r30_c10	agree_nonempty	✓	✓
12	line_cell_r30_c11	both_nonempty_differ	٠٢٢	٠٠٢
12	line_cell_r30_c12	agree_nonempty	✓	✓
12	line_cell_r30_c13	agree_nonempty	✓	✓
12	line_cell_r30_c14	agree_nonempty	✓	✓
12	line_cell_r30_c15	agree_nonempty	..	..
12	line_cell_r30_c16	both_nonempty_differ	"	_
12	line_cell_r30_c17	both_nonempty_differ	٣	١٣
12	line_cell_r30_c18	both_nonempty_differ	..	٠
12	line_cell_r30_c2	agree_nonempty	"	"
12	line_cell_r30_c3	agree_nonempty	١	١
12	line_cell_r30_c4	agree_nonempty	١٣	١٣
12	line_cell_r30_c5	both_nonempty_differ	"	١
12	line_cell_r30_c6	both_nonempty_differ	"	✓"
12	line_cell_r30_c7	both_nonempty_differ	"	١٣
12	line_cell_r30_c8	agree_nonempty	✓	✓
12	line_cell_r30_c9	agree_nonempty	٠٢٤	٠٢٤
12	line_cell_r31_c0	both_nonempty_differ	٧	٢
12	line_cell_r31_c1	agree_nonempty	"	"
12	line_cell_r31_c10	both_nonempty_differ	✓	✓..
12	line_cell_r31_c11	both_nonempty_differ	١١٤	٠٤
12	line_cell_r31_c12	agree_nonempty	١	١
12	line_cell_r31_c13	agree_nonempty	٠٥٩	٠٥٩
12	line_cell_r31_c14	both_nonempty_differ	–	١
12	line_cell_r31_c15	both_nonempty_differ	–	٠
12	line_cell_r31_c16	agree_nonempty	٤	٤
12	line_cell_r31_c17	both_nonempty_differ	–	-
12	line_cell_r31_c18	both_nonempty_differ	–	٠
12	line_cell_r31_c2	both_nonempty_differ	٤١٥١	٤١
12	line_cell_r31_c3	both_nonempty_differ	٢	.
12	line_cell_r31_c4	both_nonempty_differ	١٣	-
12	line_cell_r31_c5	both_nonempty_differ	-	–
12	line_cell_r31_c6	both_nonempty_differ	✓	✓"
12	line_cell_r31_c7	agree_nonempty	"	"
12	line_cell_r31_c8	agree_nonempty	✓	✓
12	line_cell_r31_c9	both_nonempty_differ	٦	١٦
12	line_cell_r32_c0	both_nonempty_differ	١	"
12	line_cell_r32_c1	agree_nonempty	٩٤٠	٩٤٠
12	line_cell_r32_c10	both_nonempty_differ	_	-
12	line_cell_r32_c11	both_nonempty_differ	٠٤٤	٠٠٩
12	line_cell_r32_c12	both_nonempty_differ	_	..
12	line_cell_r32_c13	both_nonempty_differ	٠٥٩	٠٥٦
12	line_cell_r32_c14	both_nonempty_differ	–	-
12	line_cell_r32_c15	agree_nonempty	٤	٤
12	line_cell_r32_c16	agree_nonempty	٤	٤
12	line_cell_r32_c17	both_nonempty_differ	–	-
12	line_cell_r32_c18	both_nonempty_differ	٠٥٩	٠٥
12	line_cell_r32_c2	agree_nonempty	١	١
12	line_cell_r32_c3	agree_nonempty	✓	✓
12	line_cell_r32_c4	agree_nonempty	"	"
12	line_cell_r32_c5	both_nonempty_differ	٣	"
12	line_cell_r32_c6	agree_nonempty	"	"
12	line_cell_r32_c7	agree_nonempty	"	"
12	line_cell_r32_c8	agree_nonempty	✓	✓
12	line_cell_r32_c9	agree_nonempty	"	"
12	line_cell_r33_c0	both_nonempty_differ	٢	٣
12	line_cell_r33_c1	both_nonempty_differ	٥	٠
12	line_cell_r33_c10	both_nonempty_differ	١	١٠
12	line_cell_r33_c11	both_nonempty_differ	٦	٠٠٠
12	line_cell_r33_c12	agree_nonempty	١	١
12	line_cell_r33_c13	both_nonempty_differ	٠٥٩	٠٥٦
12	line_cell_r33_c14	both_nonempty_differ	"	٠
12	line_cell_r33_c15	agree_nonempty	-	-
12	line_cell_r33_c16	both_nonempty_differ	٠	-
12	line_cell_r33_c17	both_nonempty_differ	١	١٠
12	line_cell_r33_c18	both_nonempty_differ	٠٥٩	٠٥
12	line_cell_r33_c2	both_nonempty_differ	٤	٢
12	line_cell_r33_c3	agree_nonempty	٢	٢
12	line_cell_r33_c4	old_empty_new_nonempty		✓
12	line_cell_r33_c5	both_nonempty_differ	٤	١
12	line_cell_r33_c6	agree_nonempty	✓	✓
12	line_cell_r33_c7	both_nonempty_differ	٤	٢
12	line_cell_r33_c8	both_nonempty_differ	٩	١
12	line_cell_r33_c9	agree_nonempty	٦٥٣	٦٥٣
12	line_cell_r3_c0	agree_nonempty	٤	٤
12	line_cell_r3_c1	agree_nonempty	"	"
12	line_cell_r3_c10	agree_nonempty	✓	✓
12	line_cell_r3_c11	both_nonempty_differ	١	٢
12	line_cell_r3_c12	both_nonempty_differ	✓	١
12	line_cell_r3_c13	both_nonempty_differ	_	..
12	line_cell_r3_c14	both_nonempty_differ	١٦	١
12	line_cell_r3_c15	both_nonempty_differ	✓	٠
12	line_cell_r3_c16	both_nonempty_differ	-	..
12	line_cell_r3_c17	both_nonempty_differ	✓	..
12	line_cell_r3_c18	agree_nonempty	٠	٠
12	line_cell_r3_c2	agree_nonempty	٤١٤٨	٤١٤٨
12	line_cell_r3_c3	both_nonempty_differ	٤٨	٠٤٨
12	line_cell_r3_c4	agree_nonempty	٦	٦
12	line_cell_r3_c5	both_nonempty_differ	٣,٣١٦	٣١٦
12	line_cell_r3_c6	both_nonempty_differ	✓"	"
12	line_cell_r3_c7	both_nonempty_differ	٤	١
12	line_cell_r3_c8	agree_nonempty	✓	✓
12	line_cell_r3_c9	both_nonempty_differ	١٤٠	١٠
12	line_cell_r4_c0	agree_nonempty	٥	٥
12	line_cell_r4_c1	agree_nonempty	"	"
12	line_cell_r4_c10	agree_nonempty	✓	✓
12	line_cell_r4_c11	both_nonempty_differ	٠٠٤	٠٠٠
12	line_cell_r4_c12	agree_nonempty	✓	✓
12	line_cell_r4_c13	both_nonempty_differ	_	..
12	line_cell_r4_c14	both_nonempty_differ	٣	١٣
12	line_cell_r4_c15	agree_nonempty	..	..
12	line_cell_r4_c16	both_nonempty_differ	٣	..
12	line_cell_r4_c17	agree_nonempty	١	١
12	line_cell_r4_c18	both_nonempty_differ	٠٠٠	٠
12	line_cell_r4_c2	agree_nonempty	٤١٥٢	٤١٥٢
12	line_cell_r4_c3	agree_nonempty	٤	٤
12	line_cell_r4_c4	agree_nonempty	٤	٤
12	line_cell_r4_c5	both_nonempty_differ	٠,٠٢٥	٠٠٢
12	line_cell_r4_c6	agree_nonempty	"	"
12	line_cell_r4_c7	agree_nonempty	"	"
12	line_cell_r4_c8	agree_nonempty	✓	✓
12	line_cell_r4_c9	agree_nonempty	"	"
12	line_cell_r5_c0	agree_nonempty	٦	٦
12	line_cell_r5_c1	agree_nonempty	"	"
12	line_cell_r5_c10	agree_nonempty	✓	✓
12	line_cell_r5_c11	agree_nonempty	٠٢٤	٠٢٤
12	line_cell_r5_c12	both_nonempty_differ	٣	-
12	line_cell_r5_c13	both_nonempty_differ	"	_
12	line_cell_r5_c14	agree_nonempty	✓	✓
12	line_cell_r5_c15	both_nonempty_differ	٦٠	٠
12	line_cell_r5_c16	agree_nonempty	٣	٣
12	line_cell_r5_c17	both_nonempty_differ	✓	١
12	line_cell_r5_c18	both_nonempty_differ	من تسل	٤
12	line_cell_r5_c2	both_nonempty_differ	"	٤
12	line_cell_r5_c3	agree_nonempty	٩٦	٩٦
12	line_cell_r5_c4	agree_nonempty	٤	٤
12	line_cell_r5_c5	both_nonempty_differ	٠١٥٠	٩٥٠
12	line_cell_r5_c6	both_nonempty_differ	"	✓
12	line_cell_r5_c7	both_nonempty_differ	"	..
12	line_cell_r5_c8	agree_nonempty	✓	✓
12	line_cell_r5_c9	both_nonempty_differ	٠٢٤	٠٠٢
12	line_cell_r6_c0	agree_nonempty	٧	٧
12	line_cell_r6_c1	agree_nonempty	"	"
12	line_cell_r6_c10	agree_nonempty	✓	✓
12	line_cell_r6_c11	agree_nonempty	٠٠٤	٠٠٤
12	line_cell_r6_c12	both_nonempty_differ	✓	.
12	line_cell_r6_c13	agree_nonempty	..	..
12	line_cell_r6_c14	both_nonempty_differ	–	-
12	line_cell_r6_c15	agree_nonempty	٠	٠
12	line_cell_r6_c16	both_nonempty_differ	_	..
12	line_cell_r6_c17	both_nonempty_differ	✓	١
12	line_cell_r6_c18	both_nonempty_differ	٩	٠
12	line_cell_r6_c2	agree_nonempty	"	"
12	line_cell_r6_c3	both_nonempty_differ	١٦١	٠١٦
12	line_cell_r6_c4	agree_nonempty	٤	٤
12	line_cell_r6_c5	both_nonempty_differ	٠٨٠٢٥	٠
12	line_cell_r6_c6	agree_nonempty	"	"
12	line_cell_r6_c7	both_nonempty_differ	_	..
12	line_cell_r6_c8	agree_nonempty	✓	✓
12	line_cell_r6_c9	both_nonempty_differ	٠٤٠	..
12	line_cell_r7_c0	agree_nonempty	٨	٨
12	line_cell_r7_c1	agree_nonempty	"	"
12	line_cell_r7_c10	agree_nonempty	✓	✓
12	line_cell_r7_c11	both_nonempty_differ	٥	١
12	line_cell_r7_c12	both_nonempty_differ	١	✓
12	line_cell_r7_c13	both_nonempty_differ	..	٠٠٠
12	line_cell_r7_c14	agree_nonempty	✓	✓
12	line_cell_r7_c15	both_nonempty_differ	٠٠	٠
12	line_cell_r7_c16	both_nonempty_differ	٣	..
12	line_cell_r7_c17	both_nonempty_differ	✓	.
12	line_cell_r7_c18	both_nonempty_differ	٠٠	٠
12	line_cell_r7_c2	agree_nonempty	٤١٣٢	٤١٣٢
12	line_cell_r7_c3	agree_nonempty	٦	٦
12	line_cell_r7_c4	agree_nonempty	١٠	١٠
12	line_cell_r7_c5	both_nonempty_differ	٦,٧٧٥	٢,٥٦
12	line_cell_r7_c6	agree_nonempty	"	"
12	line_cell_r7_c7	both_nonempty_differ	٣٧	37
12	line_cell_r7_c8	agree_nonempty	✓	✓
12	line_cell_r7_c9	both_nonempty_differ	١٢٦	١٢
12	line_cell_r8_c0	agree_nonempty	٩	٩
12	line_cell_r8_c1	agree_nonempty	"	"
12	line_cell_r8_c10	both_nonempty_differ	✓	..
12	line_cell_r8_c11	both_nonempty_differ	١	٢
12	line_cell_r8_c12	agree_nonempty	✓	✓
12	line_cell_r8_c13	both_nonempty_differ	_	٠
12	line_cell_r8_c14	both_nonempty_differ	٧	✓
12	line_cell_r8_c15	both_nonempty_differ	-	٠
12	line_cell_r8_c16	both_nonempty_differ	٣	"
12	line_cell_r8_c17	both_nonempty_differ	-	.
12	line_cell_r8_c18	both_nonempty_differ	نظر	٠
12	line_cell_r8_c2	agree_nonempty	٤١٣٥	٤١٣٥
12	line_cell_r8_c3	agree_nonempty	٩	٩
12	line_cell_r8_c4	agree_nonempty	١٠	١٠
12	line_cell_r8_c5	both_nonempty_differ	٧,١٦٨	٣,٨
12	line_cell_r8_c6	agree_nonempty	✓"	✓"
12	line_cell_r8_c7	agree_nonempty	"	"
12	line_cell_r8_c8	agree_nonempty	✓	✓
12	line_cell_r8_c9	both_nonempty_differ	١٤٤	١٤٠
12	line_cell_r9_c0	both_nonempty_differ	١	١٠
12	line_cell_r9_c1	agree_nonempty	"	"
12	line_cell_r9_c10	agree_nonempty	✓	✓
12	line_cell_r9_c11	both_nonempty_differ	٠	"
12	line_cell_r9_c12	agree_nonempty	✓	✓
12	line_cell_r9_c13	both_nonempty_differ	-	٤
12	line_cell_r9_c14	agree_nonempty	✓	✓
12	line_cell_r9_c15	both_nonempty_differ	_	..
12	line_cell_r9_c16	both_nonempty_differ	"	..
12	line_cell_r9_c17	agree_nonempty	١	١
12	line_cell_r9_c18	both_nonempty_differ	..	٠
12	line_cell_r9_c2	agree_nonempty	"	"
12	line_cell_r9_c3	agree_nonempty	٢٦	٢٦
12	line_cell_r9_c4	agree_nonempty	١٠	١٠
12	line_cell_r9_c5	both_nonempty_differ	١٠,٧١	١٠٨
12	line_cell_r9_c6	both_nonempty_differ	✓"	"
12	line_cell_r9_c7	agree_nonempty	"	"
12	line_cell_r9_c8	agree_nonempty	✓	✓
12	line_cell_r9_c9	both_nonempty_differ	١٩٨	١٨
12	line_taxpayer_index	both_nonempty_differ	ن	١
12	line_taxpayer_name	both_nonempty_differ	احمد حس ا	اس عيد
13	line_cell_r0_c0	both_nonempty_differ	"	✓
13	line_cell_r0_c1	both_nonempty_differ	٩٤/٩٤	٩٤٢ / ٤٧
13	line_cell_r0_c10	agree_nonempty	٥	٥
13	line_cell_r0_c11	both_nonempty_differ	٣	..
13	line_cell_r0_c12	agree_nonempty	"	"
13	line_cell_r0_c13	both_nonempty_differ	٦٣	٦٤
13	line_cell_r0_c14	agree_nonempty	✓	✓
13	line_cell_r0_c15	both_nonempty_differ	_	..
13	line_cell_r0_c16	both_nonempty_differ	١٠١	"
13	line_cell_r0_c17	both_nonempty_differ	٢١٥	٢١٠
13	line_cell_r0_c2	both_nonempty_differ	٤٢	٠
13	line_cell_r0_c3	both_nonempty_differ	٠٠	..
13	line_cell_r0_c4	agree_nonempty	"	"
13	line_cell_r0_c5	both_nonempty_differ	"	✓
13	line_cell_r0_c6	both_nonempty_differ	ع	تع✓
13	line_cell_r0_c7	both_nonempty_differ	"	١
13	line_cell_r0_c8	agree_nonempty	١	١
13	line_cell_r0_c9	agree_nonempty	٦٣	٦٣
13	line_cell_r10_c0	agree_nonempty	✓	✓
13	line_cell_r10_c1	both_nonempty_differ	"	٠
13	line_cell_r10_c10	both_nonempty_differ	"	١
13	line_cell_r10_c11	both_nonempty_differ	٣	..
13	line_cell_r10_c12	both_nonempty_differ	٧	✓
13	line_cell_r10_c13	both_nonempty_differ	٣	"
13	line_cell_r10_c14	both_nonempty_differ	١	"
13	line_cell_r10_c15	agree_nonempty	..	..
13	line_cell_r10_c16	both_nonempty_differ	٧	✓
13	line_cell_r10_c17	both_nonempty_differ	نظ	.
13	line_cell_r10_c2	agree_nonempty	✓	✓
13	line_cell_r10_c3	agree_nonempty	_	_
13	line_cell_r10_c4	both_nonempty_differ	"	..
13	line_cell_r10_c5	agree_nonempty	..	..
13	line_cell_r10_c6	agree_nonempty	١	١
13	line_cell_r10_c7	agree_nonempty	"	"
13	line_cell_r10_c8	old_empty_new_nonempty		✓
13	line_cell_r10_c9	agree_nonempty	..	..
13	line_cell_r11_c0	both_nonempty_differ	٩٤٨٧	✓
13	line_cell_r11_c1	both_nonempty_differ	٣/٩٥	٩
13	line_cell_r11_c10	both_nonempty_differ	"	١
13	line_cell_r11_c11	both_nonempty_differ	٠	_
13	line_cell_r11_c12	both_nonempty_differ	–	-
13	line_cell_r11_c13	both_nonempty_differ	٣	–
13	line_cell_r11_c14	both_nonempty_differ	–	٠
13	line_cell_r11_c15	both_nonempty_differ	٤	٤٠
13	line_cell_r11_c16	agree_nonempty	–	–
13	line_cell_r11_c17	both_nonempty_differ	احم	احمد
13	line_cell_r11_c2	agree_nonempty	✓	✓
13	line_cell_r11_c3	both_nonempty_differ	٥	"
13	line_cell_r11_c4	both_nonempty_differ	"	..
13	line_cell_r11_c5	both_nonempty_differ	..	٠
13	line_cell_r11_c6	both_nonempty_differ	..	.
13	line_cell_r11_c7	agree_nonempty	١	١
13	line_cell_r11_c8	both_nonempty_differ	"	✓
13	line_cell_r11_c9	both_nonempty_differ	٥٤	٠٠٢
13	line_cell_r12_c0	both_nonempty_differ	٩٤	✓
13	line_cell_r12_c1	agree_nonempty	"	"
13	line_cell_r12_c10	both_nonempty_differ	"	١
13	line_cell_r12_c11	both_nonempty_differ	١٢٦	٤٦
13	line_cell_r12_c12	agree_nonempty	١	١
13	line_cell_r12_c13	agree_nonempty	١٥٧	١٥٧
13	line_cell_r12_c14	both_nonempty_differ	١	..
13	line_cell_r12_c15	both_nonempty_differ	٠	..
13	line_cell_r12_c16	agree_nonempty	١	١
13	line_cell_r12_c17	both_nonempty_differ	١٥٧	١٥
13	line_cell_r12_c2	both_nonempty_differ	١٣	٤١٣٢
13	line_cell_r12_c3	agree_nonempty	٦	٦
13	line_cell_r12_c4	agree_nonempty	١٠	١٠
13	line_cell_r12_c5	both_nonempty_differ	٤,٧٧٥	٤,٧٥
13	line_cell_r12_c6	both_nonempty_differ	بيع	انظ
13	line_cell_r12_c7	both_nonempty_differ	٤١٦	٤١٤٦
13	line_cell_r12_c8	both_nonempty_differ	٣٥	٣٨
13	line_cell_r12_c9	both_nonempty_differ	١٦٠	٠
13	line_cell_r13_c0	both_nonempty_differ	٩٤	✓
13	line_cell_r13_c1	both_nonempty_differ	١	..
13	line_cell_r13_c10	agree_nonempty	"	"
13	line_cell_r13_c11	both_nonempty_differ	-	..
13	line_cell_r13_c12	agree_nonempty	✓	✓
13	line_cell_r13_c13	agree_nonempty	_	_
13	line_cell_r13_c14	agree_nonempty	"	"
13	line_cell_r13_c15	both_nonempty_differ	_	..
13	line_cell_r13_c16	agree_nonempty	٣	٣
13	line_cell_r13_c17	both_nonempty_differ	٤٧١	٤٤١
13	line_cell_r13_c2	both_nonempty_differ	٣	١
13	line_cell_r13_c3	agree_nonempty	..	..
13	line_cell_r13_c4	agree_nonempty	✓	✓
13	line_cell_r13_c5	both_nonempty_differ	بيبة	T.بة ع
13	line_cell_r13_c6	agree_nonempty	"	"
13	line_cell_r13_c7	both_nonempty_differ	"	..
13	line_cell_r13_c8	both_nonempty_differ	-	٤
13	line_cell_r13_c9	both_nonempty_differ	٠٠	٠
13	line_cell_r14_c0	agree_nonempty	✓	✓
13	line_cell_r14_c1	both_nonempty_differ	٧	انظ٩
13	line_cell_r14_c10	both_nonempty_differ	١	"
13	line_cell_r14_c11	both_nonempty_differ	"	..
13	line_cell_r14_c12	both_nonempty_differ	–	-
13	line_cell_r14_c13	both_nonempty_differ	٤	–
13	line_cell_r14_c14	both_nonempty_differ	–	٠
13	line_cell_r14_c15	both_nonempty_differ	–	٠
13	line_cell_r14_c16	agree_nonempty	–	–
13	line_cell_r14_c17	both_nonempty_differ	٦٢٨	٦٨
13	line_cell_r14_c2	both_nonempty_differ	_	..
13	line_cell_r14_c3	both_nonempty_differ	٣	..
13	line_cell_r14_c4	agree_nonempty	١	١
13	line_cell_r14_c5	both_nonempty_differ	...	.
13	line_cell_r14_c6	both_nonempty_differ	٨	١
13	line_cell_r14_c7	both_nonempty_differ	"	١
13	line_cell_r14_c8	agree_nonempty	✓	✓
13	line_cell_r14_c9	both_nonempty_differ	نظ ٩	٠
13	line_cell_r15_c0	both_nonempty_differ	✓٧	✓
13	line_cell_r15_c1	agree_nonempty	"	"
13	line_cell_r15_c10	both_nonempty_differ	"	_
13	line_cell_r15_c11	both_nonempty_differ	_	..
13	line_cell_r15_c12	both_nonempty_differ	١	.
13	line_cell_r15_c13	agree_nonempty	١٥٧	١٥٧
13	line_cell_r15_c14	agree_nonempty	"	"
13	line_cell_r15_c15	agree_nonempty	-	-
13	line_cell_r15_c16	both_nonempty_differ	١	.
13	line_cell_r15_c17	agree_nonempty	١٥٧	١٥٧
13	line_cell_r15_c2	old_empty_new_nonempty		✓
13	line_cell_r15_c3	both_nonempty_differ	١	٤
13	line_cell_r15_c4	both_nonempty_differ	"	١
13	line_cell_r15_c5	both_nonempty_differ	٠	.
13	line_cell_r15_c6	both_nonempty_differ	٠	..
13	line_cell_r15_c7	agree_nonempty	١	١
13	line_cell_r15_c8	both_nonempty_differ	١٦	١
13	line_cell_r15_c9	agree_nonempty	٠	٠
13	line_cell_r16_c0	both_nonempty_differ	✓	١
13	line_cell_r16_c1	both_nonempty_differ	_	..
13	line_cell_r16_c10	agree_nonempty	"	"
13	line_cell_r16_c11	both_nonempty_differ	_	١
13	line_cell_r16_c12	agree_nonempty	✓	✓
13	line_cell_r16_c13	both_nonempty_differ	_	-
13	line_cell_r16_c14	both_nonempty_differ	٤	٠
13	line_cell_r16_c15	both_nonempty_differ	٣	.
13	line_cell_r16_c16	both_nonempty_differ	٣	٠٣
13	line_cell_r16_c17	both_nonempty_differ	٤٧١	١٤٠
13	line_cell_r16_c2	both_nonempty_differ	٠	"
13	line_cell_r16_c3	both_nonempty_differ	١	٠
13	line_cell_r16_c4	both_nonempty_differ	٣	١
13	line_cell_r16_c5	both_nonempty_differ	..	٠
13	line_cell_r16_c6	both_nonempty_differ	"	٤
13	line_cell_r16_c7	agree_nonempty	_	_
13	line_cell_r16_c8	both_nonempty_differ	-	–
13	line_cell_r16_c9	both_nonempty_differ	٠	..
13	line_cell_r17_c0	both_nonempty_differ	✓	١
13	line_cell_r17_c1	both_nonempty_differ	_	.
13	line_cell_r17_c10	both_nonempty_differ	"	١
13	line_cell_r17_c11	both_nonempty_differ	١	٣
13	line_cell_r17_c12	agree_nonempty	١٦	١٦
13	line_cell_r17_c13	agree_nonempty	..	..
13	line_cell_r17_c14	both_nonempty_differ	١	"
13	line_cell_r17_c15	both_nonempty_differ	-	٠
13	line_cell_r17_c16	agree_nonempty	٤	٤
13	line_cell_r17_c17	both_nonempty_differ	٦٢٨	٦٨
13	line_cell_r17_c2	both_nonempty_differ	✓	١
13	line_cell_r17_c3	both_nonempty_differ	..	.
13	line_cell_r17_c4	both_nonempty_differ	"	✓
13	line_cell_r17_c5	both_nonempty_differ	..	.
13	line_cell_r17_c6	agree_nonempty	١	١
13	line_cell_r17_c7	agree_nonempty	"	"
13	line_cell_r17_c8	agree_nonempty	١	١
13	line_cell_r17_c9	both_nonempty_differ	–	-
13	line_cell_r18_c0	agree_nonempty	١٣	١٣
13	line_cell_r18_c1	agree_nonempty	٩٤	٩٤
13	line_cell_r18_c10	agree_nonempty	✓	✓
13	line_cell_r18_c11	both_nonempty_differ	✓	٤
13	line_cell_r18_c12	both_nonempty_differ	–	-
13	line_cell_r18_c13	agree_nonempty	٤	٤
13	line_cell_r18_c14	agree_nonempty	–	–
13	line_cell_r18_c15	agree_nonempty	٤	٤
13	line_cell_r18_c16	agree_nonempty	–	–
13	line_cell_r18_c17	agree_nonempty	٠	٠
13	line_cell_r18_c2	both_nonempty_differ	✓	١
13	line_cell_r18_c3	both_nonempty_differ	٤	-
13	line_cell_r18_c4	agree_nonempty	١	١
13	line_cell_r18_c5	both_nonempty_differ	..	.
13	line_cell_r18_c6	both_nonempty_differ	٧	✓
13	line_cell_r18_c7	agree_nonempty	١	١
13	line_cell_r18_c8	both_nonempty_differ	٩٣	١
13	line_cell_r18_c9	both_nonempty_differ	٤	٠
13	line_cell_r19_c0	both_nonempty_differ	٣	١
13	line_cell_r19_c1	agree_nonempty	١	١
13	line_cell_r19_c10	both_nonempty_differ	٨	١
13	line_cell_r19_c11	both_nonempty_differ	✓	-
13	line_cell_r19_c12	agree_nonempty	١	١
13	line_cell_r19_c13	agree_nonempty	١٥٧	١٥٧
13	line_cell_r19_c14	both_nonempty_differ	٠	"
13	line_cell_r19_c15	agree_nonempty	"	"
13	line_cell_r19_c16	both_nonempty_differ	"	✓
13	line_cell_r19_c17	both_nonempty_differ	١٥٧	١٥
13	line_cell_r19_c2	both_nonempty_differ	✓	١
13	line_cell_r19_c3	both_nonempty_differ	٥	"
13	line_cell_r19_c4	agree_nonempty	"	"
13	line_cell_r19_c5	both_nonempty_differ	"	..
13	line_cell_r19_c6	agree_nonempty	٠	٠
13	line_cell_r19_c7	agree_nonempty	١	١
13	line_cell_r19_c8	both_nonempty_differ	"	..
13	line_cell_r19_c9	agree_nonempty	_	_
13	line_cell_r1_c0	agree_nonempty	٤٣	٤٣
13	line_cell_r1_c1	both_nonempty_differ	"	١
13	line_cell_r1_c10	both_nonempty_differ	١	-
13	line_cell_r1_c11	agree_nonempty	٤	٤
13	line_cell_r1_c12	agree_nonempty	–	–
13	line_cell_r1_c13	both_nonempty_differ	٤	٤٠
13	line_cell_r1_c14	both_nonempty_differ	–	-
13	line_cell_r1_c15	both_nonempty_differ	_	٠
13	line_cell_r1_c16	both_nonempty_differ	-	–
13	line_cell_r1_c17	both_nonempty_differ	١	–
13	line_cell_r1_c2	both_nonempty_differ	٤	..
13	line_cell_r1_c3	both_nonempty_differ	٧	٠
13	line_cell_r1_c4	both_nonempty_differ	١	..
13	line_cell_r1_c5	both_nonempty_differ	٤	٠
13	line_cell_r1_c6	agree_nonempty	"	"
13	line_cell_r1_c7	agree_nonempty	١	١
13	line_cell_r1_c8	both_nonempty_differ	–	-
13	line_cell_r1_c9	both_nonempty_differ	..	.
13	line_cell_r20_c0	old_empty_new_nonempty		-
13	line_cell_r20_c1	agree_nonempty	"	"
13	line_cell_r20_c10	agree_nonempty	"	"
13	line_cell_r20_c11	agree_nonempty	"	"
13	line_cell_r20_c12	agree_nonempty	✓	✓
13	line_cell_r20_c13	both_nonempty_differ	-	..
13	line_cell_r20_c14	both_nonempty_differ	١	"
13	line_cell_r20_c15	both_nonempty_differ	٤	..
13	line_cell_r20_c16	both_nonempty_differ	٤	٦
13	line_cell_r20_c17	both_nonempty_differ	٤٤	٠٨٠
13	line_cell_r20_c2	agree_nonempty	١٦	١٦
13	line_cell_r20_c3	both_nonempty_differ	٤	..
13	line_cell_r20_c4	both_nonempty_differ	✓	٤
13	line_cell_r20_c5	both_nonempty_differ	_	٤
13	line_cell_r20_c6	agree_nonempty	"	"
13	line_cell_r20_c7	agree_nonempty	"	"
13	line_cell_r20_c8	old_empty_new_nonempty		✓
13	line_cell_r20_c9	both_nonempty_differ	✓	"
13	line_cell_r21_c0	both_nonempty_differ	١١	٨
13	line_cell_r21_c1	both_nonempty_differ	٤	١
13	line_cell_r21_c10	agree_nonempty	"	"
13	line_cell_r21_c11	agree_nonempty	_	_
13	line_cell_r21_c12	both_nonempty_differ	١٦	✓
13	line_cell_r21_c13	agree_nonempty	"	"
13	line_cell_r21_c14	both_nonempty_differ	١	"
13	line_cell_r21_c15	both_nonempty_differ	_	..
13	line_cell_r21_c16	both_nonempty_differ	١٦	✓
13	line_cell_r21_c17	both_nonempty_differ	نظر	.
13	line_cell_r21_c2	both_nonempty_differ	"	١
13	line_cell_r21_c3	both_nonempty_differ	٤	..
13	line_cell_r21_c4	both_nonempty_differ	"	١
13	line_cell_r21_c5	both_nonempty_differ	انظ ٩٤٧	..
13	line_cell_r21_c6	both_nonempty_differ	١	"
13	line_cell_r21_c7	agree_nonempty	"	"
13	line_cell_r21_c8	both_nonempty_differ	–	١
13	line_cell_r21_c9	both_nonempty_differ	_	..
13	line_cell_r22_c0	both_nonempty_differ	١	٨
13	line_cell_r22_c1	both_nonempty_differ	٤	١
13	line_cell_r22_c10	agree_nonempty	"	"
13	line_cell_r22_c11	both_nonempty_differ	✓	"
13	line_cell_r22_c12	agree_nonempty	✓	✓
13	line_cell_r22_c13	both_nonempty_differ	٣	✓
13	line_cell_r22_c14	agree_nonempty	٤	٤
13	line_cell_r22_c15	agree_nonempty	-	-
13	line_cell_r22_c16	agree_nonempty	✓	✓
13	line_cell_r22_c17	both_nonempty_differ	نظ ٩	.
13	line_cell_r22_c2	both_nonempty_differ	-	✓
13	line_cell_r22_c3	both_nonempty_differ	_	..
13	line_cell_r22_c4	agree_nonempty	✓	✓
13	line_cell_r22_c5	both_nonempty_differ	٤	_
13	line_cell_r22_c6	both_nonempty_differ	١	..
13	line_cell_r22_c7	both_nonempty_differ	"	١
13	line_cell_r22_c8	agree_nonempty	✓	✓
13	line_cell_r22_c9	both_nonempty_differ	٤	..
13	line_cell_r23_c0	both_nonempty_differ	٨	١
13	line_cell_r23_c1	both_nonempty_differ	✓	١
13	line_cell_r23_c10	both_nonempty_differ	"	١
13	line_cell_r23_c11	both_nonempty_differ	-	٤
13	line_cell_r23_c12	agree_nonempty	٥	٥
13	line_cell_r23_c13	agree_nonempty	"	"
13	line_cell_r23_c14	both_nonempty_differ	"	.
13	line_cell_r23_c15	both_nonempty_differ	-	٤
13	line_cell_r23_c16	agree_nonempty	١	١
13	line_cell_r23_c17	both_nonempty_differ	٤	.
13	line_cell_r23_c2	both_nonempty_differ	–	-
13	line_cell_r23_c3	both_nonempty_differ	٤	..
13	line_cell_r23_c4	both_nonempty_differ	_	✓
13	line_cell_r23_c5	both_nonempty_differ	٤	.
13	line_cell_r23_c6	agree_nonempty	"	"
13	line_cell_r23_c7	agree_nonempty	١	١
13	line_cell_r23_c8	agree_nonempty	١	١
13	line_cell_r23_c9	both_nonempty_differ	٣	١
13	line_cell_r24_c0	agree_nonempty	١	١
13	line_cell_r24_c1	both_nonempty_differ	١	.
13	line_cell_r24_c10	both_nonempty_differ	"	١
13	line_cell_r24_c11	agree_nonempty	✓	✓
13	line_cell_r24_c12	both_nonempty_differ	"	✓
13	line_cell_r24_c13	agree_nonempty	"	"
13	line_cell_r24_c14	both_nonempty_differ	٠	١
13	line_cell_r24_c15	agree_nonempty	"	"
13	line_cell_r24_c16	agree_nonempty	١	١
13	line_cell_r24_c17	both_nonempty_differ	٤	.
13	line_cell_r24_c2	agree_nonempty	✓	✓
13	line_cell_r24_c3	agree_nonempty	..	..
13	line_cell_r24_c4	agree_nonempty	✓	✓
13	line_cell_r24_c5	both_nonempty_differ	"	..
13	line_cell_r24_c6	both_nonempty_differ	١	✓
13	line_cell_r24_c7	agree_nonempty	"	"
13	line_cell_r24_c8	agree_nonempty	٥	٥
13	line_cell_r24_c9	both_nonempty_differ	"	..
13	line_cell_r25_c0	agree_nonempty	✓	✓
13	line_cell_r25_c1	agree_nonempty	١	١
13	line_cell_r25_c10	both_nonempty_differ	"	..
13	line_cell_r25_c11	both_nonempty_differ	-	..
13	line_cell_r25_c12	agree_nonempty	✓	✓
13	line_cell_r25_c13	agree_nonempty	٤	٤
13	line_cell_r25_c14	both_nonempty_differ	١	٤
13	line_cell_r25_c15	both_nonempty_differ	١٢	١
13	line_cell_r25_c16	both_nonempty_differ	٤	١٦
13	line_cell_r25_c17	both_nonempty_differ	..	.
13	line_cell_r25_c2	both_nonempty_differ	٧	✓
13	line_cell_r25_c3	both_nonempty_differ	٠	٠٠٠
13	line_cell_r25_c4	both_nonempty_differ	"	١
13	line_cell_r25_c5	both_nonempty_differ	ن	_
13	line_cell_r25_c6	agree_nonempty	"	"
13	line_cell_r25_c7	agree_nonempty	"	"
13	line_cell_r25_c8	both_nonempty_differ	٣	١
13	line_cell_r25_c9	both_nonempty_differ	٤	٩٤
13	line_cell_r26_c0	both_nonempty_differ	"	-
13	line_cell_r26_c1	agree_nonempty	✓	✓
13	line_cell_r26_c10	both_nonempty_differ	✓	"
13	line_cell_r26_c11	both_nonempty_differ	_	..
13	line_cell_r26_c12	both_nonempty_differ	-	✓
13	line_cell_r26_c13	both_nonempty_differ	-	٤
13	line_cell_r26_c14	both_nonempty_differ	١	"
13	line_cell_r26_c15	both_nonempty_differ	"	١
13	line_cell_r26_c16	agree_nonempty	✓	✓
13	line_cell_r26_c17	both_nonempty_differ	..	.
13	line_cell_r26_c2	agree_nonempty	✓	✓
13	line_cell_r26_c3	both_nonempty_differ	نظ ٤٧	٠
13	line_cell_r26_c4	agree_nonempty	"	"
13	line_cell_r26_c5	both_nonempty_differ	"	..
13	line_cell_r26_c6	both_nonempty_differ	٣	✓
13	line_cell_r26_c7	agree_nonempty	"	"
13	line_cell_r26_c8	agree_nonempty	✓	✓
13	line_cell_r26_c9	both_nonempty_differ	..	٤
13	line_cell_r27_c0	both_nonempty_differ	٣٨	٤
13	line_cell_r27_c1	old_empty_new_nonempty		✓
13	line_cell_r27_c10	agree_nonempty	✓	✓
13	line_cell_r27_c11	agree_nonempty	"	"
13	line_cell_r27_c12	agree_nonempty	✓	✓
13	line_cell_r27_c13	both_nonempty_differ	_	..
13	line_cell_r27_c14	both_nonempty_differ	..	"
13	line_cell_r27_c15	both_nonempty_differ	-	٤
13	line_cell_r27_c16	both_nonempty_differ	✓	..
13	line_cell_r27_c17	agree_nonempty	..	..
13	line_cell_r27_c2	agree_nonempty	✓	✓
13	line_cell_r27_c3	both_nonempty_differ	..	.
13	line_cell_r27_c4	agree_nonempty	١	١
13	line_cell_r27_c5	both_nonempty_differ	✓	٣
13	line_cell_r27_c6	both_nonempty_differ	"	١
13	line_cell_r27_c7	agree_nonempty	"	"
13	line_cell_r27_c8	agree_nonempty	✓	✓
13	line_cell_r27_c9	agree_nonempty	٣	٣
13	line_cell_r28_c0	agree_nonempty	"	"
13	line_cell_r28_c1	agree_nonempty	"	"
13	line_cell_r28_c10	agree_nonempty	"	"
13	line_cell_r28_c11	both_nonempty_differ	_	..
13	line_cell_r28_c12	agree_nonempty	١	١
13	line_cell_r28_c13	agree_nonempty	٣	٣
13	line_cell_r28_c14	both_nonempty_differ	١	"
13	line_cell_r28_c15	agree_nonempty	"	"
13	line_cell_r28_c16	agree_nonempty	✓	✓
13	line_cell_r28_c17	both_nonempty_differ	ان ٩	_
13	line_cell_r28_c2	agree_nonempty	✓	✓
13	line_cell_r28_c3	agree_nonempty	_	_
13	line_cell_r28_c4	agree_nonempty	"	"
13	line_cell_r28_c5	agree_nonempty	_	_
13	line_cell_r28_c6	agree_nonempty	"	"
13	line_cell_r28_c7	agree_nonempty	"	"
13	line_cell_r28_c8	agree_nonempty	✓	✓
13	line_cell_r28_c9	both_nonempty_differ	-	_
13	line_cell_r29_c0	both_nonempty_differ	١	✓
13	line_cell_r29_c1	both_nonempty_differ	٩	١
13	line_cell_r29_c10	agree_nonempty	"	"
13	line_cell_r29_c11	both_nonempty_differ	٩٤	.
13	line_cell_r29_c12	both_nonempty_differ	–	✓
13	line_cell_r29_c13	both_nonempty_differ	✓	"
13	line_cell_r29_c14	agree_nonempty	١	١
13	line_cell_r29_c15	agree_nonempty	"	"
13	line_cell_r29_c16	agree_nonempty	٥	٥
13	line_cell_r29_c17	both_nonempty_differ	٤	..
13	line_cell_r29_c2	agree_nonempty	٥	٥
13	line_cell_r29_c3	both_nonempty_differ	...	..
13	line_cell_r29_c4	agree_nonempty	✓	✓
13	line_cell_r29_c5	both_nonempty_differ	٩٤	.
13	line_cell_r29_c6	both_nonempty_differ	"	١
13	line_cell_r29_c7	agree_nonempty	"	"
13	line_cell_r29_c8	agree_nonempty	✓	✓
13	line_cell_r29_c9	agree_nonempty	"	"
13	line_cell_r2_c0	agree_nonempty	✓	✓
13	line_cell_r2_c1	both_nonempty_differ	٩٤٦ / ٤	٩٤ ٩٤
13	line_cell_r2_c10	both_nonempty_differ	"	١
13	line_cell_r2_c11	agree_nonempty	"	"
13	line_cell_r2_c12	agree_nonempty	٢	٢
13	line_cell_r2_c13	both_nonempty_differ	٤٣١	٣٠
13	line_cell_r2_c14	agree_nonempty	"	"
13	line_cell_r2_c15	both_nonempty_differ	-	..
13	line_cell_r2_c16	agree_nonempty	٢	٢
13	line_cell_r2_c17	both_nonempty_differ	٤٣٠	٠٣٤
13	line_cell_r2_c2	both_nonempty_differ	٠	..
13	line_cell_r2_c3	both_nonempty_differ	٣	٠٨
13	line_cell_r2_c4	agree_nonempty	٥	٥
13	line_cell_r2_c5	both_nonempty_differ	٤٠	.
13	line_cell_r2_c6	both_nonempty_differ	"	٠
13	line_cell_r2_c7	both_nonempty_differ	"	_
13	line_cell_r2_c8	old_empty_new_nonempty		-
13	line_cell_r2_c9	both_nonempty_differ	نظر ٩٧	.
13	line_cell_r30_c0	agree_nonempty	✓	✓
13	line_cell_r30_c1	both_nonempty_differ	"	١
13	line_cell_r30_c10	both_nonempty_differ	✓	"
13	line_cell_r30_c11	both_nonempty_differ	_	..
13	line_cell_r30_c12	both_nonempty_differ	✓	-
13	line_cell_r30_c13	agree_nonempty	"	"
13	line_cell_r30_c14	both_nonempty_differ	١	"
13	line_cell_r30_c15	agree_nonempty	"	"
13	line_cell_r30_c16	old_empty_new_nonempty		✓
13	line_cell_r30_c17	both_nonempty_differ	٤	..
13	line_cell_r30_c2	both_nonempty_differ	٧	✓
13	line_cell_r30_c3	both_nonempty_differ	..	.
13	line_cell_r30_c4	both_nonempty_differ	"	١
13	line_cell_r30_c5	both_nonempty_differ	..	.
13	line_cell_r30_c6	agree_nonempty	١	١
13	line_cell_r30_c7	both_nonempty_differ	٥	١
13	line_cell_r30_c8	agree_nonempty	✓	✓
13	line_cell_r30_c9	both_nonempty_differ	٣	"
13	line_cell_r31_c0	agree_nonempty	✓	✓
13	line_cell_r31_c1	both_nonempty_differ	"	١
13	line_cell_r31_c10	agree_nonempty	"	"
13	line_cell_r31_c11	agree_nonempty	"	"
13	line_cell_r31_c12	agree_nonempty	✓	✓
13	line_cell_r31_c13	agree_nonempty	"	"
13	line_cell_r31_c14	both_nonempty_differ	٠	"
13	line_cell_r31_c15	agree_nonempty	١	١
13	line_cell_r31_c16	both_nonempty_differ	١	١٦
13	line_cell_r31_c17	agree_nonempty	..	..
13	line_cell_r31_c2	both_nonempty_differ	"	✓
13	line_cell_r31_c3	both_nonempty_differ	_	.
13	line_cell_r31_c4	both_nonempty_differ	"	١
13	line_cell_r31_c5	both_nonempty_differ	_	.
13	line_cell_r31_c6	agree_nonempty	٤	٤
13	line_cell_r31_c7	both_nonempty_differ	١	"
13	line_cell_r31_c8	agree_nonempty	✓	✓
13	line_cell_r31_c9	both_nonempty_differ	٠	١
13	line_cell_r32_c0	agree_nonempty	✓	✓
13	line_cell_r32_c1	both_nonempty_differ	"	١
13	line_cell_r32_c10	agree_nonempty	"	"
13	line_cell_r32_c11	agree_nonempty	"	"
13	line_cell_r32_c12	both_nonempty_differ	–	١٦
13	line_cell_r32_c13	agree_nonempty	"	"
13	line_cell_r32_c14	both_nonempty_differ	١	"
13	line_cell_r32_c15	both_nonempty_differ	٤	_
13	line_cell_r32_c16	both_nonempty_differ	٧	✓
13	line_cell_r32_c17	agree_nonempty	..	..
13	line_cell_r32_c2	agree_nonempty	✓	✓
13	line_cell_r32_c3	both_nonempty_differ	٣	"
13	line_cell_r32_c4	agree_nonempty	"	"
13	line_cell_r32_c5	both_nonempty_differ	٩٤	٩
13	line_cell_r32_c6	both_nonempty_differ	٠	١
13	line_cell_r32_c7	both_nonempty_differ	١	"
13	line_cell_r32_c8	agree_nonempty	١	١
13	line_cell_r32_c9	both_nonempty_differ	٣	"
13	line_cell_r33_c0	both_nonempty_differ	✓"	١
13	line_cell_r33_c1	agree_nonempty	"	"
13	line_cell_r33_c10	agree_nonempty	"	"
13	line_cell_r33_c11	both_nonempty_differ	_	..
13	line_cell_r33_c12	agree_nonempty	✓	✓
13	line_cell_r33_c13	both_nonempty_differ	"	..
13	line_cell_r33_c14	both_nonempty_differ	٠	"
13	line_cell_r33_c15	agree_nonempty	"	"
13	line_cell_r33_c16	agree_nonempty	✓	✓
13	line_cell_r33_c17	both_nonempty_differ	٤	.
13	line_cell_r33_c2	agree_nonempty	"	"
13	line_cell_r33_c3	both_nonempty_differ	٥	..
13	line_cell_r33_c4	agree_nonempty	"	"
13	line_cell_r33_c5	both_nonempty_differ	٥	٠
13	line_cell_r33_c6	both_nonempty_differ	٨	١
13	line_cell_r33_c7	both_nonempty_differ	"	١
13	line_cell_r33_c8	agree_nonempty	✓	✓
13	line_cell_r33_c9	both_nonempty_differ	"	..
13	line_cell_r34_c0	both_nonempty_differ	✓	٣
13	line_cell_r34_c1	both_nonempty_differ	١٦٠	٢٢
13	line_cell_r34_c10	agree_nonempty	٢	٢
13	line_cell_r34_c11	both_nonempty_differ	٤٤	٠٣٠
13	line_cell_r34_c12	both_nonempty_differ	٢	٣
13	line_cell_r34_c13	agree_nonempty	٢	٢
13	line_cell_r34_c14	agree_nonempty	٤	٤
13	line_cell_r34_c15	both_nonempty_differ	٤,٧٠	٩٤٠
13	line_cell_r34_c16	both_nonempty_differ	"	٠
13	line_cell_r34_c17	both_nonempty_differ	٤	..
13	line_cell_r34_c2	both_nonempty_differ	٣٤	١٧٤
13	line_cell_r34_c3	both_nonempty_differ	٣٣٤	٤٠
13	line_cell_r34_c4	both_nonempty_differ	٣٤	٠٠٠
13	line_cell_r34_c5	both_nonempty_differ	,٦	٤٦٠
13	line_cell_r34_c6	agree_nonempty	٣	٣
13	line_cell_r34_c7	both_nonempty_differ	٩,٧٧	٣٥٤
13	line_cell_r34_c8	both_nonempty_differ	٤٨	٠٤٠
13	line_cell_r34_c9	both_nonempty_differ	"	..
13	line_cell_r3_c0	both_nonempty_differ	٩٤	٩٦
13	line_cell_r3_c1	agree_nonempty	"	"
13	line_cell_r3_c10	both_nonempty_differ	٤٢	١
13	line_cell_r3_c11	agree_nonempty	٤	٤
13	line_cell_r3_c12	agree_nonempty	–	–
13	line_cell_r3_c13	both_nonempty_differ	٠٤٠	٤٠
13	line_cell_r3_c14	agree_nonempty	–	–
13	line_cell_r3_c15	both_nonempty_differ	٠٧	٠٠٠
13	line_cell_r3_c16	agree_nonempty	–	–
13	line_cell_r3_c17	both_nonempty_differ	٠	.
13	line_cell_r3_c2	old_empty_new_nonempty		٤
13	line_cell_r3_c3	both_nonempty_differ	٣	"
13	line_cell_r3_c4	agree_nonempty	٥	٥
13	line_cell_r3_c5	old_empty_new_nonempty		٤
13	line_cell_r3_c6	agree_nonempty	"	"
13	line_cell_r3_c7	agree_nonempty	"	"
13	line_cell_r3_c8	both_nonempty_differ	١٢	١٦
13	line_cell_r3_c9	agree_nonempty	..	..
13	line_cell_r4_c0	both_nonempty_differ	١٤٧	٣
13	line_cell_r4_c1	both_nonempty_differ	٩٤/٤٥	٩٤/ ٤٧
13	line_cell_r4_c10	both_nonempty_differ	-	_
13	line_cell_r4_c11	agree_nonempty	٠٠٨	٠٠٨
13	line_cell_r4_c12	agree_nonempty	١	١
13	line_cell_r4_c13	agree_nonempty	٢١٥	٢١٥
13	line_cell_r4_c14	both_nonempty_differ	١	"
13	line_cell_r4_c15	both_nonempty_differ	"	..
13	line_cell_r4_c16	agree_nonempty	✓	✓
13	line_cell_r4_c17	both_nonempty_differ	٤٧	انظ٩
13	line_cell_r4_c2	agree_nonempty	٤١٣٨	٤١٣٨
13	line_cell_r4_c3	both_nonempty_differ	١٩	٠١٩
13	line_cell_r4_c4	agree_nonempty	١٤	١٤
13	line_cell_r4_c5	both_nonempty_differ	١٥٣٢	١٢
13	line_cell_r4_c6	both_nonempty_differ	✓	✓"
13	line_cell_r4_c7	agree_nonempty	✓	✓
13	line_cell_r4_c8	both_nonempty_differ	✓	٤
13	line_cell_r4_c9	agree_nonempty	_	_
13	line_cell_r5_c0	both_nonempty_differ	✓	✓"
13	line_cell_r5_c1	agree_nonempty	"	"
13	line_cell_r5_c10	agree_nonempty	"	"
13	line_cell_r5_c11	both_nonempty_differ	٠٢٠	٠٠٠
13	line_cell_r5_c12	both_nonempty_differ	١٦	"
13	line_cell_r5_c13	both_nonempty_differ	٢٢٣	٠٢٣
13	line_cell_r5_c14	agree_nonempty	٠	٠
13	line_cell_r5_c15	agree_nonempty	"	"
13	line_cell_r5_c16	both_nonempty_differ	٧	✓
13	line_cell_r5_c17	agree_nonempty	٠	٠
13	line_cell_r5_c2	both_nonempty_differ	٤١٤٣	٤١٣٤
13	line_cell_r5_c3	both_nonempty_differ	١٠	٠٤٠
13	line_cell_r5_c4	both_nonempty_differ	١٤٤	١٠٤
13	line_cell_r5_c5	both_nonempty_differ	٤,٤٤	٩٤٢
13	line_cell_r5_c6	both_nonempty_differ	✓	"
13	line_cell_r5_c7	both_nonempty_differ	"	_
13	line_cell_r5_c8	old_empty_new_nonempty		✓
13	line_cell_r5_c9	both_nonempty_differ	٤	..
13	line_cell_r6_c0	both_nonempty_differ	✓٧	"
13	line_cell_r6_c1	agree_nonempty	"	"
13	line_cell_r6_c10	both_nonempty_differ	٣	١
13	line_cell_r6_c11	agree_nonempty	٠١٦	٠١٦
13	line_cell_r6_c12	both_nonempty_differ	٦	"
13	line_cell_r6_c13	both_nonempty_differ	٢٤٣	٢٢
13	line_cell_r6_c14	agree_nonempty	"	"
13	line_cell_r6_c15	agree_nonempty	..	..
13	line_cell_r6_c16	both_nonempty_differ	١	٠
13	line_cell_r6_c17	both_nonempty_differ	..	٠
13	line_cell_r6_c2	both_nonempty_differ	٤١٤٤	٤١٤
13	line_cell_r6_c3	agree_nonempty	٣٩	٣٩
13	line_cell_r6_c4	agree_nonempty	١٤	١٤
13	line_cell_r6_c5	both_nonempty_differ	٣,٠٧٣	٣,٣
13	line_cell_r6_c6	both_nonempty_differ	✓"	.
13	line_cell_r6_c7	both_nonempty_differ	"	١
13	line_cell_r6_c8	both_nonempty_differ	"	..
13	line_cell_r6_c9	agree_nonempty	..	..
13	line_cell_r7_c0	both_nonempty_differ	١٧	"
13	line_cell_r7_c1	agree_nonempty	"	"
13	line_cell_r7_c10	both_nonempty_differ	"	١
13	line_cell_r7_c11	agree_nonempty	٠٢٤	٠٢٤
13	line_cell_r7_c12	agree_nonempty	١	١
13	line_cell_r7_c13	both_nonempty_differ	٢٥٩	٢,٥٩
13	line_cell_r7_c14	both_nonempty_differ	٠	١
13	line_cell_r7_c15	both_nonempty_differ	_	..
13	line_cell_r7_c16	both_nonempty_differ	١٦	١
13	line_cell_r7_c17	both_nonempty_differ	..	٠
13	line_cell_r7_c2	agree_nonempty	"	"
13	line_cell_r7_c3	agree_nonempty	٧٠	٧٠
13	line_cell_r7_c4	both_nonempty_differ	١٤٤	١٤
13	line_cell_r7_c5	both_nonempty_differ	٥,٣٧٧	٢,٣٧
13	line_cell_r7_c6	agree_nonempty	✓	✓
13	line_cell_r7_c7	agree_nonempty	"	"
13	line_cell_r7_c8	agree_nonempty	-	-
13	line_cell_r7_c9	agree_nonempty	..	..
13	line_cell_r8_c0	agree_nonempty	✓	✓
13	line_cell_r8_c1	both_nonempty_differ	"	..
13	line_cell_r8_c10	both_nonempty_differ	"	..
13	line_cell_r8_c11	both_nonempty_differ	٣	..
13	line_cell_r8_c12	agree_nonempty	١	١
13	line_cell_r8_c13	both_nonempty_differ	٢٨٣	٢،٣
13	line_cell_r8_c14	both_nonempty_differ	١	"
13	line_cell_r8_c15	both_nonempty_differ	٩٤	..
13	line_cell_r8_c16	agree_nonempty	١	١
13	line_cell_r8_c17	both_nonempty_differ	٢٨	٢٣
13	line_cell_r8_c2	both_nonempty_differ	-	٤
13	line_cell_r8_c3	both_nonempty_differ	٠	١
13	line_cell_r8_c4	agree_nonempty	✓	✓
13	line_cell_r8_c5	agree_nonempty	"	"
13	line_cell_r8_c6	agree_nonempty	١	١
13	line_cell_r8_c7	agree_nonempty	"	"
13	line_cell_r8_c8	agree_nonempty	-	-
13	line_cell_r8_c9	agree_nonempty	..	..
13	line_cell_r9_c0	both_nonempty_differ	٩	✓
13	line_cell_r9_c1	agree_nonempty	"	"
13	line_cell_r9_c10	both_nonempty_differ	✓	١
13	line_cell_r9_c11	agree_nonempty	"	"
13	line_cell_r9_c12	both_nonempty_differ	✓	١
13	line_cell_r9_c13	both_nonempty_differ	٣	..
13	line_cell_r9_c14	both_nonempty_differ	١	..
13	line_cell_r9_c15	both_nonempty_differ	..	.
13	line_cell_r9_c16	both_nonempty_differ	٣	٠٣
13	line_cell_r9_c17	both_nonempty_differ	٩٤٤	٩٤
13	line_cell_r9_c2	both_nonempty_differ	"	١
13	line_cell_r9_c3	both_nonempty_differ	٣	"
13	line_cell_r9_c4	both_nonempty_differ	٩٤	بة
13	line_cell_r9_c5	both_nonempty_differ	٠٣	٠
13	line_cell_r9_c6	both_nonempty_differ	٠	١
13	line_cell_r9_c7	both_nonempty_differ	"	١
13	line_cell_r9_c8	both_nonempty_differ	_	.
13	line_cell_r9_c9	agree_nonempty	..	..
13	line_taxpayer_index	both_nonempty_differ	ن	اح
13	line_taxpayer_name	both_nonempty_differ	احمد	٠
