page	n_rows	rows_added_top	head_gap	width_dev	wide_ok	col_source	col_score	ink_cross	x_r	x_r_detected	fit_hits	fit_span	pitch	row_snap	text_ok	n_kraken	candidates
1	14	0	1.01	0.939	True	template-89px	0.619	0.0232	1373	1373	2	2516	99.5	0.286	1.0	4	"[[""cache"", 11, 0.635, 0.0415, 9.9, false], [""cache-scaled-7px"", 11, 0.635, 0.0453, 9.9, false], [""detected"", 9, 0.637, 0.0251, 9.9, false], [""enh-detected+5px"", 16, 0.566, 0.0298, 9.9, false], [""template-89px"", 19, 0.619, 0.0232, 0.939, true]]"
3	34	0	1.59	0.045	True	template	0.931	0.0056	2501	2501	18	2518	93.0	0.971	0.971	34	"[[""cache"", 19, 0.613, 0.0125, 0.084, true], [""cache-scaled+9px"", 19, 0.719, 0.0186, 0.091, true], [""detected"", 19, 0.894, 0.0055, 0.316, false], [""enh-detected"", 19, 0.838, 0.0056, 0.193, true], [""template"", 19, 0.931, 0.0056, 0.045, true]]"
4	34	0	1.6	0.008	True	template	0.931	0.0043	2533	2533	18	2534	93.0	1.0	1.0	35	"[[""cache-2px"", 19, 0.588, 0.017, 0.122, true], [""cache-scaled-6px"", 19, 0.575, 0.0314, 0.122, true], [""detected+5px"", 19, 0.925, 0.0043, 0.065, true], [""enh-detected+5px"", 19, 0.725, 0.0019, 0.384, false], [""template"", 19, 0.931, 0.0043, 0.008, true]]"
5	34	0	1.59	0.005	True	template	0.944	0.0046	2538	2538	18	2536	92.5	0.853	0.971	35	"[[""cache+4px"", 19, 0.569, 0.0131, 0.089, true], [""cache-scaled+2px"", 19, 0.694, 0.0163, 0.089, true], [""detected"", 18, 0.941, 0.0045, 9.9, false], [""enh-detected+3px"", 19, 0.656, 0.0131, 0.231, true], [""template"", 19, 0.944, 0.0046, 0.005, true]]"
6	35	0	1.63	0.008	True	template	0.95	0.0055	2543	2543	18	2534	93.0	0.743	0.971	34	"[[""cache"", 19, 0.556, 0.0133, 0.106, true], [""cache-scaled"", 19, 0.675, 0.0103, 0.106, true], [""detected+8px"", 19, 0.856, 0.007, 0.065, true], [""enh-detected-5px"", 19, 0.719, 0.011, 0.388, false], [""template"", 19, 0.95, 0.0055, 0.008, true]]"
9	34	0	1.7	0.005	True	template	0.956	0.0028	2480	2492	18	2480	92.0	0.441	0.971	35	"[[""cache+100px"", 19, 0.931, 0.0028, 0.079, true], [""cache-scaled+10px"", 19, 0.581, 0.0078, 0.073, true], [""detected"", 19, 0.938, 0.0028, 0.029, true], [""enh-detected-10px"", 19, 0.944, 0.0025, 0.395, false], [""template"", 19, 0.956, 0.0028, 0.005, true]]"
10	34	0	1.33	0.004	True	template	0.938	0.0193	2511	2511	18	2514	94.0	0.529	1.0	27	"[[""detected"", 19, 0.938, 0.0193, 0.033, true], [""enh-detected-10px"", 19, 0.831, 0.0196, 0.271, false], [""template"", 19, 0.938, 0.0193, 0.004, true]]"
11	34	0	1.52	0.007	True	template	0.963	0.02	2531	2543	18	2530	93.0	0.441	0.571	28	"[[""cache-8px"", 19, 0.581, 0.0124, 0.062, true], [""cache-scaled+10px"", 19, 0.794, 0.0142, 0.061, true], [""detected"", 19, 0.938, 0.02, 0.023, true], [""enh-detected"", 19, 0.925, 0.0205, 0.38, false], [""template"", 19, 0.963, 0.02, 0.007, true]]"
12	35	0	1.7	0.006	True	template	0.963	0.0424	2531	2531	18	2528	93.0	0.914	0.971	34	"[[""cache-10px"", 19, 0.431, 0.036, 0.059, true], [""cache-scaled+4px"", 19, 0.875, 0.0314, 0.057, true], [""detected"", 19, 0.956, 0.0424, 0.022, true], [""enh-detected"", 19, 0.931, 0.0424, 0.206, true], [""template"", 19, 0.963, 0.0424, 0.006, true]]"
13	34	0	1.49	0.006	True	template	0.956	0.0416	2526	2526	18	2526	93.0	0.471	0.743	35	"[[""cache"", 19, 0.95, 0.0416, 0.024, true], [""detected"", 19, 0.95, 0.0416, 0.024, true], [""enh-detected-10px"", 19, 0.931, 0.0411, 0.253, false], [""template"", 19, 0.956, 0.0416, 0.006, true]]"
14	35	0	1.52	0.007	True	template	0.975	0.0283	2528	2528	18	2518	94.0	0.486	1.0	27	"[[""cache"", 19, 0.944, 0.0283, 0.023, true], [""detected"", 19, 0.944, 0.0283, 0.023, true], [""enh-detected"", 19, 0.95, 0.0291, 0.202, true], [""template"", 19, 0.975, 0.0283, 0.007, true]]"
15	34	0	1.37	0.007	True	template	0.956	0.0402	2529	2529	18	2536	94.0	0.206	0.387	31	"[[""cache"", 19, 0.95, 0.0402, 0.023, true], [""detected"", 19, 0.95, 0.0402, 0.023, true], [""enh-detected-10px"", 19, 0.875, 0.0397, 0.203, true], [""template"", 19, 0.956, 0.0402, 0.007, true]]"
16	35	0	1.66	0.005	True	template	0.944	0.0267	2523	2523	18	2540	93.0	0.657	0.941	34	"[[""cache"", 19, 0.938, 0.0267, 0.024, true], [""detected"", 19, 0.938, 0.0267, 0.024, true], [""enh-detected-10px"", 19, 0.944, 0.0271, 0.208, true], [""template"", 19, 0.944, 0.0267, 0.005, true]]"
17	34	0	1.67	0.043	True	template	0.9	0.0307	2619	2467	18	2528	94.0	0.118	0.2	35	"[[""cache"", 19, 0.963, 0.0306, 0.422, false], [""cache-scaled-10px"", 19, 0.525, 0.02, 0.421, false], [""detected"", 19, 0.919, 0.0308, 0.422, false], [""enh-detected-8px"", 19, 0.9, 0.0308, 0.264, true], [""template"", 19, 0.9, 0.0307, 0.043, true]]"
18	34	0	1.07	0.011	True	template	0.925	0.1212	2529	2529	18	2528	94.0	0.294	0.469	32	"[[""cache"", 19, 0.919, 0.1212, 0.037, true], [""detected"", 19, 0.919, 0.1212, 0.037, true], [""enh-detected+2px"", 18, 0.697, 0.1028, 9.9, false], [""template"", 19, 0.925, 0.1212, 0.011, true]]"
19	35	0	1.43	0.056	True	template	0.919	0.008	2559	2559	18	2536	91.0	0.514	0.812	32	"[[""cache"", 19, 0.931, 0.0044, 0.467, false], [""detected"", 19, 0.931, 0.0044, 0.467, false], [""enh-detected+4px"", 18, 0.697, 0.0043, 9.9, false], [""template"", 19, 0.919, 0.008, 0.056, true]]"
20	35	0	1.43	0.036	True	template	0.944	0.0095	2559	2559	18	2516	93.0	0.914	0.941	34	"[[""cache+4px"", 19, 0.894, 0.013, 0.065, true], [""detected+4px"", 19, 0.894, 0.013, 0.065, true], [""enh-detected-10px"", 18, 0.737, 0.0094, 9.9, false], [""template"", 19, 0.944, 0.0095, 0.036, true]]"
21	35	0	1.38	0.028	True	template	0.925	0.0025	2576	2576	18	2526	93.5	0.371	0.828	29	"[[""cache"", 18, 0.934, 0.0014, 9.9, false], [""detected"", 18, 0.934, 0.0014, 9.9, false], [""enh-detected"", 19, 0.794, 0.0028, 0.247, true], [""template"", 19, 0.925, 0.0025, 0.028, true]]"
22	34	0	1.32	0.019	True	cache-scaled	0.95	0.012	2543	2557	18	2490	93.0	0.441	0.586	29	"[[""cache"", 19, 0.906, 0.012, 0.017, true], [""cache-scaled"", 19, 0.95, 0.012, 0.019, true], [""detected"", 19, 0.95, 0.012, 0.024, true], [""enh-detected"", 19, 0.85, 0.0087, 0.224, true], [""template"", 19, 0.944, 0.012, 0.02, true]]"
23	36	0	1.35	0.016	True	template	0.95	0.0077	2538	2538	18	2494	92.0	0.722	0.848	33	"[[""cache"", 19, 0.931, 0.0077, 0.035, true], [""detected"", 19, 0.931, 0.0077, 0.035, true], [""enh-detected-10px"", 18, 0.816, 0.0107, 9.9, false], [""template"", 19, 0.95, 0.0077, 0.016, true]]"
24	35	0	1.41	0.007	True	template	0.944	0.0097	2528	2540	18	2500	92.0	0.314	0.879	33	"[[""cache"", 19, 0.912, 0.0097, 0.026, true], [""cache-scaled"", 19, 0.944, 0.0097, 0.026, true], [""detected"", 19, 0.944, 0.0097, 0.03, true], [""enh-detected-10px"", 19, 0.844, 0.0049, 0.164, true], [""template"", 19, 0.944, 0.0097, 0.007, true]]"
25	34	0	1.68	0.012	True	template	0.938	0.0024	2531	2555	18	2494	93.0	0.353	0.912	34	"[[""cache+7px"", 19, 0.931, 0.0024, 0.035, true], [""cache-scaled+7px"", 19, 0.931, 0.0024, 0.031, true], [""detected+7px"", 19, 0.931, 0.0024, 0.037, true], [""enh-detected"", 19, 0.769, 0.0036, 0.257, true], [""template"", 19, 0.938, 0.0024, 0.012, true]]"
26	35	0	1.82	0.016	True	template	0.925	0.0386	2533	2553	18	2492	92.0	0.371	0.667	30	"[[""cache"", 19, 0.906, 0.0386, 0.033, true], [""cache-scaled"", 19, 0.925, 0.0386, 0.032, true], [""detected"", 19, 0.919, 0.0386, 0.042, true], [""enh-detected"", 19, 0.85, 0.0384, 0.202, true], [""template"", 19, 0.925, 0.0386, 0.016, true]]"
27	35	0	1.46	0.009	True	template	0.931	0.0692	2536	2566	18	2508	93.0	0.314	0.786	28	"[[""cache-10px"", 19, 0.925, 0.0692, 0.011, true], [""cache-scaled"", 19, 0.925, 0.0692, 0.022, true], [""detected"", 19, 0.925, 0.0692, 0.023, true], [""enh-detected"", 19, 0.856, 0.0638, 0.191, true], [""template"", 19, 0.931, 0.0692, 0.009, true]]"
28	34	0	1.11	0.012	True	template	0.956	0.0527	2546	2566	18	2508	93.0	0.441	0.613	31	"[[""cache"", 19, 0.9, 0.0527, 0.024, true], [""cache-scaled"", 19, 0.95, 0.0527, 0.025, true], [""detected"", 19, 0.95, 0.0527, 0.026, true], [""enh-detected-10px"", 19, 0.906, 0.0483, 0.056, true], [""template"", 19, 0.956, 0.0527, 0.012, true]]"
29	34	0	1.44	0.008	True	template+4px	0.944	0.0843	2517	2529	18	2504	93.0	0.382	0.871	31	"[[""cache"", 19, 0.9, 0.0843, 0.019, true], [""cache-scaled"", 19, 0.931, 0.0843, 0.02, true], [""detected"", 19, 0.931, 0.0843, 0.024, true], [""enh-detected"", 19, 0.906, 0.0753, 0.247, false], [""template+4px"", 19, 0.944, 0.0843, 0.008, true]]"
30	34	0	1.53	0.011	True	template	0.95	0.0438	2546	2546	18	2506	92.0	0.618	0.886	35	"[[""cache"", 19, 0.95, 0.0438, 0.027, true], [""detected"", 19, 0.95, 0.0438, 0.027, true], [""enh-detected-10px"", 19, 0.894, 0.0419, 0.191, true], [""template"", 19, 0.95, 0.0438, 0.011, true]]"
31	35	0	1.53	0.02	True	template	0.931	0.0534	2554	2554	18	2520	92.0	0.571	0.8	35	"[[""cache"", 19, 0.931, 0.0534, 0.043, true], [""detected"", 19, 0.931, 0.0534, 0.043, true], [""enh-detected"", 19, 0.919, 0.056, 0.206, true], [""template"", 19, 0.931, 0.0534, 0.02, true]]"
32	35	0	1.32	0.019	True	template	0.944	0.008	2557	2557	18	2506	93.0	0.486	0.759	29	"[[""cache"", 19, 0.95, 0.008, 0.034, true], [""detected"", 19, 0.95, 0.008, 0.034, true], [""enh-detected"", 19, 0.944, 0.008, 0.038, true], [""template"", 19, 0.944, 0.008, 0.019, true]]"
33	35	0	1.15	0.02	True	template	0.944	0.01	2558	2558	18	2506	92.0	0.371	0.8	30	"[[""cache+8px"", 19, 0.938, 0.01, 0.036, true], [""detected+8px"", 19, 0.938, 0.01, 0.036, true], [""enh-detected+8px"", 19, 0.825, 0.0079, 0.279, true], [""template"", 19, 0.944, 0.01, 0.02, true]]"
34	35	0	1.14	0.006	True	template	0.938	0.0072	2490	2516	18	2484	93.0	0.371	0.357	28	"[[""cache"", 19, 0.9, 0.0072, 0.023, true], [""cache-scaled"", 19, 0.931, 0.0072, 0.023, true], [""detected"", 19, 0.931, 0.0072, 0.03, true], [""enh-detected"", 19, 0.938, 0.0072, 0.024, true], [""template"", 19, 0.938, 0.0072, 0.006, true]]"
35	35	0	1.57	0.005	True	template	0.925	0.0049	2492	2518	18	2480	92.0	0.543	0.906	32	"[[""cache-10px"", 19, 0.925, 0.0049, 0.024, true], [""cache-scaled"", 19, 0.925, 0.0049, 0.025, true], [""detected"", 19, 0.925, 0.0049, 0.032, true], [""enh-detected"", 19, 0.844, 0.0035, 0.234, true], [""template"", 19, 0.925, 0.0049, 0.005, true]]"
36	35	0	1.59	0.006	True	template	0.919	0.0062	2496	2518	18	2486	92.0	0.486	0.688	32	"[[""cache"", 19, 0.9, 0.0062, 0.02, true], [""cache-scaled"", 19, 0.906, 0.0062, 0.02, true], [""detected"", 19, 0.906, 0.0062, 0.027, true], [""enh-detected"", 19, 0.919, 0.0062, 0.023, true], [""template"", 19, 0.919, 0.0062, 0.006, true]]"
37	34	0	1.24	0.008	True	template	0.912	0.0106	2494	2522	18	2500	93.0	0.412	0.581	31	"[[""cache"", 19, 0.9, 0.0106, 0.018, true], [""cache-scaled"", 19, 0.912, 0.0106, 0.017, true], [""detected"", 19, 0.912, 0.0106, 0.035, true], [""enh-detected"", 19, 0.912, 0.0106, 0.033, true], [""template"", 19, 0.912, 0.0106, 0.008, true]]"
38	34	0	1.24	0.006	True	template	0.931	0.0066	2518	2550	18	2500	92.0	0.088	0.217	23	"[[""cache-10px"", 19, 0.906, 0.0066, 0.028, true], [""cache-scaled"", 19, 0.906, 0.0066, 0.03, true], [""detected"", 19, 0.906, 0.0066, 0.039, true], [""enh-detected"", 19, 0.825, 0.006, 0.239, true], [""template"", 19, 0.931, 0.0066, 0.006, true]]"
39	34	0	1.36	0.007	True	template-10px	0.919	0.0546	2504	2538	18	2500	92.0	0.412	0.8	30	"[[""cache-10px"", 19, 0.9, 0.0548, 0.035, true], [""cache-scaled-10px"", 19, 0.919, 0.0546, 0.025, true], [""detected-5px"", 19, 0.881, 0.0551, 0.045, true], [""enh-detected-10px"", 19, 0.856, 0.0522, 0.218, true], [""template-10px"", 19, 0.919, 0.0546, 0.007, true]]"
40	34	0	1.23	0.008	True	template	0.925	0.0099	2521	2535	18	2502	92.0	0.412	0.812	32	"[[""cache"", 19, 0.9, 0.0099, 0.026, true], [""cache-scaled"", 19, 0.906, 0.0099, 0.027, true], [""detected"", 19, 0.906, 0.0099, 0.03, true], [""enh-detected-7px"", 19, 0.8, 0.0096, 0.198, true], [""template"", 19, 0.925, 0.0099, 0.008, true]]"
41	34	0	1.43	0.007	True	template	0.925	0.0177	2519	2533	18	2502	92.0	0.441	0.968	31	"[[""cache"", 19, 0.9, 0.0177, 0.03, true], [""cache-scaled"", 19, 0.925, 0.0177, 0.031, true], [""detected"", 19, 0.925, 0.0177, 0.037, true], [""enh-detected"", 19, 0.925, 0.0177, 0.037, true], [""template"", 19, 0.925, 0.0177, 0.007, true]]"
42	34	0	1.23	0.006	True	template	0.95	0.011	2522	2532	18	2500	92.0	0.412	0.5	30	"[[""cache"", 19, 0.906, 0.011, 0.025, true], [""cache-scaled"", 19, 0.931, 0.011, 0.026, true], [""detected"", 19, 0.931, 0.011, 0.029, true], [""enh-detected"", 19, 0.931, 0.011, 0.038, true], [""template"", 19, 0.95, 0.011, 0.006, true]]"
43	35	0	1.16	0.007	True	template	0.975	0.0187	2531	2531	18	2490	92.0	0.4	0.71	31	"[[""cache+5px"", 19, 0.938, 0.0187, 0.034, true], [""detected+5px"", 19, 0.938, 0.0187, 0.034, true], [""enh-detected+5px"", 19, 0.938, 0.0187, 0.034, true], [""template"", 19, 0.975, 0.0187, 0.007, true]]"
44	35	0	1.18	0.013	True	template	0.963	0.0065	2528	2528	18	2494	92.0	0.343	0.656	32	"[[""cache"", 19, 0.925, 0.0065, 0.038, true], [""detected"", 19, 0.925, 0.0065, 0.038, true], [""enh-detected"", 19, 0.925, 0.0065, 0.042, true], [""template"", 19, 0.963, 0.0065, 0.013, true]]"
45	36	0	1.09	0.031	True	template	0.963	0.0145	2536	2536	18	2494	92.0	0.417	0.968	31	"[[""cache"", 19, 0.925, 0.0145, 0.056, true], [""detected"", 19, 0.925, 0.0145, 0.056, true], [""enh-detected"", 19, 0.9, 0.0143, 0.194, true], [""template"", 19, 0.963, 0.0145, 0.031, true]]"
46	35	0	1.6	0.013	True	template	0.956	0.0079	2542	2542	18	2490	92.0	0.514	0.941	34	"[[""cache"", 19, 0.919, 0.0079, 0.046, true], [""detected"", 19, 0.919, 0.0079, 0.046, true], [""enh-detected+2px"", 19, 0.887, 0.0067, 0.399, false], [""template"", 19, 0.956, 0.0079, 0.013, true]]"
47	35	0	1.45	0.005	True	template	0.963	0.0129	2513	2543	18	2490	92.0	0.457	0.958	24	"[[""cache"", 19, 0.906, 0.0129, 0.018, true], [""cache-scaled"", 19, 0.938, 0.0129, 0.018, true], [""detected"", 19, 0.938, 0.0129, 0.032, true], [""enh-detected"", 19, 0.887, 0.0129, 0.204, true], [""template"", 19, 0.963, 0.0129, 0.005, true]]"
48	35	0	1.24	0.007	True	template	0.963	0.0077	2519	2545	18	2498	93.0	0.457	1.0	23	"[[""cache"", 19, 0.919, 0.0077, 0.018, true], [""cache-scaled"", 19, 0.944, 0.0077, 0.018, true], [""detected"", 19, 0.944, 0.0077, 0.029, true], [""enh-detected"", 19, 0.838, 0.0073, 0.201, true], [""template"", 19, 0.963, 0.0077, 0.007, true]]"
49	35	0	1.31	0.007	True	template	0.944	0.0071	2517	2551	18	2498	93.0	0.371	0.571	28	"[[""cache"", 19, 0.9, 0.0071, 0.036, true], [""cache-scaled"", 19, 0.919, 0.0071, 0.036, true], [""detected"", 19, 0.906, 0.0072, 0.05, true], [""enh-detected"", 19, 0.919, 0.0071, 0.047, true], [""template"", 19, 0.944, 0.0071, 0.007, true]]"
50	35	0	1.63	0.007	True	template	0.969	0.0126	2523	2543	18	2494	92.0	0.714	0.882	34	"[[""cache"", 19, 0.9, 0.0126, 0.034, true], [""cache-scaled"", 19, 0.931, 0.0126, 0.035, true], [""detected"", 19, 0.931, 0.0126, 0.04, true], [""enh-detected"", 19, 0.931, 0.0126, 0.034, true], [""template"", 19, 0.969, 0.0126, 0.007, true]]"
51	34	0	1.62	0.006	True	template	0.956	0.0057	2523	2541	18	2496	92.0	0.588	0.938	32	"[[""cache"", 19, 0.9, 0.0057, 0.032, true], [""cache-scaled"", 19, 0.919, 0.0057, 0.033, true], [""detected"", 19, 0.919, 0.0057, 0.04, true], [""enh-detected"", 19, 0.919, 0.0057, 0.041, true], [""template"", 19, 0.956, 0.0057, 0.006, true]]"
52	35	0	1.45	0.007	True	template	0.963	0.0119	2526	2550	18	2500	93.0	0.457	0.931	29	"[[""cache"", 19, 0.9, 0.0119, 0.028, true], [""cache-scaled"", 19, 0.912, 0.0119, 0.027, true], [""detected"", 19, 0.912, 0.0119, 0.029, true], [""enh-detected"", 19, 0.912, 0.0119, 0.029, true], [""template"", 19, 0.963, 0.0119, 0.007, true]]"
53	34	0	1.5	0.014	True	template	0.963	0.0189	2544	2558	18	2504	92.0	0.529	0.903	31	"[[""cache"", 19, 0.9, 0.0189, 0.035, true], [""cache-scaled"", 19, 0.919, 0.0189, 0.035, true], [""detected"", 19, 0.912, 0.0189, 0.042, true], [""enh-detected"", 19, 0.919, 0.0189, 0.045, true], [""template"", 19, 0.963, 0.0189, 0.014, true]]"
54	34	0	1.43	0.012	True	template	0.95	0.0105	2541	2565	18	2500	92.0	0.471	1.0	26	"[[""cache"", 19, 0.9, 0.0105, 0.038, true], [""cache-scaled"", 19, 0.919, 0.0105, 0.038, true], [""detected"", 19, 0.912, 0.0105, 0.045, true], [""enh-detected"", 19, 0.863, 0.0103, 0.196, true], [""template"", 19, 0.95, 0.0105, 0.012, true]]"
55	34	0	1.0	0.034	True	template	0.981	0.0297	2593	2593	18	2514	92.0	0.412	0.676	34	"[[""cache"", 19, 0.95, 0.0297, 0.042, true], [""detected"", 19, 0.95, 0.0297, 0.042, true], [""enh-detected"", 19, 0.95, 0.0297, 0.042, true], [""template"", 19, 0.981, 0.0297, 0.034, true]]"
56	33	0	1.85	0.037	True	template	0.944	0.0117	2595	2595	18	2514	93.0	0.515	0.567	30	"[[""cache"", 19, 0.919, 0.0117, 0.049, true], [""detected"", 19, 0.919, 0.0117, 0.049, true], [""enh-detected"", 19, 0.919, 0.0117, 0.049, true], [""template"", 19, 0.944, 0.0117, 0.037, true]]"
57	34	0	1.6	0.027	True	template	0.956	0.0124	2572	2596	18	2504	91.0	0.412	0.722	36	"[[""cache"", 19, 0.906, 0.0125, 0.035, true], [""cache-scaled"", 19, 0.938, 0.0125, 0.035, true], [""detected"", 19, 0.938, 0.0125, 0.043, true], [""enh-detected"", 19, 0.856, 0.0123, 0.232, true], [""template"", 19, 0.956, 0.0124, 0.027, true]]"
58	34	0	1.54	0.033	True	template	0.944	0.0232	2575	2585	18	2494	91.0	0.971	0.971	35	"[[""cache"", 19, 0.9, 0.0232, 0.048, true], [""cache-scaled"", 19, 0.912, 0.0232, 0.048, true], [""detected"", 19, 0.912, 0.0232, 0.05, true], [""enh-detected"", 19, 0.825, 0.023, 0.236, true], [""template"", 19, 0.944, 0.0232, 0.033, true]]"
59	33	0	1.74	0.046	True	template	0.956	0.0197	2590	2590	18	2510	92.0	0.182	0.333	30	"[[""cache"", 19, 0.931, 0.0197, 0.06, true], [""detected"", 19, 0.931, 0.0197, 0.06, true], [""enh-detected"", 19, 0.906, 0.0188, 0.187, true], [""template"", 19, 0.956, 0.0197, 0.046, true]]"
60	35	0	1.82	0.026	True	template	0.969	0.0099	2568	2568	18	2504	92.0	0.743	0.971	34	"[[""cache"", 19, 0.919, 0.0099, 0.057, true], [""detected"", 19, 0.919, 0.0099, 0.057, true], [""enh-detected"", 19, 0.863, 0.0097, 0.221, true], [""template"", 19, 0.969, 0.0099, 0.026, true]]"
61	35	0	1.4	0.019	True	template	0.938	0.0095	2537	2553	18	2488	92.0	0.571	0.862	29	"[[""cache"", 19, 0.906, 0.0095, 0.03, true], [""cache-scaled"", 19, 0.931, 0.0095, 0.03, true], [""detected"", 19, 0.925, 0.0095, 0.035, true], [""enh-detected"", 19, 0.887, 0.0093, 0.255, false], [""template"", 19, 0.938, 0.0095, 0.019, true]]"
62	35	0	1.38	0.046	True	template	0.938	0.0164	2554	2554	18	2458	91.0	0.886	0.971	35	"[[""cache"", 19, 0.825, 0.0219, 0.429, false], [""detected"", 19, 0.825, 0.0219, 0.429, false], [""enh-detected+8px"", 19, 0.794, 0.0316, 0.23, false], [""template"", 19, 0.938, 0.0164, 0.046, true]]"
63	34	0	1.36	0.014	True	template	0.944	0.0053	2523	2551	18	2478	92.0	0.5	0.969	32	"[[""cache"", 19, 0.887, 0.0052, 0.296, false], [""cache-scaled"", 19, 0.9, 0.0052, 0.295, false], [""detected"", 19, 0.912, 0.0053, 0.057, true], [""enh-detected"", 19, 0.912, 0.0053, 0.057, true], [""template"", 19, 0.944, 0.0053, 0.014, true]]"
64	34	0	1.34	0.013	True	template	0.919	0.0073	2543	2571	18	2500	92.0	0.647	0.929	28	"[[""cache+8px"", 19, 0.906, 0.0073, 0.042, true], [""cache-scaled+8px"", 19, 0.906, 0.0073, 0.034, true], [""detected+8px"", 19, 0.9, 0.0071, 0.044, true], [""enh-detected-10px"", 19, 0.863, 0.0067, 0.207, true], [""template"", 19, 0.919, 0.0073, 0.013, true]]"
65	34	0	1.32	0.012	True	template	0.9	0.0027	2545	2573	18	2504	92.0	0.441	0.875	32	"[[""cache"", 19, 0.9, 0.0027, 0.044, true], [""cache-scaled"", 19, 0.9, 0.0027, 0.043, true], [""detected"", 19, 0.9, 0.0027, 0.052, true], [""enh-detected"", 19, 0.9, 0.0027, 0.055, true], [""template"", 19, 0.9, 0.0027, 0.012, true]]"
66	34	0	1.38	0.009	True	template	0.919	0.0088	2539	2575	18	2508	91.0	0.853	0.909	33	"[[""cache"", 19, 0.912, 0.0088, 0.039, true], [""cache-scaled"", 19, 0.919, 0.0088, 0.04, true], [""detected"", 19, 0.919, 0.0088, 0.041, true], [""enh-detected"", 19, 0.925, 0.0088, 0.046, true], [""template"", 19, 0.919, 0.0088, 0.009, true]]"
67	34	0	1.51	0.01	True	template	0.938	0.0106	2537	2563	18	2498	91.0	0.618	0.914	35	"[[""cache"", 19, 0.912, 0.0106, 0.03, true], [""cache-scaled+4px"", 19, 0.919, 0.0106, 0.03, true], [""detected"", 19, 0.912, 0.0106, 0.046, true], [""enh-detected"", 19, 0.838, 0.0109, 0.388, false], [""template"", 19, 0.938, 0.0106, 0.01, true]]"
68	34	0	1.51	0.011	True	template	0.95	0.0101	2535	2561	18	2496	91.0	0.882	1.0	33	"[[""cache+2px"", 19, 0.919, 0.0101, 0.035, true], [""cache-scaled+2px"", 19, 0.919, 0.0101, 0.028, true], [""detected+2px"", 19, 0.912, 0.0101, 0.037, true], [""enh-detected+8px"", 19, 0.894, 0.0101, 0.238, true], [""template"", 19, 0.95, 0.0101, 0.011, true]]"
69	34	0	1.36	0.007	True	template	0.938	0.0267	2535	2561	18	2508	92.0	0.441	0.864	22	"[[""cache-10px"", 19, 0.887, 0.027, 0.051, true], [""cache-scaled"", 19, 0.912, 0.0267, 0.053, true], [""detected"", 19, 0.875, 0.0286, 0.058, true], [""enh-detected-10px"", 19, 0.806, 0.0264, 0.269, true], [""template"", 19, 0.938, 0.0267, 0.007, true]]"
70	33	0	1.87	0.01	True	template	0.95	0.0079	2541	2563	18	2506	92.0	0.909	0.941	34	"[[""cache-1px"", 19, 0.919, 0.0079, 0.049, true], [""cache-scaled+10px"", 19, 0.906, 0.0079, 0.047, true], [""detected"", 19, 0.869, 0.0079, 0.054, true], [""enh-detected-10px"", 19, 0.894, 0.0079, 0.059, true], [""template"", 19, 0.95, 0.0079, 0.01, true]]"
71	35	0	1.53	0.014	True	template	0.963	0.0264	2544	2560	18	2496	91.0	0.6	1.0	31	"[[""cache"", 19, 0.912, 0.0264, 0.049, true], [""cache-scaled"", 19, 0.938, 0.0264, 0.048, true], [""detected"", 19, 0.931, 0.0264, 0.055, true], [""enh-detected"", 19, 0.931, 0.0264, 0.054, true], [""template"", 19, 0.963, 0.0264, 0.014, true]]"
72	35	0	1.77	0.018	True	template	0.95	0.0078	2544	2562	18	2488	91.5	0.486	1.0	27	"[[""cache+7px"", 19, 0.831, 0.0099, 0.085, true], [""cache-scaled-10px"", 19, 0.875, 0.0088, 0.074, true], [""detected+7px"", 19, 0.831, 0.0099, 0.085, true], [""enh-detected"", 19, 0.769, 0.0083, 0.271, true], [""template"", 19, 0.95, 0.0078, 0.018, true]]"
73	34	0	1.42	0.044	True	template	0.956	0.0143	2565	2565	18	2500	92.0	0.353	0.765	34	"[[""cache-10px"", 19, 0.881, 0.0184, 0.474, false], [""detected-10px"", 19, 0.881, 0.0184, 0.474, false], [""enh-detected-10px"", 19, 0.894, 0.0143, 0.279, false], [""template"", 19, 0.956, 0.0143, 0.044, true]]"
74	34	0	1.49	0.013	True	template	0.956	0.0086	2541	2567	18	2498	92.0	0.441	0.97	33	"[[""cache-7px"", 19, 0.887, 0.0084, 0.289, false], [""cache-scaled"", 19, 0.869, 0.0084, 0.294, false], [""detected-10px"", 19, 0.925, 0.0086, 0.061, true], [""enh-detected-5px"", 18, 0.789, 0.0033, 9.9, false], [""template"", 19, 0.956, 0.0086, 0.013, true]]"
75	34	0	1.75	0.015	True	template	0.944	0.0096	2553	2599	18	2502	92.0	0.5	0.967	30	"[[""cache-10px"", 15, 0.773, 0.0075, 9.9, false], [""cache-scaled"", 15, 0.891, 0.0081, 9.9, false], [""detected+4px"", 19, 0.731, 0.0043, 0.391, false], [""enh-detected-6px"", 19, 0.681, 0.0076, 0.391, false], [""template"", 19, 0.944, 0.0096, 0.015, true]]"
76	34	0	1.51	0.013	True	template	0.956	0.0029	2542	2572	18	2502	92.0	0.176	0.241	29	"[[""cache-10px"", 19, 0.919, 0.0038, 0.311, false], [""cache-scaled"", 19, 0.919, 0.0038, 0.299, false], [""detected-10px"", 19, 0.925, 0.0099, 0.433, false], [""enh-detected-10px"", 19, 0.794, 0.0046, 0.301, false], [""template"", 19, 0.956, 0.0029, 0.013, true]]"
77	35	0	1.52	0.017	True	template	0.944	0.0068	2554	2592	18	2498	93.0	0.429	0.706	34	"[[""cache-10px"", 19, 0.775, 0.0076, 0.335, false], [""cache-scaled"", 19, 0.869, 0.0061, 0.32, false], [""detected-10px"", 19, 0.8, 0.0077, 0.335, false], [""enh-detected-7px"", 19, 0.756, 0.005, 0.312, false], [""template"", 19, 0.944, 0.0068, 0.017, true]]"
78	34	0	1.29	0.013	True	template	0.938	0.0086	2546	2570	18	2502	92.0	0.5	0.933	30	"[[""cache-10px"", 19, 0.875, 0.0093, 0.065, true], [""cache-scaled"", 19, 0.906, 0.0087, 0.059, true], [""detected"", 19, 0.919, 0.0084, 0.301, false], [""enh-detected-10px"", 19, 0.881, 0.0081, 0.232, true], [""template"", 19, 0.938, 0.0086, 0.013, true]]"
79	34	0	1.35	0.014	True	template	0.963	0.0051	2539	2569	18	2502	92.0	0.471	0.607	28	"[[""cache"", 19, 0.912, 0.0059, 0.3, false], [""cache-scaled"", 19, 0.938, 0.0059, 0.3, false], [""detected"", 19, 0.938, 0.0059, 0.321, false], [""enh-detected-10px"", 19, 0.844, 0.0054, 0.214, true], [""template"", 19, 0.963, 0.0051, 0.014, true]]"
80	34	0	1.56	0.014	True	template	0.95	0.0029	2542	2572	18	2498	91.0	0.412	0.871	31	"[[""cache-10px"", 19, 0.925, 0.0029, 0.039, true], [""cache-scaled"", 19, 0.925, 0.0029, 0.043, true], [""detected"", 19, 0.925, 0.0029, 0.052, true], [""enh-detected"", 19, 0.925, 0.0028, 0.308, false], [""template"", 19, 0.95, 0.0029, 0.014, true]]"
81	34	0	1.37	0.014	True	template	0.938	0.0199	2555	2579	18	2514	92.0	0.353	0.545	33	"[[""cache-10px"", 19, 0.787, 0.0196, 0.434, false], [""cache-scaled-10px"", 19, 0.806, 0.019, 0.427, false], [""detected-9px"", 19, 0.844, 0.0202, 0.438, false], [""enh-detected-10px"", 19, 0.7, 0.0187, 0.23, true], [""template"", 19, 0.938, 0.0199, 0.014, true]]"
82	34	0	1.34	0.017	True	template	0.95	0.0074	2560	2578	18	2510	92.5	0.324	0.536	28	"[[""cache"", 19, 0.863, 0.0081, 0.284, false], [""cache-scaled"", 19, 0.881, 0.0081, 0.284, false], [""detected"", 19, 0.881, 0.0081, 0.291, false], [""enh-detected-10px"", 19, 0.863, 0.0081, 0.364, false], [""template"", 19, 0.95, 0.0074, 0.017, true]]"
83	34	0	1.39	0.019	True	template	0.944	0.0275	2562	2578	18	2506	92.0	0.324	0.581	31	"[[""cache"", 19, 0.912, 0.0284, 0.301, false], [""cache-scaled"", 19, 0.925, 0.0284, 0.301, false], [""detected"", 19, 0.925, 0.0284, 0.308, false], [""enh-detected+8px"", 18, 0.816, 0.0277, 9.9, false], [""template"", 19, 0.944, 0.0275, 0.019, true]]"
84	34	0	1.36	0.019	True	template	0.95	0.0085	2564	2576	18	2508	92.0	0.324	0.656	32	"[[""cache"", 19, 0.887, 0.0102, 0.322, false], [""cache-scaled"", 19, 0.856, 0.0098, 0.317, false], [""detected"", 19, 0.831, 0.0102, 0.317, false], [""enh-detected"", 19, 0.831, 0.0102, 0.319, false], [""template"", 19, 0.95, 0.0085, 0.019, true]]"
85	34	0	1.36	0.023	True	template	0.944	0.0083	2573	2573	18	2512	92.0	0.294	0.9	30	"[[""cache"", 19, 0.819, 0.0084, 0.318, false], [""detected"", 19, 0.819, 0.0084, 0.318, false], [""enh-detected"", 19, 0.869, 0.0083, 0.299, false], [""template"", 19, 0.944, 0.0083, 0.023, true]]"
86	34	0	1.35	0.027	True	template	0.944	0.0162	2573	2573	18	2506	93.0	0.059	0.233	30	"[[""cache"", 19, 0.812, 0.0167, 0.323, false], [""detected"", 19, 0.812, 0.0167, 0.323, false], [""enh-detected"", 19, 0.863, 0.0156, 0.292, false], [""template"", 19, 0.944, 0.0162, 0.027, true]]"
87	34	0	1.48	0.053	True	template	0.944	0.013	2590	2590	18	2518	91.5	0.618	0.971	35	"[[""cache"", 19, 0.844, 0.0131, 0.458, false], [""detected"", 19, 0.844, 0.0131, 0.458, false], [""enh-detected"", 19, 0.85, 0.0128, 0.45, false], [""template"", 19, 0.944, 0.013, 0.053, true]]"
88	34	0	1.85	0.036	True	template	0.95	0.0194	2571	2601	18	2494	92.5	0.529	0.906	32	"[[""cache"", 19, 0.781, 0.02, 0.427, false], [""cache-scaled"", 19, 0.812, 0.0192, 0.428, false], [""detected-10px"", 19, 0.769, 0.0215, 0.427, false], [""enh-detected-10px"", 19, 0.762, 0.0157, 0.43, false], [""template"", 19, 0.95, 0.0194, 0.036, true]]"
89	34	0	1.48	0.032	True	template	0.956	0.0142	2579	2605	18	2510	92.0	0.471	1.0	30	"[[""cache+2px"", 19, 0.787, 0.0158, 0.302, false], [""cache-scaled+2px"", 19, 0.844, 0.0143, 0.295, false], [""detected-10px"", 19, 0.919, 0.013, 0.305, false], [""enh-detected-10px"", 19, 0.856, 0.0141, 0.315, false], [""template"", 19, 0.956, 0.0142, 0.032, true]]"
90	34	0	1.32	0.039	True	template	0.956	0.0094	2586	2604	18	2504	93.0	0.235	0.286	35	"[[""cache-10px"", 19, 0.919, 0.0095, 0.306, false], [""cache-scaled-10px"", 19, 0.9, 0.0095, 0.307, false], [""detected+3px"", 19, 0.794, 0.0096, 0.294, false], [""enh-detected"", 19, 0.881, 0.0094, 0.303, false], [""template"", 19, 0.956, 0.0094, 0.039, true]]"
91	34	0	1.43	0.032	True	template	0.956	0.0101	2581	2601	18	2510	92.0	0.441	0.767	30	"[[""cache"", 19, 0.9, 0.01, 0.281, false], [""cache-scaled"", 19, 0.925, 0.01, 0.281, false], [""detected"", 19, 0.906, 0.0102, 0.302, false], [""enh-detected+6px"", 19, 0.831, 0.01, 0.354, true], [""template"", 19, 0.956, 0.0101, 0.032, true]]"
92	34	0	1.51	0.033	True	template	0.95	0.0223	2586	2598	18	2512	91.5	0.5	0.912	34	"[[""cache"", 19, 0.894, 0.0223, 0.273, false], [""cache-scaled"", 19, 0.912, 0.0223, 0.272, false], [""detected"", 19, 0.912, 0.0222, 0.293, false], [""enh-detected"", 19, 0.912, 0.0222, 0.293, false], [""template"", 19, 0.95, 0.0223, 0.033, true]]"
93	35	0	1.47	0.038	True	template	0.931	0.0196	2596	2596	18	2514	92.5	0.429	0.647	34	"[[""cache"", 19, 0.906, 0.0194, 0.291, false], [""detected"", 19, 0.906, 0.0194, 0.291, false], [""enh-detected"", 19, 0.906, 0.0194, 0.291, false], [""template"", 19, 0.931, 0.0196, 0.038, true]]"
94	34	0	1.82	0.032	True	template	0.931	0.0267	2574	2602	15	2494	92.0	0.441	0.742	31	"[[""cache"", 19, 0.906, 0.0266, 0.289, false], [""cache-scaled"", 19, 0.906, 0.0266, 0.288, false], [""detected"", 19, 0.906, 0.0265, 0.312, false], [""enh-detected"", 19, 0.906, 0.0265, 0.306, false], [""template"", 19, 0.931, 0.0267, 0.032, true]]"
95	34	0	1.83	0.036	True	template	0.925	0.0068	2562	2618	17	2494	92.0	0.412	0.962	26	"[[""cache-10px"", 19, 0.894, 0.0069, 0.286, false], [""cache-scaled"", 19, 0.894, 0.0069, 0.269, false], [""detected"", 19, 0.894, 0.0067, 0.302, false], [""enh-detected"", 19, 0.894, 0.0067, 0.298, false], [""template"", 19, 0.925, 0.0068, 0.036, true]]"
96	34	0	1.31	0.027	True	template	0.944	0.0057	2579	2615	18	2518	92.5	0.147	0.25	28	"[[""cache"", 19, 0.894, 0.0055, 0.279, false], [""cache-scaled"", 19, 0.906, 0.0055, 0.279, false], [""detected"", 19, 0.906, 0.0056, 0.287, false], [""enh-detected"", 19, 0.906, 0.0056, 0.294, false], [""template"", 19, 0.944, 0.0057, 0.027, true]]"
97	34	0	1.26	0.017	True	template	0.931	0.0047	2562	2614	18	2510	92.5	0.441	0.781	32	"[[""cache-10px"", 19, 0.912, 0.0061, 0.285, false], [""cache-scaled"", 19, 0.894, 0.0059, 0.275, false], [""detected-10px"", 19, 0.925, 0.0063, 0.306, false], [""enh-detected-10px"", 19, 0.9, 0.006, 0.354, false], [""template"", 19, 0.931, 0.0047, 0.017, true]]"
98	34	0	1.37	0.018	True	template	0.938	0.0064	2563	2619	18	2512	92.0	0.412	0.586	29	"[[""cache"", 19, 0.875, 0.0066, 0.285, false], [""cache-scaled"", 19, 0.894, 0.0068, 0.285, false], [""detected"", 19, 0.894, 0.0068, 0.313, false], [""enh-detected"", 19, 0.894, 0.007, 0.31, false], [""template"", 19, 0.938, 0.0064, 0.018, true]]"
99	34	0	1.7	0.015	True	template	0.938	0.0137	2559	2617	18	2520	92.0	0.735	0.886	35	"[[""cache-10px"", 19, 0.869, 0.0158, 0.298, false], [""cache-scaled"", 19, 0.869, 0.0158, 0.29, false], [""detected-10px"", 19, 0.919, 0.0158, 0.32, false], [""enh-detected-10px"", 19, 0.869, 0.0123, 0.407, false], [""template"", 19, 0.938, 0.0137, 0.015, true]]"
100	34	0	1.61	0.018	True	template	0.938	0.0206	2562	2620	18	2510	92.0	0.971	1.0	34	"[[""cache-10px"", 19, 0.887, 0.0233, 0.288, false], [""cache-scaled"", 19, 0.869, 0.0232, 0.274, false], [""detected-10px"", 19, 0.887, 0.0232, 0.302, false], [""enh-detected-10px"", 19, 0.863, 0.0209, 0.357, false], [""template"", 19, 0.938, 0.0206, 0.018, true]]"
101	35	0	1.76	0.185	True	template-10px	0.494	0.0304	2780	2780	11	2458	92.0	0.686	0.943	35	"[[""cache-10px"", 19, 0.894, 0.0188, 0.299, false], [""detected-10px"", 19, 0.894, 0.0188, 0.299, false], [""enh-detected-9px"", 19, 0.819, 0.0163, 0.299, true], [""template-10px"", 19, 0.494, 0.0304, 0.185, true]]"
