page	n_rows	rows_added_top	head_gap	width_dev	wide_ok	col_source	col_score	ink_cross	candidates
1	4	0	0.272	True	-0.33	template+51px	0.713	0.0439	"[[""cache-10px"", 11, 0.74, 0.0407, 9.9, false], [""cache-scaled-7px"", 11, 0.677, 0.05, 9.9, false], [""detected-1px"", 9, 0.713, 0.0262, 9.9, false], [""enh-detected+5px"", 16, 0.618, 0.0315, 9.9, false], [""template+51px"", 19, 0.713, 0.0439, 0.272, true]]"
3	34	0	0.084	True	0.56	cache	0.675	0.0123	"[[""cache"", 19, 0.675, 0.0123, 0.084, true], [""cache-scaled+9px"", 19, 0.744, 0.0187, 0.091, true], [""detected-10px"", 19, 0.919, 0.0053, 0.321, false], [""enh-detected-10px"", 19, 0.863, 0.0054, 0.197, true], [""template-4px"", 19, 0.725, 0.0155, 0.147, true]]"
4	35	0	0.065	True	-0.07	detected+5px	0.969	0.0047	"[[""cache-2px"", 19, 0.619, 0.0175, 0.122, true], [""cache-scaled-6px"", 19, 0.606, 0.0316, 0.122, true], [""detected+5px"", 19, 0.969, 0.0047, 0.065, true], [""enh-detected+5px"", 19, 0.738, 0.0021, 0.384, false], [""template+2px"", 19, 0.787, 0.0147, 0.284, true]]"
5	35	0	0.089	True	-0.16	cache+4px	0.6	0.0127	"[[""cache+4px"", 19, 0.6, 0.0127, 0.089, true], [""cache-scaled+2px"", 19, 0.731, 0.016, 0.089, true], [""detected-10px"", 18, 0.974, 0.004, 9.9, false], [""enh-detected+3px"", 19, 0.681, 0.0127, 0.231, true], [""template-4px"", 19, 0.706, 0.0117, 0.285, true]]"
6	35	0	0.065	True	0.62	detected+8px	0.919	0.0072	"[[""cache-8px"", 19, 0.613, 0.0136, 0.106, true], [""cache-scaled"", 19, 0.738, 0.0106, 0.106, true], [""detected+8px"", 19, 0.919, 0.0072, 0.065, true], [""enh-detected-5px"", 19, 0.744, 0.0112, 0.388, false], [""template+3px"", 19, 0.694, 0.0195, 0.289, true]]"
9	35	0	0.032	True	0.71	detected-10px	1.0	0.0031	"[[""cache+100px"", 19, 0.969, 0.0031, 0.071, true], [""cache-scaled+9px"", 19, 0.719, 0.0081, 0.073, true], [""detected-10px"", 19, 1.0, 0.0031, 0.032, true], [""enh-detected-10px"", 19, 0.981, 0.0022, 0.185, false], [""template-8px"", 19, 0.769, 0.0067, 0.284, true]]"
10	27	0	0.033	True	0.41	detected-10px	0.963	0.0167	"[[""detected-10px"", 19, 0.963, 0.0167, 0.033, true], [""enh-detected-10px"", 19, 0.844, 0.017, 0.271, false], [""template-5px"", 19, 0.588, 0.0133, 0.285, true]]"
11	28	0	0.021	True	0.46	detected-4px	0.975	0.0196	"[[""cache-9px"", 19, 0.619, 0.0124, 0.062, true], [""cache-scaled+6px"", 19, 0.844, 0.0147, 0.061, true], [""detected-4px"", 19, 0.975, 0.0196, 0.021, true], [""enh-detected-4px"", 19, 0.925, 0.0178, 0.395, false], [""template-10px"", 19, 0.531, 0.0109, 0.198, true]]"
12	34	0	0.022	True	0.74	detected-10px	0.95	0.0434	"[[""cache-10px"", 19, 0.444, 0.0369, 0.059, true], [""cache-scaled+4px"", 19, 0.875, 0.0321, 0.057, true], [""detected-10px"", 19, 0.95, 0.0434, 0.022, true], [""enh-detected-10px"", 19, 0.919, 0.0434, 0.21, true], [""template"", 19, 0.706, 0.024, 0.286, true]]"
13	35	0	0.024	True	0.54	cache-10px	0.969	0.0396	"[[""cache-10px"", 19, 0.969, 0.0396, 0.024, true], [""detected-10px"", 19, 0.969, 0.0396, 0.024, true], [""enh-detected-10px"", 19, 0.944, 0.039, 0.253, false], [""template-9px"", 19, 0.662, 0.0175, 0.198, true]]"
14	27	0	0.023	True	0.26	cache-10px	0.981	0.0316	"[[""cache-10px"", 19, 0.981, 0.0316, 0.023, true], [""detected-10px"", 19, 0.981, 0.0316, 0.023, true], [""enh-detected-2px"", 19, 0.969, 0.0325, 0.203, true], [""template-10px"", 19, 0.519, 0.0144, 0.202, true]]"
15	33	2	0.023	True	0.3	cache-10px	0.969	0.0393	"[[""cache-10px"", 19, 0.969, 0.0393, 0.023, true], [""detected-10px"", 19, 0.969, 0.0393, 0.023, true], [""enh-detected-10px"", 19, 0.881, 0.0389, 0.203, true], [""template-9px"", 19, 0.594, 0.0172, 0.199, true]]"
16	35	0	0.024	True	0.64	cache-10px	0.969	0.0279	"[[""cache-10px"", 19, 0.969, 0.0279, 0.024, true], [""detected-10px"", 19, 0.969, 0.0279, 0.024, true], [""enh-detected-10px"", 19, 0.95, 0.0283, 0.208, true], [""template+88px"", 19, 0.706, 0.0189, 0.216, true]]"
17	35	0	0.311	True	0.26	template-10px	0.706	0.0071	"[[""cache-10px"", 19, 0.969, 0.0304, 0.422, false], [""detected-10px"", 19, 0.969, 0.0304, 0.422, false], [""enh-detected-10px"", 19, 0.931, 0.0306, 0.429, false], [""template-10px"", 19, 0.706, 0.0071, 0.311, true]]"
18	35	3	0.037	True	0.22	cache-6px	0.95	0.1194	"[[""cache-6px"", 19, 0.95, 0.1194, 0.037, true], [""detected-6px"", 19, 0.95, 0.1194, 0.037, true], [""enh-detected+2px"", 18, 0.737, 0.1012, 9.9, false], [""template-1px"", 19, 0.594, 0.0734, 0.294, true]]"
19	34	0	0.165	True	0.39	template+8px	0.713	0.0145	"[[""cache-5px"", 19, 0.931, 0.0044, 0.469, false], [""detected-5px"", 19, 0.931, 0.0044, 0.469, false], [""enh-detected+4px"", 18, 0.717, 0.0046, 9.9, false], [""template+8px"", 19, 0.713, 0.0145, 0.165, true]]"
20	34	0	0.065	True	0.4	cache+4px	0.894	0.0134	"[[""cache+4px"", 19, 0.894, 0.0134, 0.065, true], [""detected+4px"", 19, 0.894, 0.0134, 0.065, true], [""enh-detected-10px"", 18, 0.737, 0.0094, 9.9, false], [""template-99px"", 19, 0.856, 0.0152, 0.191, true]]"
21	29	0	0.129	True	0.66	template-8px	0.731	0.0055	"[[""cache-10px"", 18, 0.98, 0.0015, 9.9, false], [""detected-10px"", 18, 0.98, 0.0015, 9.9, false], [""enh-detected-10px"", 19, 0.838, 0.003, 0.25, true], [""template-8px"", 19, 0.731, 0.0055, 0.129, true]]"
22	29	0	0.017	True	0.38	cache-7px	0.963	0.0147	"[[""cache-7px"", 19, 0.963, 0.0147, 0.017, true], [""detected-7px"", 19, 0.963, 0.0147, 0.017, true], [""enh-detected-10px"", 19, 0.869, 0.0108, 0.223, true], [""template-8px"", 19, 0.675, 0.0128, 0.222, true]]"
23	33	0	0.03	True	0.79	cache-10px	0.963	0.0083	"[[""cache-10px"", 19, 0.963, 0.0083, 0.03, true], [""detected-10px"", 19, 0.963, 0.0083, 0.03, true], [""enh-detected-10px"", 18, 0.836, 0.0114, 9.9, false], [""template-91px"", 19, 0.694, 0.0142, 0.262, true]]"
24	34	1	0.022	True	-0.05	cache-10px	0.963	0.0095	"[[""cache-10px"", 19, 0.963, 0.0095, 0.022, true], [""detected-10px"", 19, 0.963, 0.0095, 0.022, true], [""enh-detected-10px"", 19, 0.906, 0.0049, 0.171, true], [""template+6px"", 19, 0.575, 0.0103, 0.214, true]]"
25	35	1	0.032	True	0.72	cache-10px	0.975	0.0024	"[[""cache-10px"", 19, 0.975, 0.0024, 0.032, true], [""detected-10px"", 19, 0.975, 0.0024, 0.032, true], [""enh-detected-10px"", 19, 0.869, 0.0046, 0.187, true], [""template+92px"", 19, 0.631, 0.0074, 0.325, true]]"
26	30	0	0.028	True	0.77	cache-10px	0.981	0.0449	"[[""cache-10px"", 19, 0.981, 0.0449, 0.028, true], [""detected-10px"", 19, 0.981, 0.0449, 0.028, true], [""enh-detected-10px"", 19, 0.981, 0.0449, 0.027, true], [""template+7px"", 19, 0.594, 0.0244, 0.224, true]]"
27	28	0	0.018	True	0.35	cache-10px	0.969	0.0712	"[[""cache-10px"", 19, 0.969, 0.0712, 0.018, true], [""detected-10px"", 19, 0.969, 0.0712, 0.018, true], [""enh-detected-10px"", 19, 0.969, 0.0712, 0.019, true], [""template+91px"", 19, 0.725, 0.0581, 0.21, true]]"
28	33	2	0.019	True	0.23	cache-10px	0.969	0.0516	"[[""cache-10px"", 19, 0.969, 0.0516, 0.019, true], [""detected-10px"", 19, 0.969, 0.0516, 0.019, true], [""enh-detected-10px"", 19, 0.931, 0.0473, 0.054, true], [""template-6px"", 19, 0.644, 0.0357, 0.197, true]]"
29	34	3	0.015	True	0.63	cache-10px	0.975	0.0853	"[[""cache-10px"", 19, 0.975, 0.0853, 0.015, true], [""detected-10px"", 19, 0.975, 0.0853, 0.015, true], [""enh-detected-10px"", 19, 0.95, 0.0853, 0.251, false], [""template-88px"", 19, 0.556, 0.0465, 0.179, true]]"
30	35	0	0.024	True	0.37	cache-10px	0.969	0.0434	"[[""cache-10px"", 19, 0.969, 0.0434, 0.024, true], [""detected-10px"", 19, 0.969, 0.0434, 0.024, true], [""enh-detected-10px"", 19, 0.906, 0.0414, 0.191, true], [""template-9px"", 19, 0.631, 0.0431, 0.221, true]]"
31	35	0	0.039	True	0.49	cache-10px	0.969	0.0523	"[[""cache-10px"", 19, 0.969, 0.0523, 0.039, true], [""detected-10px"", 19, 0.969, 0.0523, 0.039, true], [""enh-detected-3px"", 19, 0.956, 0.0546, 0.206, true], [""template+88px"", 19, 0.694, 0.0382, 0.265, true]]"
32	29	0	0.029	True	0.51	cache-10px	0.95	0.0099	"[[""cache-10px"", 19, 0.95, 0.0099, 0.029, true], [""detected-10px"", 19, 0.95, 0.0099, 0.029, true], [""enh-detected-10px"", 19, 0.944, 0.0099, 0.033, true], [""template-10px"", 19, 0.731, 0.0112, 0.235, true]]"
12	34	0	0.022	True	0.74	detected-10px	0.95	0.0434	"[[""cache-10px"", 19, 0.444, 0.0369, 0.059, true], [""cache-scaled+4px"", 19, 0.875, 0.0321, 0.057, true], [""detected-10px"", 19, 0.95, 0.0434, 0.022, true], [""enh-detected-10px"", 19, 0.919, 0.0434, 0.21, true], [""template"", 19, 0.706, 0.024, 0.286, true]]"
16	35	0	0.024	True	0.64	cache-10px	0.969	0.0279	"[[""cache-10px"", 19, 0.969, 0.0279, 0.024, true], [""detected-10px"", 19, 0.969, 0.0279, 0.024, true], [""enh-detected-10px"", 19, 0.95, 0.0283, 0.208, true], [""template+88px"", 19, 0.706, 0.0189, 0.216, true]]"
17	35	0	0.311	True	0.26	template-10px	0.706	0.0071	"[[""cache-10px"", 19, 0.969, 0.0304, 0.422, false], [""detected-10px"", 19, 0.969, 0.0304, 0.422, false], [""enh-detected-10px"", 19, 0.931, 0.0306, 0.429, false], [""template-10px"", 19, 0.706, 0.0071, 0.311, true]]"
18	35	3	0.037	True	0.22	cache-6px	0.95	0.1194	"[[""cache-6px"", 19, 0.95, 0.1194, 0.037, true], [""detected-6px"", 19, 0.95, 0.1194, 0.037, true], [""enh-detected+2px"", 18, 0.737, 0.1012, 9.9, false], [""template-1px"", 19, 0.594, 0.0734, 0.294, true]]"
20	34	0	0.065	True	0.4	cache+4px	0.894	0.0134	"[[""cache+4px"", 19, 0.894, 0.0134, 0.065, true], [""detected+4px"", 19, 0.894, 0.0134, 0.065, true], [""enh-detected-10px"", 18, 0.737, 0.0094, 9.9, false], [""template-99px"", 19, 0.856, 0.0152, 0.191, true]]"
17	35	0	0.26	0.043	True	template-10px	0.975	0.0304	2619	2467	18	2528	"[[""cache-10px"", 19, 0.975, 0.0303, 0.422, false], [""cache-scaled-10px"", 19, 0.575, 0.0198, 0.421, false], [""detected-10px"", 19, 0.975, 0.0305, 0.426, false], [""enh-detected-8px"", 19, 0.956, 0.0305, 0.264, true], [""template-10px"", 19, 0.975, 0.0304, 0.043, true]]"
