row	col	state	som	baseer
0	Serial_No	MATCH	١	١
0	Date	MISMATCH	٩٢٨	٩٦٨
0	Property_recorded_under_Block_No	MATCH	٤١٢٢	٤١٢٢
0	Property_recorded_under_Parcel_No	MATCH	٤	٤
0	Parcel_Cat_No	MATCH	١٠	١٠
0	Parcel_Area	MATCH	٢٤,٩٢٥	٢٤,٩٢٥
0	Nature_of_Entry	MISMATCH	تخ	٣
0	New_Serial_No	BOTH_EMPTY		
0	Reference_to_Register_of_Changes_Volume_No	MISMATCH	✓	السبت
0	Reference_to_Register_of_Changes_Serial_No	MISMATCH	٦٢٠	٦٣٠
0	Tax_LP	MISMATCH	✓	.
0	Tax_Mils	MATCH	٦٢٩	٦٢٩
0	Total_Tax_LP	BOTH_EMPTY		
0	Total_Tax_Mils	BOTH_EMPTY		
0	Reference_to_Register_of_Exemptions_Entry_No	BOTH_EMPTY		
0	Reference_to_Register_of_Exemptions_Amount_LP	BOTH_EMPTY		
0	Reference_to_Register_of_Exemptions_Amount_Mils	BOTH_EMPTY		
0	Net_Assessment_LP	BOTH_EMPTY		
0	Net_Assessment_Mils	BOTH_EMPTY		
0	Remarks	BOTH_EMPTY		
1	Serial_No	MATCH	٢	٢
1	Date	MISMATCH	""""	٢
1	Property_recorded_under_Block_No	MISMATCH	٤١٢٣	٤١٦٢
1	Property_recorded_under_Parcel_No	MATCH	١	١
1	Parcel_Cat_No	MATCH	١٠	١٠
1	Parcel_Area	MISMATCH	٤,٧٢٩	٤٧٢٩
1	Nature_of_Entry	MISMATCH	""""	٤
1	New_Serial_No	MISMATCH	١١٧	الثلاثاء
1	Reference_to_Register_of_Changes_Volume_No	MISMATCH	✓	الثلاثاء
1	Reference_to_Register_of_Changes_Serial_No	MISMATCH	.٩٠	-٩-
1	Tax_LP	MISMATCH	✓	.
1	Tax_Mils	MISMATCH	.٨٥	١٥
1	Total_Tax_LP	BOTH_EMPTY		
1	Total_Tax_Mils	BOTH_EMPTY		
1	Reference_to_Register_of_Exemptions_Entry_No	BOTH_EMPTY		
1	Reference_to_Register_of_Exemptions_Amount_LP	BOTH_EMPTY		
1	Reference_to_Register_of_Exemptions_Amount_Mils	BOTH_EMPTY		
1	Net_Assessment_LP	BOTH_EMPTY		
1	Net_Assessment_Mils	BOTH_EMPTY		
1	Remarks	BOTH_EMPTY		
2	Serial_No	MATCH	٣	٣
2	Date	MISMATCH	""""	١١
2	Property_recorded_under_Block_No	MISMATCH	""""	٤
2	Property_recorded_under_Parcel_No	MATCH	٢٢	٢٢
2	Parcel_Cat_No	MATCH	١٠	١٠
2	Parcel_Area	MISMATCH	١٥٩,٧٧٨	١٥٩٣٧٧٨
2	Nature_of_Entry	MISMATCH	""""	٤
2	New_Serial_No	MATCH	٩٢	٩٢
2	Reference_to_Register_of_Changes_Volume_No	MISMATCH	✓	الثلاثاء
2	Reference_to_Register_of_Changes_Serial_No	MISMATCH	--	.
2	Tax_LP	MATCH	٢	٢
2	Tax_Mils	MATCH	٨٧٦	٨٧٦
2	Total_Tax_LP	BOTH_EMPTY		
2	Total_Tax_Mils	BOTH_EMPTY		
2	Reference_to_Register_of_Exemptions_Entry_No	BOTH_EMPTY		
2	Reference_to_Register_of_Exemptions_Amount_LP	BOTH_EMPTY		
2	Reference_to_Register_of_Exemptions_Amount_Mils	BOTH_EMPTY		
2	Net_Assessment_LP	BOTH_EMPTY		
2	Net_Assessment_Mils	BOTH_EMPTY		
2	Remarks	BOTH_EMPTY		
3	Serial_No	MATCH	٤	٤
3	Date	MISMATCH	""""	١
3	Property_recorded_under_Block_No	MATCH	٤١٢٤	٤١٢٤
3	Property_recorded_under_Parcel_No	MATCH	٢	٢
3	Parcel_Cat_No	MATCH	١٠	١٠
3	Parcel_Area	MISMATCH	١١,٨٦٨	١٣٨٦٨
3	Nature_of_Entry	MISMATCH	""""	١
3	New_Serial_No	MISMATCH	١٠٠	١٠
3	Reference_to_Register_of_Changes_Volume_No	MISMATCH	✓	السبت
3	Reference_to_Register_of_Changes_Serial_No	MISMATCH	٢١٦	(١)
3	Tax_LP	ONLY_som	✓	
3	Tax_Mils	MATCH	٢١٤	٢١٤
3	Total_Tax_LP	BOTH_EMPTY		
3	Total_Tax_Mils	BOTH_EMPTY		
3	Reference_to_Register_of_Exemptions_Entry_No	BOTH_EMPTY		
3	Reference_to_Register_of_Exemptions_Amount_LP	BOTH_EMPTY		
3	Reference_to_Register_of_Exemptions_Amount_Mils	BOTH_EMPTY		
3	Net_Assessment_LP	BOTH_EMPTY		
3	Net_Assessment_Mils	BOTH_EMPTY		
3	Remarks	BOTH_EMPTY		
4	Serial_No	MATCH	٥	٥
4	Date	MISMATCH	""""	٣
4	Property_recorded_under_Block_No	MISMATCH	""""	٤
4	Property_recorded_under_Parcel_No	MATCH	١٤	١٤
4	Parcel_Cat_No	MATCH	١٠	١٠
4	Parcel_Area	MISMATCH	٩,٧٤٦	٩٣٧٦
4	Nature_of_Entry	MISMATCH	""""	١
4	New_Serial_No	ONLY_som	102	
4	Reference_to_Register_of_Changes_Volume_No	MATCH	T.D.L	T.D.L
4	Reference_to_Register_of_Changes_Serial_No	ONLY_som	1940	
4	Tax_LP	BOTH_EMPTY		
4	Tax_Mils	MISMATCH	٢٧٥	السبت
4	Total_Tax_LP	ONLY_baseer		١
4	Total_Tax_Mils	BOTH_EMPTY		
4	Reference_to_Register_of_Exemptions_Entry_No	BOTH_EMPTY		
4	Reference_to_Register_of_Exemptions_Amount_LP	BOTH_EMPTY		
4	Reference_to_Register_of_Exemptions_Amount_Mils	BOTH_EMPTY		
4	Net_Assessment_LP	BOTH_EMPTY		
4	Net_Assessment_Mils	BOTH_EMPTY		
4	Remarks	BOTH_EMPTY		
5	Serial_No	MATCH	٦	٦
5	Date	MATCH	""""	""""
5	Property_recorded_under_Block_No	MISMATCH	""""	٩
5	Property_recorded_under_Parcel_No	MISMATCH	٢٠	٣٠
5	Parcel_Cat_No	MISMATCH	١٠	١٠٠
5	Parcel_Area	MISMATCH	١٩,٢٨٦	١٩٢٨٦
5	Nature_of_Entry	MISMATCH	""""	٦
5	New_Serial_No	BOTH_EMPTY		
5	Reference_to_Register_of_Changes_Volume_No	MISMATCH	✓	السبت
5	Reference_to_Register_of_Changes_Serial_No	MISMATCH	٢٦٠	٣٦
5	Tax_LP	ONLY_baseer		.
5	Tax_Mils	MISMATCH	٣٤٧	١٤٧
5	Total_Tax_LP	BOTH_EMPTY		
5	Total_Tax_Mils	BOTH_EMPTY		
5	Reference_to_Register_of_Exemptions_Entry_No	BOTH_EMPTY		
5	Reference_to_Register_of_Exemptions_Amount_LP	BOTH_EMPTY		
5	Reference_to_Register_of_Exemptions_Amount_Mils	BOTH_EMPTY		
5	Net_Assessment_LP	BOTH_EMPTY		
5	Net_Assessment_Mils	BOTH_EMPTY		
5	Remarks	BOTH_EMPTY		
6	Serial_No	MATCH	٧	٧
6	Date	MISMATCH	""""	.
6	Property_recorded_under_Block_No	MISMATCH	""""	٤
6	Property_recorded_under_Parcel_No	MISMATCH	٢٤	١٤
6	Parcel_Cat_No	MATCH	١٠	١٠
6	Parcel_Area	MATCH	٨,٥٤٦	٨,٥٤٦
6	Nature_of_Entry	MISMATCH	""""	٧
6	New_Serial_No	MISMATCH	١٠١	١٠
6	Reference_to_Register_of_Changes_Volume_No	MISMATCH	✓	٧
6	Reference_to_Register_of_Changes_Serial_No	MATCH	١٦٢	١٦٢
6	Tax_LP	ONLY_som	✓	
6	Tax_Mils	MATCH	١٥٤	١٥٤
6	Total_Tax_LP	BOTH_EMPTY		
6	Total_Tax_Mils	BOTH_EMPTY		
6	Reference_to_Register_of_Exemptions_Entry_No	BOTH_EMPTY		
6	Reference_to_Register_of_Exemptions_Amount_LP	BOTH_EMPTY		
6	Reference_to_Register_of_Exemptions_Amount_Mils	BOTH_EMPTY		
6	Net_Assessment_LP	BOTH_EMPTY		
6	Net_Assessment_Mils	BOTH_EMPTY		
6	Remarks	BOTH_EMPTY		
7	Serial_No	MATCH	٨	٨
7	Date	MISMATCH	""""	٤
7	Property_recorded_under_Block_No	MISMATCH	""""	٤
7	Property_recorded_under_Parcel_No	MATCH	٤٦	٤٦
7	Parcel_Cat_No	MATCH	١٠	١٠
7	Parcel_Area	MISMATCH	٤,٩٢٥	٢٩٦٥
7	Nature_of_Entry	MISMATCH	""""	٤
7	New_Serial_No	MATCH	٩٤	٩٤
7	Reference_to_Register_of_Changes_Volume_No	BOTH_EMPTY		
7	Reference_to_Register_of_Changes_Serial_No	MISMATCH	--	.
7	Tax_LP	BOTH_EMPTY		
7	Tax_Mils	MISMATCH	.٥٢	١٥٢
7	Total_Tax_LP	BOTH_EMPTY		
7	Total_Tax_Mils	BOTH_EMPTY		
7	Reference_to_Register_of_Exemptions_Entry_No	BOTH_EMPTY		
7	Reference_to_Register_of_Exemptions_Amount_LP	BOTH_EMPTY		
7	Reference_to_Register_of_Exemptions_Amount_Mils	BOTH_EMPTY		
7	Net_Assessment_LP	BOTH_EMPTY		
7	Net_Assessment_Mils	BOTH_EMPTY		
7	Remarks	BOTH_EMPTY		
8	Serial_No	MATCH	٩	9
8	Date	MISMATCH	""""	١
8	Property_recorded_under_Block_No	MISMATCH	""""	٤
8	Property_recorded_under_Parcel_No	MATCH	٤٧	٤٧
8	Parcel_Cat_No	MATCH	١٠	١٠
8	Parcel_Area	MISMATCH	٢,٤١٤	٢٤١٤
8	Nature_of_Entry	MISMATCH	""""	.
8	New_Serial_No	MISMATCH	٩٥	١٥
8	Reference_to_Register_of_Changes_Volume_No	BOTH_EMPTY		
8	Reference_to_Register_of_Changes_Serial_No	MISMATCH	--	.
8	Tax_LP	BOTH_EMPTY		
8	Tax_Mils	MISMATCH	.٤٢	٤٢
8	Total_Tax_LP	BOTH_EMPTY		
8	Total_Tax_Mils	BOTH_EMPTY		
8	Reference_to_Register_of_Exemptions_Entry_No	BOTH_EMPTY		
8	Reference_to_Register_of_Exemptions_Amount_LP	BOTH_EMPTY		
8	Reference_to_Register_of_Exemptions_Amount_Mils	BOTH_EMPTY		
8	Net_Assessment_LP	BOTH_EMPTY		
8	Net_Assessment_Mils	BOTH_EMPTY		
8	Remarks	BOTH_EMPTY		
9	Serial_No	MISMATCH	١٠	١
9	Date	MISMATCH	""""	١٠
9	Property_recorded_under_Block_No	MISMATCH	""""	٤
9	Property_recorded_under_Parcel_No	MATCH	٥١	٥١
9	Parcel_Cat_No	MATCH	١٠	١٠
9	Parcel_Area	MISMATCH	٩,٦٤٢	٩٦٤٨
9	Nature_of_Entry	MISMATCH	""""	الثلاثاء
9	New_Serial_No	MATCH	٩٦	٩٦
9	Reference_to_Register_of_Changes_Volume_No	BOTH_EMPTY		
9	Reference_to_Register_of_Changes_Serial_No	MISMATCH	--	.
9	Tax_LP	BOTH_EMPTY		
9	Tax_Mils	MATCH	١٧٤	١٧٤
9	Total_Tax_LP	BOTH_EMPTY		
9	Total_Tax_Mils	BOTH_EMPTY		
9	Reference_to_Register_of_Exemptions_Entry_No	BOTH_EMPTY		
9	Reference_to_Register_of_Exemptions_Amount_LP	BOTH_EMPTY		
9	Reference_to_Register_of_Exemptions_Amount_Mils	BOTH_EMPTY		
9	Net_Assessment_LP	BOTH_EMPTY		
9	Net_Assessment_Mils	BOTH_EMPTY		
9	Remarks	BOTH_EMPTY		
10	Serial_No	MATCH	١١	١١
10	Date	MATCH	""""	""""
10	Property_recorded_under_Block_No	MATCH	٤١٢٧	٤١٢٧
10	Property_recorded_under_Parcel_No	MATCH	٤٢	٤٢
10	Parcel_Cat_No	MATCH	١٠	١٠
10	Parcel_Area	MISMATCH	٨,٥٨١	MON
10	Nature_of_Entry	MISMATCH	""""	.
10	New_Serial_No	MATCH	١٠٩	١٠٩
10	Reference_to_Register_of_Changes_Volume_No	MISMATCH	✓	٧
10	Reference_to_Register_of_Changes_Serial_No	MATCH	١٦٢	١٦٢
10	Tax_LP	MISMATCH	✓	.
10	Tax_Mils	MATCH	١٥٥	١٥٥
10	Total_Tax_LP	BOTH_EMPTY		
10	Total_Tax_Mils	BOTH_EMPTY		
10	Reference_to_Register_of_Exemptions_Entry_No	BOTH_EMPTY		
10	Reference_to_Register_of_Exemptions_Amount_LP	BOTH_EMPTY		
10	Reference_to_Register_of_Exemptions_Amount_Mils	BOTH_EMPTY		
10	Net_Assessment_LP	BOTH_EMPTY		
10	Net_Assessment_Mils	BOTH_EMPTY		
10	Remarks	BOTH_EMPTY		
11	Serial_No	MATCH	١٢	١٢
11	Date	MISMATCH	""""	١
11	Property_recorded_under_Block_No	MISMATCH	٤١٢٨	٤١٨
11	Property_recorded_under_Parcel_No	MATCH	١	١
11	Parcel_Cat_No	MATCH	١٤	١٤
11	Parcel_Area	MISMATCH	٧,٨٠٠	٧٨٠٠
11	Nature_of_Entry	MISMATCH	""""	.
11	New_Serial_No	MISMATCH	١٠٤	٤٠
11	Reference_to_Register_of_Changes_Volume_No	MISMATCH	✓	٧
11	Reference_to_Register_of_Changes_Serial_No	ONLY_som	--	
11	Tax_LP	ONLY_baseer		-
11	Tax_Mils	MISMATCH	--	-
11	Total_Tax_LP	BOTH_EMPTY		
11	Total_Tax_Mils	BOTH_EMPTY		
11	Reference_to_Register_of_Exemptions_Entry_No	BOTH_EMPTY		
11	Reference_to_Register_of_Exemptions_Amount_LP	BOTH_EMPTY		
11	Reference_to_Register_of_Exemptions_Amount_Mils	BOTH_EMPTY		
11	Net_Assessment_LP	BOTH_EMPTY		
11	Net_Assessment_Mils	BOTH_EMPTY		
11	Remarks	BOTH_EMPTY		
12	Serial_No	MISMATCH	١٣	١٢
12	Date	MATCH	""""	""""
12	Property_recorded_under_Block_No	BOTH_EMPTY		
12	Property_recorded_under_Parcel_No	BOTH_EMPTY		
12	Parcel_Cat_No	MATCH	١٦	١٦
12	Parcel_Area	MISMATCH	W.V.	١٣٧٠
12	Nature_of_Entry	MATCH	""""	""""
12	New_Serial_No	ONLY_baseer		١
12	Reference_to_Register_of_Changes_Volume_No	MISMATCH	✓	٧
12	Reference_to_Register_of_Changes_Serial_No	MISMATCH	--	.
12	Tax_LP	ONLY_baseer		-
12	Tax_Mils	MISMATCH	--	-
12	Total_Tax_LP	BOTH_EMPTY		
12	Total_Tax_Mils	BOTH_EMPTY		
12	Reference_to_Register_of_Exemptions_Entry_No	BOTH_EMPTY		
12	Reference_to_Register_of_Exemptions_Amount_LP	BOTH_EMPTY		
12	Reference_to_Register_of_Exemptions_Amount_Mils	BOTH_EMPTY		
12	Net_Assessment_LP	BOTH_EMPTY		
12	Net_Assessment_Mils	BOTH_EMPTY		
12	Remarks	BOTH_EMPTY		
13	Serial_No	MATCH	١٤	١٤
13	Date	MISMATCH	""""	١
13	Property_recorded_under_Block_No	MISMATCH	""""	٤
13	Property_recorded_under_Parcel_No	MATCH	٥	٥
13	Parcel_Cat_No	MATCH	١٤	١٤
13	Parcel_Area	MISMATCH	٣,١٧٤	/١٧ ض
13	Nature_of_Entry	MISMATCH	""""	.
13	New_Serial_No	ONLY_som	٩٩	
13	Reference_to_Register_of_Changes_Volume_No	MISMATCH	✓	الجمعة
13	Reference_to_Register_of_Changes_Serial_No	ONLY_som	--	
13	Tax_LP	ONLY_baseer		-
13	Tax_Mils	MISMATCH	--	-
13	Total_Tax_LP	BOTH_EMPTY		
13	Total_Tax_Mils	BOTH_EMPTY		
13	Reference_to_Register_of_Exemptions_Entry_No	BOTH_EMPTY		
13	Reference_to_Register_of_Exemptions_Amount_LP	BOTH_EMPTY		
13	Reference_to_Register_of_Exemptions_Amount_Mils	BOTH_EMPTY		
13	Net_Assessment_LP	BOTH_EMPTY		
13	Net_Assessment_Mils	BOTH_EMPTY		
13	Remarks	BOTH_EMPTY		
14	Serial_No	MATCH	١٥	١٥
14	Date	MATCH	""""	""""
14	Property_recorded_under_Block_No	MISMATCH	٤١٢٩	٢١٢٩
14	Property_recorded_under_Parcel_No	MATCH	٢٢	٢٢
14	Parcel_Cat_No	MISMATCH	١٢	٢
14	Parcel_Area	MISMATCH	٢,١٧٢	٢١٧٢
14	Nature_of_Entry	MISMATCH	""""	=
14	New_Serial_No	BOTH_EMPTY		
14	Reference_to_Register_of_Changes_Volume_No	MISMATCH	✓	١
14	Reference_to_Register_of_Changes_Serial_No	MISMATCH	.٢٤	١٢٤
14	Tax_LP	BOTH_EMPTY		
14	Tax_Mils	MISMATCH	.١٧	١٧
14	Total_Tax_LP	BOTH_EMPTY		
14	Total_Tax_Mils	BOTH_EMPTY		
14	Reference_to_Register_of_Exemptions_Entry_No	BOTH_EMPTY		
14	Reference_to_Register_of_Exemptions_Amount_LP	BOTH_EMPTY		
14	Reference_to_Register_of_Exemptions_Amount_Mils	BOTH_EMPTY		
14	Net_Assessment_LP	BOTH_EMPTY		
14	Net_Assessment_Mils	BOTH_EMPTY		
14	Remarks	BOTH_EMPTY		
15	Serial_No	MATCH	١٦	١٦
15	Date	MISMATCH	""""	١٠
15	Property_recorded_under_Block_No	BOTH_EMPTY		
15	Property_recorded_under_Parcel_No	BOTH_EMPTY		
15	Parcel_Cat_No	MATCH	١٦	١٦
15	Parcel_Area	MISMATCH	٨٤٨	١٩٤٨
15	Nature_of_Entry	MISMATCH	""""	:
15	New_Serial_No	BOTH_EMPTY		
15	Reference_to_Register_of_Changes_Volume_No	MISMATCH	✓	السبت
15	Reference_to_Register_of_Changes_Serial_No	MISMATCH	--	.
15	Tax_LP	ONLY_baseer		-
15	Tax_Mils	MISMATCH	--	-
15	Total_Tax_LP	BOTH_EMPTY		
15	Total_Tax_Mils	BOTH_EMPTY		
15	Reference_to_Register_of_Exemptions_Entry_No	BOTH_EMPTY		
15	Reference_to_Register_of_Exemptions_Amount_LP	BOTH_EMPTY		
15	Reference_to_Register_of_Exemptions_Amount_Mils	BOTH_EMPTY		
15	Net_Assessment_LP	BOTH_EMPTY		
15	Net_Assessment_Mils	BOTH_EMPTY		
15	Remarks	BOTH_EMPTY		
16	Serial_No	MATCH	١٧	١٧
16	Date	MISMATCH	""""	٤
16	Property_recorded_under_Block_No	MISMATCH	""""	٤
16	Property_recorded_under_Parcel_No	MISMATCH	٣٣	٣
16	Parcel_Cat_No	MISMATCH	١٢	١٤
16	Parcel_Area	MISMATCH	٧,٩٦١	١٩٦
16	Nature_of_Entry	MISMATCH	""""	.
16	New_Serial_No	BOTH_EMPTY		
16	Reference_to_Register_of_Changes_Volume_No	MISMATCH	✓	٧
16	Reference_to_Register_of_Changes_Serial_No	MISMATCH	.١٦	١٦
16	Tax_LP	ONLY_baseer		.
16	Tax_Mils	MISMATCH	.١٠	١٠
16	Total_Tax_LP	BOTH_EMPTY		
16	Total_Tax_Mils	BOTH_EMPTY		
16	Reference_to_Register_of_Exemptions_Entry_No	BOTH_EMPTY		
16	Reference_to_Register_of_Exemptions_Amount_LP	BOTH_EMPTY		
16	Reference_to_Register_of_Exemptions_Amount_Mils	BOTH_EMPTY		
16	Net_Assessment_LP	BOTH_EMPTY		
16	Net_Assessment_Mils	BOTH_EMPTY		
16	Remarks	BOTH_EMPTY		
17	Serial_No	MATCH	١٨	١٨
17	Date	MISMATCH	""""	١
17	Property_recorded_under_Block_No	BOTH_EMPTY		
17	Property_recorded_under_Parcel_No	BOTH_EMPTY		
17	Parcel_Cat_No	MATCH	١٦	١٦
17	Parcel_Area	MISMATCH	١,٧٩٥	١٧٩٥
17	Nature_of_Entry	MISMATCH	""""	:
17	New_Serial_No	BOTH_EMPTY		
17	Reference_to_Register_of_Changes_Volume_No	MISMATCH	✓	٧
17	Reference_to_Register_of_Changes_Serial_No	MISMATCH	--	.
17	Tax_LP	ONLY_baseer		-
17	Tax_Mils	MISMATCH	--	١
17	Total_Tax_LP	BOTH_EMPTY		
17	Total_Tax_Mils	BOTH_EMPTY		
17	Reference_to_Register_of_Exemptions_Entry_No	BOTH_EMPTY		
17	Reference_to_Register_of_Exemptions_Amount_LP	BOTH_EMPTY		
17	Reference_to_Register_of_Exemptions_Amount_Mils	BOTH_EMPTY		
17	Net_Assessment_LP	BOTH_EMPTY		
17	Net_Assessment_Mils	BOTH_EMPTY		
17	Remarks	BOTH_EMPTY		
18	Serial_No	MATCH	١٩	١٩
18	Date	MISMATCH	""""	.
18	Property_recorded_under_Block_No	MATCH	""""	""""
18	Property_recorded_under_Parcel_No	MATCH	٢٨	٢٨
18	Parcel_Cat_No	MATCH	١٢	١٢
18	Parcel_Area	MISMATCH	٢,١١٩	٢٨٨
18	Nature_of_Entry	MISMATCH	""""	٢
18	New_Serial_No	ONLY_som	تالف ۹۷	
18	Reference_to_Register_of_Changes_Volume_No	MISMATCH	✓	٧
18	Reference_to_Register_of_Changes_Serial_No	MISMATCH	.٢٤	٢٤
18	Tax_LP	ONLY_som	✓	
18	Tax_Mils	MISMATCH	.٢٣	١٢٤
18	Total_Tax_LP	BOTH_EMPTY		
18	Total_Tax_Mils	BOTH_EMPTY		
18	Reference_to_Register_of_Exemptions_Entry_No	ONLY_baseer		الاربعاء
18	Reference_to_Register_of_Exemptions_Amount_LP	ONLY_baseer		.
18	Reference_to_Register_of_Exemptions_Amount_Mils	BOTH_EMPTY		
18	Net_Assessment_LP	BOTH_EMPTY		
18	Net_Assessment_Mils	BOTH_EMPTY		
18	Remarks	BOTH_EMPTY		
19	Serial_No	MATCH	٢٠	٢٠
19	Date	MISMATCH	""""	٤
19	Property_recorded_under_Block_No	ONLY_baseer		.
19	Property_recorded_under_Parcel_No	BOTH_EMPTY		
19	Parcel_Cat_No	MISMATCH	١٦	/١٦
19	Parcel_Area	MISMATCH	٤,٣٢٤	٤٣٢٤
19	Nature_of_Entry	MISMATCH	""""	.
19	New_Serial_No	BOTH_EMPTY		
19	Reference_to_Register_of_Changes_Volume_No	MISMATCH	✓	٧
19	Reference_to_Register_of_Changes_Serial_No	ONLY_som	--	
19	Tax_LP	ONLY_baseer		-
19	Tax_Mils	MISMATCH	--	-
19	Total_Tax_LP	BOTH_EMPTY		
19	Total_Tax_Mils	BOTH_EMPTY		
19	Reference_to_Register_of_Exemptions_Entry_No	BOTH_EMPTY		
19	Reference_to_Register_of_Exemptions_Amount_LP	BOTH_EMPTY		
19	Reference_to_Register_of_Exemptions_Amount_Mils	BOTH_EMPTY		
19	Net_Assessment_LP	BOTH_EMPTY		
19	Net_Assessment_Mils	BOTH_EMPTY		
19	Remarks	BOTH_EMPTY		
20	Serial_No	MATCH	٢١	٢١
20	Date	MATCH	""""	""""
20	Property_recorded_under_Block_No	MISMATCH	""""	الثلاثاء
20	Property_recorded_under_Parcel_No	MATCH	٤٥	٤٥
20	Parcel_Cat_No	MISMATCH	١٢	الجمعة
20	Parcel_Area	MISMATCH	٨٦٩	٢٦٦
20	Nature_of_Entry	MISMATCH	""""	١
20	New_Serial_No	MATCH	154	154
20	Reference_to_Register_of_Changes_Volume_No	MISMATCH	T.D.L	٢٠٠٠
20	Reference_to_Register_of_Changes_Serial_No	MISMATCH	1940	L184
20	Tax_LP	ONLY_baseer		-
20	Tax_Mils	MISMATCH	.٠٨	٣
20	Total_Tax_LP	BOTH_EMPTY		
20	Total_Tax_Mils	BOTH_EMPTY		
20	Reference_to_Register_of_Exemptions_Entry_No	BOTH_EMPTY		
20	Reference_to_Register_of_Exemptions_Amount_LP	BOTH_EMPTY		
20	Reference_to_Register_of_Exemptions_Amount_Mils	BOTH_EMPTY		
20	Net_Assessment_LP	BOTH_EMPTY		
20	Net_Assessment_Mils	BOTH_EMPTY		
20	Remarks	BOTH_EMPTY		
21	Serial_No	MATCH	٢٢	٢٢
21	Date	MISMATCH	""""	١
21	Property_recorded_under_Block_No	BOTH_EMPTY		
21	Property_recorded_under_Parcel_No	BOTH_EMPTY		
21	Parcel_Cat_No	MISMATCH	١٦	(١٦)
21	Parcel_Area	MISMATCH	٢,٥٥٦	١٣٥٤
21	Nature_of_Entry	MISMATCH	""""	.
21	New_Serial_No	BOTH_EMPTY		
21	Reference_to_Register_of_Changes_Volume_No	BOTH_EMPTY		
21	Reference_to_Register_of_Changes_Serial_No	ONLY_som	--	
21	Tax_LP	ONLY_baseer		الاربعاء
21	Tax_Mils	MISMATCH	--	-
21	Total_Tax_LP	BOTH_EMPTY		
21	Total_Tax_Mils	BOTH_EMPTY		
21	Reference_to_Register_of_Exemptions_Entry_No	BOTH_EMPTY		
21	Reference_to_Register_of_Exemptions_Amount_LP	BOTH_EMPTY		
21	Reference_to_Register_of_Exemptions_Amount_Mils	BOTH_EMPTY		
21	Net_Assessment_LP	BOTH_EMPTY		
21	Net_Assessment_Mils	BOTH_EMPTY		
21	Remarks	BOTH_EMPTY		
22	Serial_No	MATCH	٢٣	٢٣
22	Date	MISMATCH	""""	.
22	Property_recorded_under_Block_No	MISMATCH	""""	٤
22	Property_recorded_under_Parcel_No	MATCH	٤٦	٤٦
22	Parcel_Cat_No	MISMATCH	١٢	١٤
22	Parcel_Area	MISMATCH	١,٦٥٦	١٦٢٦
22	Nature_of_Entry	MISMATCH	""""	٤
22	New_Serial_No	BOTH_EMPTY		
22	Reference_to_Register_of_Changes_Volume_No	MISMATCH	✓	٧
22	Reference_to_Register_of_Changes_Serial_No	MISMATCH	.١٦	١٦
22	Tax_LP	MISMATCH	✓	٧
22	Tax_Mils	MISMATCH	.١٢	١٨
22	Total_Tax_LP	BOTH_EMPTY		
22	Total_Tax_Mils	BOTH_EMPTY		
22	Reference_to_Register_of_Exemptions_Entry_No	BOTH_EMPTY		
22	Reference_to_Register_of_Exemptions_Amount_LP	BOTH_EMPTY		
22	Reference_to_Register_of_Exemptions_Amount_Mils	BOTH_EMPTY		
22	Net_Assessment_LP	BOTH_EMPTY		
22	Net_Assessment_Mils	BOTH_EMPTY		
22	Remarks	BOTH_EMPTY		
23	Serial_No	MATCH	٢٤	٢٤
23	Date	MISMATCH	""""	٤
23	Property_recorded_under_Block_No	BOTH_EMPTY		
23	Property_recorded_under_Parcel_No	BOTH_EMPTY		
23	Parcel_Cat_No	MISMATCH	١٦	(١٦)
23	Parcel_Area	MISMATCH	٥,٤٢٩	٤٤٨٩
23	Nature_of_Entry	MISMATCH	""""	:
23	New_Serial_No	BOTH_EMPTY		
23	Reference_to_Register_of_Changes_Volume_No	MISMATCH	✓	الحقارة
23	Reference_to_Register_of_Changes_Serial_No	ONLY_som	--	
23	Tax_LP	ONLY_baseer		-
23	Tax_Mils	MISMATCH	--	-
23	Total_Tax_LP	BOTH_EMPTY		
23	Total_Tax_Mils	BOTH_EMPTY		
23	Reference_to_Register_of_Exemptions_Entry_No	BOTH_EMPTY		
23	Reference_to_Register_of_Exemptions_Amount_LP	BOTH_EMPTY		
23	Reference_to_Register_of_Exemptions_Amount_Mils	BOTH_EMPTY		
23	Net_Assessment_LP	BOTH_EMPTY		
23	Net_Assessment_Mils	BOTH_EMPTY		
23	Remarks	BOTH_EMPTY		
24	Serial_No	MATCH	٢٥	٢٥
24	Date	MISMATCH	""""	.
24	Property_recorded_under_Block_No	MISMATCH	٤١٤٠	٤٨٢٠
24	Property_recorded_under_Parcel_No	MISMATCH	١٨	١١
24	Parcel_Cat_No	MISMATCH	١٢	١٣
24	Parcel_Area	MISMATCH	٣,٧٢٩	٢٨٧
24	Nature_of_Entry	MATCH	""""	""""
24	New_Serial_No	BOTH_EMPTY		
24	Reference_to_Register_of_Changes_Volume_No	MISMATCH	✓	السبت
24	Reference_to_Register_of_Changes_Serial_No	MISMATCH	٢٢	٣٢
24	Tax_LP	MISMATCH	✓	.
24	Tax_Mils	MISMATCH	.٢٠	٣٠
24	Total_Tax_LP	BOTH_EMPTY		
24	Total_Tax_Mils	BOTH_EMPTY		
24	Reference_to_Register_of_Exemptions_Entry_No	BOTH_EMPTY		
24	Reference_to_Register_of_Exemptions_Amount_LP	BOTH_EMPTY		
24	Reference_to_Register_of_Exemptions_Amount_Mils	BOTH_EMPTY		
24	Net_Assessment_LP	BOTH_EMPTY		
24	Net_Assessment_Mils	BOTH_EMPTY		
24	Remarks	BOTH_EMPTY		
25	Serial_No	MATCH	٢٦	٢٦
25	Date	MISMATCH	""""	١
25	Property_recorded_under_Block_No	MISMATCH	f	٢
25	Property_recorded_under_Parcel_No	MATCH	٥٠	٥٠
25	Parcel_Cat_No	MISMATCH	١٢	١٤
25	Parcel_Area	MISMATCH	.٦٤	١٦٤
25	Nature_of_Entry	MISMATCH	""""	.
25	New_Serial_No	BOTH_EMPTY		
25	Reference_to_Register_of_Changes_Volume_No	MISMATCH	✓	٧
25	Reference_to_Register_of_Changes_Serial_No	MISMATCH	--٨	٨
25	Tax_LP	MISMATCH	✓	.
25	Tax_Mils	MISMATCH	--١	١٠٠
25	Total_Tax_LP	BOTH_EMPTY		
25	Total_Tax_Mils	BOTH_EMPTY		
25	Reference_to_Register_of_Exemptions_Entry_No	BOTH_EMPTY		
25	Reference_to_Register_of_Exemptions_Amount_LP	BOTH_EMPTY		
25	Reference_to_Register_of_Exemptions_Amount_Mils	BOTH_EMPTY		
25	Net_Assessment_LP	BOTH_EMPTY		
25	Net_Assessment_Mils	BOTH_EMPTY		
25	Remarks	BOTH_EMPTY		
26	Serial_No	MATCH	٢٧	٢٧
26	Date	MISMATCH	""""	١
26	Property_recorded_under_Block_No	MISMATCH	""""	١
26	Property_recorded_under_Parcel_No	MATCH	٦٥	٦٥
26	Parcel_Cat_No	MISMATCH	X	٢٣
26	Parcel_Area	MISMATCH	٢,٨٠١	٢٨٠١
26	Nature_of_Entry	MISMATCH	""""	.
26	New_Serial_No	BOTH_EMPTY		
26	Reference_to_Register_of_Changes_Volume_No	MISMATCH	✓	٧
26	Reference_to_Register_of_Changes_Serial_No	MISMATCH	.٢٤	٢٤
26	Tax_LP	ONLY_baseer		.
26	Tax_Mils	MISMATCH	.٢٢	٢٢
26	Total_Tax_LP	BOTH_EMPTY		
26	Total_Tax_Mils	BOTH_EMPTY		
26	Reference_to_Register_of_Exemptions_Entry_No	BOTH_EMPTY		
26	Reference_to_Register_of_Exemptions_Amount_LP	BOTH_EMPTY		
26	Reference_to_Register_of_Exemptions_Amount_Mils	BOTH_EMPTY		
26	Net_Assessment_LP	BOTH_EMPTY		
26	Net_Assessment_Mils	BOTH_EMPTY		
26	Remarks	BOTH_EMPTY		
27	Serial_No	MATCH	٢٨	٢٨
27	Date	MISMATCH	""""	١
27	Property_recorded_under_Block_No	BOTH_EMPTY		
27	Property_recorded_under_Parcel_No	BOTH_EMPTY		
27	Parcel_Cat_No	MISMATCH	١٦	/١٦ ض
27	Parcel_Area	MISMATCH	١,١٢٤	١٦٢٥٤
27	Nature_of_Entry	MISMATCH	""""	٢
27	New_Serial_No	BOTH_EMPTY		
27	Reference_to_Register_of_Changes_Volume_No	MISMATCH	✓	٧
27	Reference_to_Register_of_Changes_Serial_No	ONLY_som	--	
27	Tax_LP	ONLY_baseer		-
27	Tax_Mils	MISMATCH	--	-
27	Total_Tax_LP	BOTH_EMPTY		
27	Total_Tax_Mils	BOTH_EMPTY		
27	Reference_to_Register_of_Exemptions_Entry_No	BOTH_EMPTY		
27	Reference_to_Register_of_Exemptions_Amount_LP	BOTH_EMPTY		
27	Reference_to_Register_of_Exemptions_Amount_Mils	BOTH_EMPTY		
27	Net_Assessment_LP	BOTH_EMPTY		
27	Net_Assessment_Mils	BOTH_EMPTY		
27	Remarks	BOTH_EMPTY		
28	Serial_No	MATCH	٢٩	٢٩
28	Date	MATCH	""""	""""
28	Property_recorded_under_Block_No	MISMATCH	٤١٤١	١٤٦
28	Property_recorded_under_Parcel_No	MATCH	٧	٧
28	Parcel_Cat_No	MISMATCH	١٢	١٣
28	Parcel_Area	MISMATCH	٢,٠٠٩	٩ ربيع ٢٠٨
28	Nature_of_Entry	MISMATCH	""""	الخير.
28	New_Serial_No	BOTH_EMPTY		
28	Reference_to_Register_of_Changes_Volume_No	MISMATCH	✓	٧
28	Reference_to_Register_of_Changes_Serial_No	MATCH	١٦٨	١٦٨
28	Tax_LP	ONLY_baseer		٣
28	Tax_Mils	MATCH	١٦٠	١٦٠
28	Total_Tax_LP	BOTH_EMPTY		
28	Total_Tax_Mils	BOTH_EMPTY		
28	Reference_to_Register_of_Exemptions_Entry_No	BOTH_EMPTY		
28	Reference_to_Register_of_Exemptions_Amount_LP	BOTH_EMPTY		
28	Reference_to_Register_of_Exemptions_Amount_Mils	BOTH_EMPTY		
28	Net_Assessment_LP	BOTH_EMPTY		
28	Net_Assessment_Mils	BOTH_EMPTY		
28	Remarks	BOTH_EMPTY		
29	Serial_No	MATCH	٣٠	٣٠
29	Date	MISMATCH	""""	١
29	Property_recorded_under_Block_No	BOTH_EMPTY		
29	Property_recorded_under_Parcel_No	BOTH_EMPTY		
29	Parcel_Cat_No	MATCH	١٦	١٦
29	Parcel_Area	MISMATCH	٤,٥٠٨	٢٠٠٨
29	Nature_of_Entry	MISMATCH	""""	٤
29	New_Serial_No	MATCH	١١٣	١١٣
29	Reference_to_Register_of_Changes_Volume_No	MISMATCH	✓	٧
29	Reference_to_Register_of_Changes_Serial_No	MISMATCH	--	-١-
29	Tax_LP	ONLY_baseer		-
29	Tax_Mils	MISMATCH	--	-
29	Total_Tax_LP	BOTH_EMPTY		
29	Total_Tax_Mils	BOTH_EMPTY		
29	Reference_to_Register_of_Exemptions_Entry_No	BOTH_EMPTY		
29	Reference_to_Register_of_Exemptions_Amount_LP	BOTH_EMPTY		
29	Reference_to_Register_of_Exemptions_Amount_Mils	BOTH_EMPTY		
29	Net_Assessment_LP	BOTH_EMPTY		
29	Net_Assessment_Mils	ONLY_baseer		السبت
29	Remarks	BOTH_EMPTY		
30	Serial_No	MATCH	٣١	٣١
30	Date	MISMATCH	""""	١
30	Property_recorded_under_Block_No	BOTH_EMPTY		
30	Property_recorded_under_Parcel_No	BOTH_EMPTY		
30	Parcel_Cat_No	MISMATCH	١٠	الثلاثاء
30	Parcel_Area	MATCH	١٢,٥٦٨	١٢،٥٦٨
30	Nature_of_Entry	MISMATCH	""""	٢
30	New_Serial_No	BOTH_EMPTY		
30	Reference_to_Register_of_Changes_Volume_No	MISMATCH	✓	٧
30	Reference_to_Register_of_Changes_Serial_No	MISMATCH	٢٣٤	٢٢٤
30	Tax_LP	ONLY_baseer		.
30	Tax_Mils	MATCH	٢٢٦	٢٢٦
30	Total_Tax_LP	BOTH_EMPTY		
30	Total_Tax_Mils	BOTH_EMPTY		
30	Reference_to_Register_of_Exemptions_Entry_No	BOTH_EMPTY		
30	Reference_to_Register_of_Exemptions_Amount_LP	BOTH_EMPTY		
30	Reference_to_Register_of_Exemptions_Amount_Mils	BOTH_EMPTY		
30	Net_Assessment_LP	BOTH_EMPTY		
30	Net_Assessment_Mils	BOTH_EMPTY		
30	Remarks	BOTH_EMPTY		
31	Serial_No	MISMATCH	٣٢	٣
31	Date	MISMATCH	""""	١
31	Property_recorded_under_Block_No	MISMATCH	""""	١
31	Property_recorded_under_Parcel_No	MATCH	١٨	١٨
31	Parcel_Cat_No	MISMATCH	١٢	١٣
31	Parcel_Area	MISMATCH	٣,٠٦١	٢٥٦
31	Nature_of_Entry	MISMATCH	""""	١
31	New_Serial_No	BOTH_EMPTY		
31	Reference_to_Register_of_Changes_Volume_No	MISMATCH	✓	٧
31	Reference_to_Register_of_Changes_Serial_No	MISMATCH	.٥٦	٠٦
31	Tax_LP	MISMATCH	✓	.
31	Tax_Mils	MISMATCH	.٥٢	١٥٢
31	Total_Tax_LP	BOTH_EMPTY		
31	Total_Tax_Mils	BOTH_EMPTY		
31	Reference_to_Register_of_Exemptions_Entry_No	BOTH_EMPTY		
31	Reference_to_Register_of_Exemptions_Amount_LP	BOTH_EMPTY		
31	Reference_to_Register_of_Exemptions_Amount_Mils	BOTH_EMPTY		
31	Net_Assessment_LP	BOTH_EMPTY		
31	Net_Assessment_Mils	BOTH_EMPTY		
31	Remarks	BOTH_EMPTY		
32	Serial_No	MISMATCH	٣٣	٢٢
32	Date	MISMATCH	""""	١
32	Property_recorded_under_Block_No	BOTH_EMPTY		
32	Property_recorded_under_Parcel_No	BOTH_EMPTY		
32	Parcel_Cat_No	MISMATCH	١٦	١٧
32	Parcel_Area	MISMATCH	٣,٠٦١	٦ ض و /١٨ ض
32	Nature_of_Entry	MATCH	""""	""""
32	New_Serial_No	BOTH_EMPTY		
32	Reference_to_Register_of_Changes_Volume_No	MISMATCH	✓	٧
32	Reference_to_Register_of_Changes_Serial_No	MISMATCH	--	.
32	Tax_LP	ONLY_baseer		-
32	Tax_Mils	MISMATCH	--	-
32	Total_Tax_LP	BOTH_EMPTY		
32	Total_Tax_Mils	BOTH_EMPTY		
32	Reference_to_Register_of_Exemptions_Entry_No	BOTH_EMPTY		
32	Reference_to_Register_of_Exemptions_Amount_LP	BOTH_EMPTY		
32	Reference_to_Register_of_Exemptions_Amount_Mils	BOTH_EMPTY		
32	Net_Assessment_LP	BOTH_EMPTY		
32	Net_Assessment_Mils	BOTH_EMPTY		
32	Remarks	BOTH_EMPTY		
33	Serial_No	BOTH_EMPTY		
33	Date	BOTH_EMPTY		
33	Property_recorded_under_Block_No	ONLY_baseer		.
33	Property_recorded_under_Parcel_No	BOTH_EMPTY		
33	Parcel_Cat_No	BOTH_EMPTY		
33	Parcel_Area	BOTH_EMPTY		
33	Nature_of_Entry	BOTH_EMPTY		
33	New_Serial_No	BOTH_EMPTY		
33	Reference_to_Register_of_Changes_Volume_No	MISMATCH	٢٩٣٣	.
33	Reference_to_Register_of_Changes_Serial_No	ONLY_baseer		١٤
33	Tax_LP	MATCH	٥	٥
33	Tax_Mils	MATCH	٤٦٨	٤٦٨
33	Total_Tax_LP	MATCH	٥	٥
33	Total_Tax_Mils	MATCH	٢٨٥	٢٨٥
33	Reference_to_Register_of_Exemptions_Entry_No	BOTH_EMPTY		
33	Reference_to_Register_of_Exemptions_Amount_LP	BOTH_EMPTY		
33	Reference_to_Register_of_Exemptions_Amount_Mils	BOTH_EMPTY		
33	Net_Assessment_LP	BOTH_EMPTY		
33	Net_Assessment_Mils	BOTH_EMPTY		
33	Remarks	BOTH_EMPTY		
