page	grid_row	col	col_idx	state	som	hadid02	gt
3	0	Date	1	MISMATCH	٩٢٨	٩٣٨	٩٣٨
3	0	Property_recorded_under_Block_No	2	MISMATCH	٤١٢٢	٤١٣٢	٤١٣٢
3	0	Parcel_Area	5	MISMATCH	٢٤,٩٢٥	٣٤,٩٢٥	٣٤,٩٢٥
3	0	Nature_of_Entry	6	MISMATCH	تخ	تع ✓	تح ✓
3	0	Reference_to_Register_of_Changes_Serial_No	9	MISMATCH	٦٢٠	٦٣٠	٦٣٠
3	0	Tax_LP	10	MISMATCH	✓	١٣	✓
3	0	Tax_Mils	11	MISMATCH	٦٢٩	١	٦٢٩
3	1	Property_recorded_under_Block_No	2	MISMATCH	٤١٢٣	١٣٣	٤١٣٣
3	1	Parcel_Area	5	MISMATCH	٤,٧٢٩	٤,٧٩	٤,٧٢٩
3	1	New_Serial_No	7	MISMATCH	١١٧	١	١١٧
3	1	Reference_to_Register_of_Changes_Serial_No	9	MISMATCH	.٩٠	٠٩٠	٠٩٠
3	1	Tax_Mils	11	MISMATCH	.٨٥	١٥	٠٨٥
3	2	Property_recorded_under_Parcel_No	3	MISMATCH	٢٢	٣٢	٣٢
3	2	Parcel_Area	5	MISMATCH	١٥٩,٧٧٨	١٥٩٧٨	١٥٩,٧٧٨
3	3	Serial_No	0	MISMATCH	٤	١	٤
3	3	Property_recorded_under_Block_No	2	MISMATCH	٤١٢٤	٤١٣٤	٤١٣٤
3	3	Parcel_Area	5	MISMATCH	١١,٨٦٨	١٨	١١,٨٦٨
3	3	New_Serial_No	7	MISMATCH	١٠٠	١	١٠٠
3	3	Reference_to_Register_of_Changes_Serial_No	9	MISMATCH	٢١٦	٢١	٢١٦
3	3	Tax_LP	10	ONLY_som	✓		✓
3	4	Serial_No	0	MISMATCH	٥	١	٥
3	4	Property_recorded_under_Parcel_No	3	MISMATCH	١٤	١٤٠	١٤
3	4	Parcel_Area	5	MISMATCH	٩,٧٤٦	٩٧٤١	٩,٧٤١
3	4	New_Serial_No	7	ONLY_som	102		102
3	4	Reference_to_Register_of_Changes_Volume_No	8	MISMATCH	T.D.L	T.٠٤٧	T.D.L
3	4	Reference_to_Register_of_Changes_Serial_No	9	ONLY_som	1940		1940
3	4	Tax_Mils	11	MISMATCH	٢٧٥	٣،٣٥	١٧٥
3	4	Total_Tax_LP	12	ONLY_hadid02		✓	
3	5	Property_recorded_under_Parcel_No	3	MISMATCH	٢٠	٣٠	٣٠
3	5	Parcel_Area	5	MISMATCH	١٩,٢٨٦	١,٢٦	١٩,٢٨٦
3	5	Nature_of_Entry	6	MISMATCH	""""	"✓"""	״
3	5	Reference_to_Register_of_Changes_Serial_No	9	MISMATCH	٢٦٠	٣٦٠	٣٦٠
3	5	Tax_LP	10	ONLY_hadid02		.	✓
3	6	Property_recorded_under_Parcel_No	3	MISMATCH	٢٤	٣٤	٣٤
3	6	Parcel_Area	5	MISMATCH	٨,٥٤٦	٤	٨,٥٤٦
3	6	New_Serial_No	7	ONLY_som	١٠١		١٠١
3	6	Tax_LP	10	ONLY_som	✓		✓
3	6	Tax_Mils	11	MISMATCH	١٥٤	١	١٥٤
3	7	Property_recorded_under_Parcel_No	3	MISMATCH	٤٦	٤٦٠	٤٦
3	7	Parcel_Area	5	MISMATCH	٤,٩٢٥	٣	٢,٩٣٥
3	7	Nature_of_Entry	6	MISMATCH	""""	"✓"""	״
3	7	Tax_Mils	11	MISMATCH	.٥٢	٠٥٣	٠٥٣
3	8	Serial_No	0	ONLY_som	٩		٩
3	8	Parcel_Area	5	MISMATCH	٢,٤١٤	٣٤	٢,٤١٤
3	8	Reference_to_Register_of_Changes_Serial_No	9	MISMATCH	--	.	...
3	8	Tax_Mils	11	MISMATCH	.٤٢	١	٠٤٣
3	9	Property_recorded_under_Parcel_No	3	MISMATCH	٥١	٠٥١	٥١
3	9	Parcel_Area	5	MISMATCH	٩,٦٤٢	٩,٦٤٣	٩,٦٤٣
3	9	Reference_to_Register_of_Changes_Serial_No	9	MISMATCH	--	.	...
3	9	Tax_Mils	11	MISMATCH	١٧٤	١	١٧٤
3	10	Serial_No	0	MISMATCH	١١	١	١١
3	10	Property_recorded_under_Block_No	2	MISMATCH	٤١٢٧	٤١٣٧	٤١٣٧
3	10	Parcel_Area	5	MISMATCH	٨,٥٨١	٨,٥٨٧	٨,٥٨٧
3	10	Reference_to_Register_of_Changes_Serial_No	9	MISMATCH	١٦٢	٤	١٦٢
3	10	Tax_Mils	11	MISMATCH	١٥٥	١٥	١٥٥
3	11	Property_recorded_under_Block_No	2	MISMATCH	٤١٢٨	٤١٣٨	٤١٣٨
3	11	Property_recorded_under_Parcel_No	3	MISMATCH	١	١٠	١
3	11	Parcel_Area	5	MISMATCH	٧,٨٠٠	٧,٨٠	٧,٨٠٠
3	11	New_Serial_No	7	MISMATCH	١٠٤	١٠٢	١٠٢
3	11	Reference_to_Register_of_Changes_Serial_No	9	ONLY_som	--		...
3	11	Tax_LP	10	ONLY_hadid02		..	-
3	11	Tax_Mils	11	MISMATCH	--	-	-
3	12	Parcel_Cat_No	4	MISMATCH	١٦	٦	١٦
3	12	Parcel_Area	5	MISMATCH	W.V.	١٧,٠٧٠	١٧,٠٧٠
3	12	New_Serial_No	7	ONLY_hadid02		١	١٠٢
3	12	Reference_to_Register_of_Changes_Serial_No	9	MISMATCH	--	.	...
3	12	Tax_LP	10	ONLY_hadid02		-	-
3	12	Tax_Mils	11	MISMATCH	--	-	-
3	13	Parcel_Area	5	MISMATCH	٣,١٧٤	١,١٧٤	١,١٧٤
3	13	New_Serial_No	7	ONLY_som	٩٩		٩٩
3	13	Reference_to_Register_of_Changes_Serial_No	9	ONLY_som	--		..
3	13	Tax_LP	10	ONLY_hadid02		-	-
3	14	Serial_No	0	MISMATCH	١٥	١	١٥
3	14	Property_recorded_under_Block_No	2	MISMATCH	٤١٢٩	٤١٣٩	٤١٣٩
3	14	Parcel_Cat_No	4	MISMATCH	١٢	١٣	١٣
3	14	Reference_to_Register_of_Changes_Serial_No	9	MISMATCH	.٢٤	٠٢٤	٠٢٤
3	14	Tax_Mils	11	MISMATCH	.١٧	٠١٧	٠١٧
3	15	Date	1	MISMATCH	""""	٠	""""
3	15	Parcel_Area	5	MISMATCH	٨٤٨	٩٤٨	٩٤٨
3	15	Tax_LP	10	ONLY_hadid02		–	-
3	16	Serial_No	0	MISMATCH	١٧	""""	١٧
3	16	Property_recorded_under_Parcel_No	3	MISMATCH	٣٣	٣	٣٣
3	16	Parcel_Cat_No	4	MISMATCH	١٢	١٣	١٣
3	16	Parcel_Area	5	MISMATCH	٧,٩٦١	١,١٩٦	١,١٩٦
3	16	Nature_of_Entry	6	MISMATCH	""""	"✓"""	״
3	16	Reference_to_Register_of_Changes_Serial_No	9	MISMATCH	.١٦	٠١٦	٠١٦
3	16	Tax_LP	10	ONLY_hadid02		✓ -	✓
3	16	Tax_Mils	11	MISMATCH	.١٠	٠٠	٠١٠
3	17	Serial_No	0	MISMATCH	١٨	١	١٨
3	17	Tax_LP	10	ONLY_hadid02		-	-
3	17	Tax_Mils	11	MISMATCH	--	-	-
3	18	Property_recorded_under_Parcel_No	3	MISMATCH	٢٨	٣٨	٣٨
3	18	Parcel_Cat_No	4	MISMATCH	١٢	١٣	١٣
3	18	Parcel_Area	5	MISMATCH	٢,١١٩	٢,٨٨٩	٢,٨٨٩
3	18	New_Serial_No	7	ONLY_som	تالف ۹۷		انظر ٩٧
3	18	Reference_to_Register_of_Changes_Serial_No	9	MISMATCH	.٢٤	٠٢٤	٠٢٤
3	18	Tax_LP	10	ONLY_som	✓		✓
3	18	Tax_Mils	11	MISMATCH	.٢٣	٠٢٣	٠٢٣
3	18	Reference_to_Register_of_Exemptions_Entry_No	14	ONLY_hadid02		١٦	
3	18	Reference_to_Register_of_Exemptions_Amount_LP	15	ONLY_hadid02		..	
3	19	Serial_No	0	MISMATCH	٢٠	١٢٠	٢٠
3	19	Property_recorded_under_Block_No	2	ONLY_hadid02		..	
3	19	Parcel_Cat_No	4	MISMATCH	١٦	ن	١٦
3	19	Parcel_Area	5	MISMATCH	٤,٣٢٤	٢	٤,٣٣٤
3	19	Reference_to_Register_of_Changes_Serial_No	9	ONLY_som	--		..
3	19	Tax_LP	10	ONLY_hadid02		-.	-
3	19	Tax_Mils	11	MISMATCH	--	-	-
3	20	Serial_No	0	MISMATCH	٢١	""""	٢١
3	20	Date	1	MISMATCH	""""	١	""""
3	20	Property_recorded_under_Parcel_No	3	MISMATCH	٤٥	١	٤٥
3	20	Parcel_Cat_No	4	MISMATCH	١٢	١٣	١٣
3	20	Parcel_Area	5	MISMATCH	٨٦٩	٤	٩٦٩
3	20	New_Serial_No	7	MISMATCH	154	١٥٤	154
3	20	Reference_to_Register_of_Changes_Volume_No	8	MISMATCH	T.D.L	١	T.D.L
3	20	Reference_to_Register_of_Changes_Serial_No	9	MISMATCH	1940	T.٨	1940
3	20	Tax_LP	10	ONLY_hadid02		-	
3	20	Tax_Mils	11	MISMATCH	.٠٨	٠٠٨	٠٠٨
3	21	Serial_No	0	MISMATCH	٢٢	١٢	٢٢
3	21	Parcel_Area	5	MISMATCH	٢,٥٥٦	١,٤٥٣	١,٤٥٣
3	21	Reference_to_Register_of_Changes_Serial_No	9	ONLY_som	--		
3	21	Tax_LP	10	ONLY_hadid02		-	-
3	21	Tax_Mils	11	MISMATCH	--	-	-
3	22	Serial_No	0	MISMATCH	٢٣	""""	٢٣
3	22	Property_recorded_under_Block_No	2	MISMATCH	""""	✓	""""
3	22	Property_recorded_under_Parcel_No	3	MISMATCH	٤٦	""""	٤٦
3	22	Parcel_Cat_No	4	MISMATCH	١٢	١٣	١٣
3	22	Parcel_Area	5	MISMATCH	١,٦٥٦	١	١,٦٢٦
3	22	Reference_to_Register_of_Changes_Serial_No	9	MISMATCH	.١٦	٠١٦	٠١٦
3	22	Tax_Mils	11	MISMATCH	.١٢	٠١٣	٠١٣
3	23	Serial_No	0	MISMATCH	٢٤	١	٢٤
3	23	Date	1	MISMATCH	""""	١	""""
3	23	Parcel_Area	5	MISMATCH	٥,٤٢٩	٢,٣٤٩	٢,٤٣٩
3	23	Reference_to_Register_of_Changes_Serial_No	9	ONLY_som	--		..
3	23	Tax_LP	10	ONLY_hadid02		-	-
3	23	Tax_Mils	11	MISMATCH	--	-	-
3	24	Serial_No	0	MISMATCH	٢٥	"✓"""	٢٥
3	24	Date	1	MISMATCH	""""	من	""""
3	24	Property_recorded_under_Block_No	2	MISMATCH	٤١٤٠	✓	٤١٤٠
3	24	Property_recorded_under_Parcel_No	3	MISMATCH	١٨	١٣	١٨
3	24	Parcel_Cat_No	4	MISMATCH	١٢	✓٣	١٣
3	24	Parcel_Area	5	MISMATCH	٣,٧٢٩	١	٣,٧٢٩
3	24	Reference_to_Register_of_Changes_Serial_No	9	MISMATCH	٢٢	٣٢	٣٢
3	24	Tax_Mils	11	MISMATCH	.٢٠	٠٣٠	٠٣٠
3	25	Serial_No	0	MISMATCH	٢٦	١	٢٦
3	25	Property_recorded_under_Block_No	2	MISMATCH	f	""""	""""
3	25	Parcel_Cat_No	4	MISMATCH	١٢	١٣	١٣
3	25	Parcel_Area	5	MISMATCH	.٦٤	٦٤	٦٤
3	25	Reference_to_Register_of_Changes_Serial_No	9	MISMATCH	--٨	٠٠٨	٠٠٨
3	25	Tax_LP	10	MISMATCH	✓	✓.	✓
3	25	Tax_Mils	11	MISMATCH	--١	٠٠١	٠٠١
3	26	Parcel_Cat_No	4	MISMATCH	X	١٣	١٣
3	26	Reference_to_Register_of_Changes_Serial_No	9	MISMATCH	.٢٤	٠٢٤	٠٢٤
3	26	Tax_LP	10	ONLY_hadid02		✓	✓
3	26	Tax_Mils	11	MISMATCH	.٢٢	٠٢٢	٠٢٢
3	27	Serial_No	0	MISMATCH	٢٨	٤	٢٨
3	27	Parcel_Cat_No	4	MISMATCH	١٦	١	١٦
3	27	Parcel_Area	5	MISMATCH	١,١٢٤	١,٢٠٤	١١,٢٠٤
3	27	Reference_to_Register_of_Changes_Serial_No	9	ONLY_som	--		..
3	27	Tax_LP	10	ONLY_hadid02		-	-
3	27	Tax_Mils	11	MISMATCH	--	-.	-
3	28	Date	1	MISMATCH	""""	١	""""
3	28	Property_recorded_under_Block_No	2	MISMATCH	٤١٤١	١	٤١٤١
3	28	Property_recorded_under_Parcel_No	3	MISMATCH	٧	٧٠	٧
3	28	Parcel_Cat_No	4	MISMATCH	١٢	١٣	١٣
3	28	Parcel_Area	5	MISMATCH	٢,٠٠٩	٢,٠٩	٢٠,٠٠٩
3	28	Tax_LP	10	ONLY_hadid02		✓	✓
3	29	Serial_No	0	MISMATCH	٣٠	١	٣٠
3	29	Parcel_Area	5	MISMATCH	٤,٥٠٨	٢٠,٠٩	٢٠,٠٠٩
3	29	Tax_LP	10	ONLY_hadid02		-	-
3	29	Tax_Mils	11	MISMATCH	--	-.	-
3	29	Net_Assessment_Mils	18	ONLY_hadid02		..	
3	30	Date	1	MISMATCH	""""	١	""""
3	30	Parcel_Area	5	MISMATCH	١٢,٥٦٨	٢،٨٦	١٢,٥٦٨
3	30	Tax_LP	10	ONLY_hadid02		✓	✓
3	31	Parcel_Cat_No	4	MISMATCH	١٢	١٣	١٣
3	31	Parcel_Area	5	MISMATCH	٣,٠٦١	٦,٥٦٨	٦,٥٦٨
3	31	Reference_to_Register_of_Changes_Serial_No	9	MISMATCH	.٥٦	٠٥٦	٠٥٦
3	31	Tax_Mils	11	MISMATCH	.٥٢	٠٥٣	٠٥٣
3	32	Serial_No	0	MISMATCH	٣٣	""""	٣٣
3	32	Parcel_Cat_No	4	MISMATCH	١٦	١	١٦
3	32	Parcel_Area	5	MISMATCH	٣,٠٦١	""""	٦,٥٦٨
3	32	Tax_LP	10	ONLY_hadid02		-	-
3	32	Tax_Mils	11	MISMATCH	--	-	-
4	0	Serial_No	0	ONLY_hadid02		٩	
4	0	Nature_of_Entry	6	ONLY_hadid02		-	
4	0	Reference_to_Register_of_Changes_Volume_No	8	MISMATCH	٢٢٢٢	٢	٢
4	0	Reference_to_Register_of_Changes_Serial_No	9	MISMATCH	✓	٢٢	٢٢٢
4	0	Tax_LP	10	ONLY_hadid02		✓ ٥	✓ ٥
4	0	Tax_Mils	11	MISMATCH	٥٤٣٨	٤٦٨	٤٦٨
4	0	Total_Tax_LP	12	MISMATCH	٥	✓	٥
4	0	Total_Tax_Mils	13	MISMATCH	٢٨٥	""""	٢٨٥
4	1	Serial_No	0	MISMATCH	٣٤	ا,ي٩	٣٤
4	1	Date	1	MISMATCH	٩٢٨	٩٣٨	٩٣٨
4	1	Property_recorded_under_Block_No	2	MISMATCH	٤١٤١	٤١٤١٤	٤١٤١
4	1	Parcel_Cat_No	4	MISMATCH	١٢	١٣	١٣
4	1	Nature_of_Entry	6	MISMATCH	في	٤	تع
4	1	Reference_to_Register_of_Changes_Volume_No	8	MISMATCH	✓	-	✓
4	1	Reference_to_Register_of_Changes_Serial_No	9	MISMATCH	٧٢	٤	٠٧٢
4	1	Tax_LP	10	ONLY_som	✓		✓
4	1	Tax_Mils	11	MISMATCH	٠٧١	""""	٠٧١
4	2	Serial_No	0	MISMATCH	٣٥	"""٥"	٣٥
4	2	Parcel_Area	5	MISMATCH	٨٨٧٢	٨.٨٧٣	٨.٨٧٣
4	2	Nature_of_Entry	6	MISMATCH	""""	"✓"""	""""
4	2	Reference_to_Register_of_Changes_Volume_No	8	MISMATCH	✓	-	✓
4	2	Tax_LP	10	MISMATCH	""""	-	-
4	2	Tax_Mils	11	MISMATCH	"-"""	-	-
4	3	Serial_No	0	MISMATCH	٣٦	١	٣٦
4	3	Property_recorded_under_Parcel_No	3	MISMATCH	١٢	١٣	١٣
4	3	Parcel_Area	5	MISMATCH	٣,٧٧٤	٣	٦،٧٧٤
4	3	Nature_of_Entry	6	MISMATCH	4	""""	""""
4	3	Tax_LP	10	MISMATCH	""""	-	-
4	3	Tax_Mils	11	MISMATCH	"-"""	..	-
4	4	Serial_No	0	MISMATCH	٣٧	✓٧	٣٧
4	4	Parcel_Area	5	MISMATCH	٩,٥٦٢	١	٩،٥٦٢
4	4	New_Serial_No	7	MISMATCH	١٠٢	١٠	١٠٣
4	4	Tax_LP	10	MISMATCH	""""	-	-
4	4	Tax_Mils	11	MISMATCH	"-"""	..	-
4	5	Serial_No	0	MISMATCH	٣٨	.٧	٣٨
4	5	Property_recorded_under_Block_No	2	MISMATCH	""""	٤	""""
4	5	Parcel_Area	5	MISMATCH	١٤,١٨٤	١١٨٤	١٤،١٨٤
4	5	New_Serial_No	7	MISMATCH	١٠٤	١٠	١٠٤
4	5	Reference_to_Register_of_Changes_Serial_No	9	ONLY_hadid02		..	...
4	5	Tax_LP	10	MISMATCH	""""	-	-
4	5	Tax_Mils	11	MISMATCH	"-"""	-	-
4	6	Serial_No	0	MISMATCH	٣٩	٧	٣٩
4	6	Parcel_Area	5	MISMATCH	٨,٩٢٩	١	٨،٩٢٩
4	6	Nature_of_Entry	6	MISMATCH	في	""""	""""
4	6	Reference_to_Register_of_Changes_Volume_No	8	MISMATCH	✓	-	✓
4	6	Reference_to_Register_of_Changes_Serial_No	9	MISMATCH	١٠٨	١٠٧	١٠٨
4	6	Tax_LP	10	MISMATCH	✓	✓ -	✓ -
4	7	Property_recorded_under_Block_No	2	MISMATCH	""""	..	""""
4	7	Reference_to_Register_of_Changes_Volume_No	8	MISMATCH	✓	✓٧	✓
4	7	Tax_LP	10	MISMATCH	✓	..	✓
4	8	Serial_No	0	MISMATCH	٤١	٢ ة٩	٤١
4	8	Parcel_Cat_No	4	MISMATCH	١٢	٦	١٢
4	8	Parcel_Area	5	MISMATCH	٢,٣٤٧	٢,٧٠	٢٦،٣٧٠
4	8	Tax_Mils	11	MISMATCH	٢١٦	٣١٦	٣١٦
4	9	Parcel_Area	5	MISMATCH	٠,٠٢١	٠٣١،	٠٣١،
4	9	Reference_to_Register_of_Changes_Serial_No	9	MISMATCH	٢٢	٠٣٢	٠٣٢
4	9	Tax_LP	10	MISMATCH	✓	✓ -	✓ -
4	9	Tax_Mils	11	MISMATCH	"-"""	-	-
4	10	Property_recorded_under_Parcel_No	3	MISMATCH	٢	٠	٣
4	10	Parcel_Cat_No	4	MISMATCH	٦	١٦	٦
4	10	Parcel_Area	5	MISMATCH	٦,٢٤٥	١٠،٢٥	١٠،٢٢٥
4	10	Reference_to_Register_of_Changes_Serial_No	9	ONLY_hadid02		..	...
4	10	Tax_Mils	11	MISMATCH	٤٥٨	٥	٣٥٨
4	11	Property_recorded_under_Block_No	2	ONLY_hadid02		٤	""""
4	11	Parcel_Area	5	MISMATCH	٣,٢٤٤	٣،٤	٣،٢٤٤
4	11	Tax_LP	10	ONLY_som	✓		✓
4	11	Tax_Mils	11	MISMATCH	١٩٤	١٤	١٤٤
4	12	Serial_No	0	MISMATCH	٤٥	-٩	٤٥
4	12	Date	1	MISMATCH	""""	١	""""
4	12	Property_recorded_under_Block_No	2	MISMATCH	""""	١٦	""""
4	12	Property_recorded_under_Parcel_No	3	MISMATCH	١١	..	١١
4	12	Parcel_Cat_No	4	MISMATCH	٦	✓	٦
4	12	Parcel_Area	5	MISMATCH	١,٩٧٠	٣	١،٩٧٠
4	12	Nature_of_Entry	6	MISMATCH	""""	١	""""
4	12	Reference_to_Register_of_Changes_Serial_No	9	MISMATCH	٧٠	٠	٠٧٠
4	12	Tax_LP	10	ONLY_som	✓		✓
4	12	Tax_Mils	11	MISMATCH	٠٦٩	٤	٠٦٩
4	13	Property_recorded_under_Parcel_No	3	MISMATCH	١٠٢	١	١٠٤
4	13	Parcel_Area	5	MISMATCH	٣,٤٥٥	٤،٣٥	٤،٣٥٥
4	13	Nature_of_Entry	6	MISMATCH	'	""""	""""
4	13	New_Serial_No	7	MISMATCH	٢٩٥	٢,٥	٢٩٥
4	13	Reference_to_Register_of_Changes_Volume_No	8	MISMATCH	T.D.L.	T.DL	T.D.L 1940
4	13	Reference_to_Register_of_Changes_Serial_No	9	MISMATCH	1940	١٠	
4	13	Tax_LP	10	ONLY_hadid02		✓	
4	13	Tax_Mils	11	MISMATCH	٢٥٦	١٥٢	١٥٢
4	14	Property_recorded_under_Block_No	2	MISMATCH	٤١٤٧	✓	٤١٤٧
4	14	Property_recorded_under_Parcel_No	3	MISMATCH	٤٤	٤	٤٤
4	14	Parcel_Cat_No	4	MISMATCH	١٢	١٣	١٣
4	14	Parcel_Area	5	MISMATCH	٨,٨١١	٥٤	٨،٨١١
4	14	Nature_of_Entry	6	MISMATCH	""""	"✓"""	"✓"""
4	14	New_Serial_No	7	MISMATCH	١١٥	١٥	١١٥
4	14	Reference_to_Register_of_Changes_Volume_No	8	MISMATCH	✓	٧	✓
4	14	Reference_to_Register_of_Changes_Serial_No	9	MISMATCH	٧٢	٠٣٢	٠٧٢
4	14	Tax_LP	10	ONLY_som	✓		✓
4	14	Reference_to_Register_of_Exemptions_Entry_No	14	ONLY_som	1		
4	15	Serial_No	0	MISMATCH	٤٨	✓	٤٨
4	15	Parcel_Cat_No	4	MISMATCH	١٢	١٣	١٣
4	15	Parcel_Area	5	MISMATCH	٢,٠١٢	٢,٠٢	٢،٠١٢
4	15	Nature_of_Entry	6	MISMATCH	""""	٤	"✓"""
4	15	New_Serial_No	7	MISMATCH	١١٦	١٦	١١٦
4	15	Reference_to_Register_of_Changes_Serial_No	9	MISMATCH	٢٤	٠٢٤	٠٢٤
4	15	Tax_LP	10	ONLY_som	✓		✓
4	15	Tax_Mils	11	MISMATCH	٠١٦	٠	٠١٦
4	16	Date	1	MISMATCH	""""	١	""""
4	16	Property_recorded_under_Block_No	2	MISMATCH	٤١٤٨	✓	٤١٤٨
4	16	Parcel_Cat_No	4	MISMATCH	٦	✓	٦
4	16	Reference_to_Register_of_Changes_Serial_No	9	MISMATCH	٧٠	٠٧٠	٠٧٠
4	16	Tax_LP	10	ONLY_som	✓		✓
4	17	Serial_No	0	MISMATCH	٥٠	✓ ٩٤	٥٠
4	17	Date	1	MISMATCH	""""	٢	""""
4	17	Parcel_Area	5	MISMATCH	٥,٤٥٠	٤	٥،٣٥٠
4	17	New_Serial_No	7	MISMATCH	١١١	١١	١١١
4	17	Reference_to_Register_of_Changes_Serial_No	9	MISMATCH	٢١	٢١٠	٢١٠
4	18	Serial_No	0	MISMATCH	٥١	.	٥١
4	18	Parcel_Area	5	MISMATCH	١٣,٥٩٥	١٧،٣٥	١٧،٥٣٥
4	18	New_Serial_No	7	ONLY_hadid02		✓	
4	18	Tax_LP	10	MISMATCH	""""	–	-
4	18	Tax_Mils	11	MISMATCH	"-"""	-.	-
4	19	Serial_No	0	MISMATCH	٥٢	١	٥٢
4	19	Parcel_Area	5	MISMATCH	١,٧٧٨	١٥,٧٨	١،٧٧٨
4	19	New_Serial_No	7	MISMATCH	١١٢	٤٢	١١٢
4	19	Reference_to_Register_of_Changes_Serial_No	9	MISMATCH	٧٠	٠٧٠	٠٧٠
4	20	Serial_No	0	MISMATCH	٥٣	ت٥٥٣	٥٣
4	20	Property_recorded_under_Parcel_No	3	MISMATCH	٤٧	٤	٤٧
4	20	Parcel_Cat_No	4	MISMATCH	١٢	١٣	١٣
4	20	Parcel_Area	5	MISMATCH	٢,٠٧٧	٢،٠٧	٢،٠٧٧
4	20	Nature_of_Entry	6	MISMATCH	في	""""	""""
4	20	Reference_to_Register_of_Changes_Serial_No	9	MISMATCH	٢٤	٠٢٤	٠٢٤
4	21	Serial_No	0	MISMATCH	٥٤	٤	٥٤
4	21	Property_recorded_under_Block_No	2	MISMATCH	""""	١	""""
4	21	Property_recorded_under_Parcel_No	3	MISMATCH	٥٥	٥	٥٥
4	21	Parcel_Area	5	MISMATCH	٢,٥١٥	١	٢،٥١٥
4	21	New_Serial_No	7	ONLY_som	١٠٦		١٠٦
4	21	Reference_to_Register_of_Changes_Serial_No	9	MISMATCH	١٠٠	٠٠	١٠٥
4	21	Tax_Mils	11	MISMATCH	٠٨٨	٠٨	٠٨٨
4	22	Serial_No	0	MISMATCH	٥٥	ت٥	٥٥
4	22	Property_recorded_under_Block_No	2	MISMATCH	٤١٤٩	١	٤١٤٩
4	22	Parcel_Area	5	MISMATCH	٠٤٧	،٤٧	،٢٤٧
4	22	Nature_of_Entry	6	MISMATCH	في	""""	""""
4	22	Reference_to_Register_of_Changes_Serial_No	9	ONLY_hadid02		..	...
4	22	Tax_LP	10	MISMATCH	""""	-	-
4	22	Tax_Mils	11	MISMATCH	"-"""	-	-
4	22	Reference_to_Register_of_Exemptions_Amount_Mils	16	ONLY_hadid02		..	
4	22	Net_Assessment_LP	17	ONLY_hadid02		١	
4	23	Serial_No	0	MISMATCH	٥٦	٢	٥٦
4	23	Property_recorded_under_Block_No	2	MISMATCH	""""	١	""""
4	23	Property_recorded_under_Parcel_No	3	MISMATCH	٤٠	١	٤٠
4	23	Parcel_Cat_No	4	MISMATCH	١٢	١٣	١٣
4	23	Parcel_Area	5	MISMATCH	٤,٤٠٠	٤،٨٠	٤،٨٠٠
4	23	Nature_of_Entry	6	MISMATCH	""""	"✓"""	"✓"""
4	23	Reference_to_Register_of_Changes_Volume_No	8	ONLY_som	✓		✓
4	23	Reference_to_Register_of_Changes_Serial_No	9	MISMATCH	٤٠	٠٤٠	٠٤٠
4	24	Serial_No	0	MISMATCH	٥٧	١	٥٧
4	24	Property_recorded_under_Parcel_No	3	MISMATCH	٢٣	١	٢٣
4	24	Parcel_Cat_No	4	MISMATCH	١٢	١	١٣
4	24	Parcel_Area	5	MISMATCH	٢,٤٢٢	""""	٢،٤٣٣
4	24	Reference_to_Register_of_Changes_Serial_No	9	MISMATCH	٢٤	٠٢٤	٠٢٤
4	25	Serial_No	0	MISMATCH	٥٨	✓	٥٨
4	25	Property_recorded_under_Block_No	2	MISMATCH	""""	١	""""
4	25	Property_recorded_under_Parcel_No	3	MISMATCH	٢٦	٣	٢٦
4	25	Parcel_Cat_No	4	MISMATCH	١٢	١	١٣
4	25	Parcel_Area	5	MISMATCH	١٣,٩٠٨	٦,٦٨	١٦،٩٠٨
4	25	Reference_to_Register_of_Changes_Serial_No	9	MISMATCH	١٢٦	١٣٦	١٣٦
4	25	Tax_Mils	11	MISMATCH	١٢٠	١٣٥	١٣٥
4	26	Serial_No	0	MISMATCH	٥٩	٢٤	٥٩
4	26	Property_recorded_under_Parcel_No	3	MISMATCH	٢٧	٢٣	٢٧
4	26	Parcel_Cat_No	4	MISMATCH	١٢	١٣	١٣
4	26	Parcel_Area	5	MISMATCH	٤,٦٨٦	١	٤،٦٨٦
4	26	Reference_to_Register_of_Changes_Serial_No	9	MISMATCH	٤٠	٠٤٠	٠٤٠
4	27	Serial_No	0	MISMATCH	٦٠	✓	٦٠
4	27	Date	1	MISMATCH	""""	١	""""
4	27	Property_recorded_under_Parcel_No	3	MISMATCH	٢٩	٢	٣٩
4	27	Parcel_Cat_No	4	MISMATCH	١٢	١٣	١٣
4	27	Parcel_Area	5	MISMATCH	٢,٩١٤	١	٢،٩١٤
4	27	Reference_to_Register_of_Changes_Serial_No	9	MISMATCH	٢٤	٠٢٤	٠٢٤
4	28	Serial_No	0	MISMATCH	٦١	٧	٦١
4	28	Parcel_Cat_No	4	MISMATCH	١٢	١٣	١٣
4	28	Parcel_Area	5	MISMATCH	٣,٤٢٢	٣٢	٣،٤٣٢
4	28	Nature_of_Entry	6	MISMATCH	في	""""	""""
4	28	Reference_to_Register_of_Changes_Serial_No	9	MISMATCH	٢٢	٠٣٢	٠٣٢
4	29	Serial_No	0	MISMATCH	٦٢	١	٦٢
4	29	Property_recorded_under_Block_No	2	MISMATCH	""""	٤	""""
4	29	Property_recorded_under_Parcel_No	3	MISMATCH	٦٠	١	٦٠
4	29	Parcel_Cat_No	4	MISMATCH	١٢	–	١٣
4	29	Parcel_Area	5	MISMATCH	٦,٤٦٢	١	٦،٢٦٣
4	29	Nature_of_Entry	6	MISMATCH	""""	"✓"""	""""
4	29	Reference_to_Register_of_Changes_Serial_No	9	MISMATCH	٥٦	٠٥٦	٠٥٦
4	29	Tax_LP	10	ONLY_som	✓		✓
4	30	Serial_No	0	MISMATCH	٦٣	٤	٦٣
4	30	Property_recorded_under_Parcel_No	3	MISMATCH	٧٤	١٤٠	١٤٠
4	30	Parcel_Cat_No	4	MISMATCH	١٢	١٦	١٣
4	30	Parcel_Area	5	MISMATCH	٢,٣٥٦	٢،٣٦	٢،٣٥٦
4	30	Nature_of_Entry	6	MISMATCH	في	""""	""""
4	30	New_Serial_No	7	MISMATCH	٢٩٦	٢٦	٢٩٦
4	30	Reference_to_Register_of_Changes_Volume_No	8	MISMATCH	T.D.L.	T.L	T.D.L. 1940
4	30	Reference_to_Register_of_Changes_Serial_No	9	MISMATCH	1940.	١٠٨	
4	30	Tax_LP	10	ONLY_hadid02		٩٦	
4	30	Total_Tax_LP	12	ONLY_hadid02		x	x
4	31	Serial_No	0	MISMATCH	٦٤	١٦٢	٦٤
4	31	Property_recorded_under_Parcel_No	3	MISMATCH	١٥٤	٠	١٥٢
4	31	Parcel_Cat_No	4	MISMATCH	١٢	١٣	١٣
4	31	Parcel_Area	5	MISMATCH	٢,٧٤١	٣،١٧١	٣.٧٤١
4	31	Reference_to_Register_of_Changes_Serial_No	9	MISMATCH	٢٢	٠٣٢	٠٣٢
4	31	Tax_LP	10	ONLY_som	✓		✓
4	31	Tax_Mils	11	MISMATCH	٠٢٠	٠٣٠	٠٣٠
4	32	Serial_No	0	MISMATCH	٦٥	٦	٦٥
4	32	Property_recorded_under_Block_No	2	MISMATCH	""""	٥	""""
4	32	Parcel_Cat_No	4	MISMATCH	١٢	١٦	١٣
4	32	Parcel_Area	5	MISMATCH	٢,٦٢٠	٣,،٣٥	٣.٨٣٥
4	32	Nature_of_Entry	6	MISMATCH	في	""""	""""
4	32	Reference_to_Register_of_Changes_Serial_No	9	MISMATCH	٢٢	٠٣٢	٠٣٢
4	32	Tax_Mils	11	MISMATCH	٠٢١	٠٣١	٠٣١
4	33	Serial_No	0	MISMATCH	٦٦	ن	٦٦
4	33	Parcel_Cat_No	4	MISMATCH	١٢	١٣	١٣
4	33	Reference_to_Register_of_Changes_Serial_No	9	MISMATCH	٢٤	٠٢٤	٠٢٤
4	34	Serial_No	0	MISMATCH	٦٧	١	٦٧
4	34	Date	1	MISMATCH	""""	١	""""
4	34	Parcel_Cat_No	4	MISMATCH	١٢	١	١٣
4	34	Parcel_Area	5	MISMATCH	٥,١٠٧	٣،١٢٧	٣،١٢٧
4	34	Nature_of_Entry	6	MISMATCH	في	""""	""""
4	34	Reference_to_Register_of_Changes_Serial_No	9	MISMATCH	٢٢	٠٣٢	٠٣٢
4	34	Tax_Mils	11	MISMATCH	٠٤٥	٠٢٥	٠٢٥
4	34	Total_Tax_LP	12	MISMATCH	٧	✓	٧
4	34	Total_Tax_Mils	13	MISMATCH	٢٥٤	٣٥٤	٣٥٤
5	0	Reference_to_Register_of_Changes_Volume_No	8	ONLY_som	۲		٣
5	0	Reference_to_Register_of_Changes_Serial_No	9	MISMATCH	۷۷۹	٧٩	٧٧٩
5	0	Tax_LP	10	MISMATCH	✓	✓٧	✓٧
5	0	Tax_Mils	11	MISMATCH	۷۷۰۸	٧٠٨	٧٠٨
5	0	Total_Tax_LP	12	MISMATCH	۷	٥	٧
5	0	Total_Tax_Mils	13	MISMATCH	٢٥٤	""""	٣٥٤
5	1	Date	1	MISMATCH	٩٣٨	١٣٨	٩٣٨
5	1	Property_recorded_under_Parcel_No	3	MISMATCH	٢	٣	٣
5	1	Parcel_Cat_No	4	MISMATCH	١٢	١٣	١٣
5	1	Parcel_Area	5	MISMATCH	٠٨٢٠	,٨٢٠	,٨٢٠
5	1	Nature_of_Entry	6	MISMATCH	خ	تع	تع✓
5	1	Reference_to_Register_of_Changes_Serial_No	9	MISMATCH	- - ٨٧	ن	٠٠٨
5	1	Tax_LP	10	MISMATCH	✓	١٦	✓
5	1	Tax_Mils	11	MISMATCH	٠٠٧	٤	٠٠٧
5	1	Reference_to_Register_of_Exemptions_Amount_LP	15	ONLY_hadid02		.	-
5	1	Reference_to_Register_of_Exemptions_Amount_Mils	16	MISMATCH	- -	-.	-
5	1	Net_Assessment_LP	17	ONLY_hadid02		✓٣	٨
5	1	Net_Assessment_Mils	18	MISMATCH	٨٠٠٢	٠٠٢	٠٠٢
5	2	Parcel_Area	5	MISMATCH	٣٩١٥	١,١٢	١,٩١٢
5	2	Reference_to_Register_of_Changes_Serial_No	9	MISMATCH	- -	..	٠٠٠
5	2	Tax_LP	10	MISMATCH	✓	-	-
5	2	Tax_Mils	11	MISMATCH	- -	-	-
5	2	Total_Tax_LP	12	ONLY_som	✓		
5	3	Date	1	MISMATCH	؛	""""	""""
5	3	Property_recorded_under_Block_No	2	MISMATCH	""""	✓	""""
5	3	Property_recorded_under_Parcel_No	3	MISMATCH	٢٦	٣٦	٣٦
5	3	Parcel_Cat_No	4	MISMATCH	١٢	١٣	١٣
5	3	Parcel_Area	5	MISMATCH	٨٨٢	,٢٠	,٨٨٢
5	3	Nature_of_Entry	6	MISMATCH	""""	"✓"""	"✓"""
5	3	Reference_to_Register_of_Changes_Serial_No	9	MISMATCH	- - ٨	٠٠٨	٠٠٨
5	3	Tax_LP	10	ONLY_som	✓		
5	3	Tax_Mils	11	MISMATCH	٠٠٧	٠.	٠٠٧
5	4	Serial_No	0	MISMATCH	٧١	٣	٧١
5	4	Parcel_Area	5	MISMATCH	٢٠٥٨	٢,٠٥٨	٢,٠٥٨
5	4	Reference_to_Register_of_Changes_Serial_No	9	ONLY_som	- -		٠٠٠
5	4	Tax_LP	10	MISMATCH	✓	.	-
5	4	Tax_Mils	11	MISMATCH	- -	-.	-
5	5	Serial_No	0	MISMATCH	٧٢	٣٧٢	٧٢
5	5	Date	1	MISMATCH	؛	""""	""""
5	5	Parcel_Cat_No	4	MISMATCH	١٢	١٣	١٣
5	5	Parcel_Area	5	MISMATCH	٥,٢٢٧	٥,٢٧	٥,٣٢٧
5	5	Tax_LP	10	MISMATCH	✓	-.	-
5	5	Tax_Mils	11	MISMATCH	٠٤٢	٠٤٣	٠٤٣
5	6	Parcel_Area	5	MISMATCH	١٢٤٢٩	٤٢	١٢,٤٢٩
5	6	Reference_to_Register_of_Changes_Serial_No	9	ONLY_som	- -		٠٠٠
5	6	Tax_LP	10	MISMATCH	✓	.	-
5	6	Tax_Mils	11	MISMATCH	- -	-	-
5	7	Serial_No	0	MISMATCH	٧٤	١٧٤	٧٤
5	7	Date	1	MISMATCH	؛	""""	""""
5	7	Parcel_Cat_No	4	MISMATCH	١٢	١٣	١٣
5	7	Parcel_Area	5	MISMATCH	١١,٥١٧	١,١٧	١١,٥١٧
5	7	Nature_of_Entry	6	MISMATCH	""""	"✓"""	"✓"""
5	7	Tax_LP	10	MISMATCH	✓	-	-
5	8	Serial_No	0	MISMATCH	٧٥	x	٧٥
5	8	Parcel_Cat_No	4	MISMATCH	١٦	✓	١٦
5	8	Parcel_Area	5	MISMATCH	٤٦,٥٦٨	٤,٠٨	٤٦,٠٦٨
5	8	Reference_to_Register_of_Changes_Serial_No	9	ONLY_som	- -		٠٠٠
5	8	Tax_LP	10	MISMATCH	✓	-	-
5	8	Tax_Mils	11	MISMATCH	- -	-	-
5	9	Serial_No	0	MISMATCH	٧٦	٣	٧٦
5	9	Date	1	MISMATCH	؛	""""	""""
5	9	Parcel_Cat_No	4	MISMATCH	١٢	١٣	١٣
5	9	Parcel_Area	5	MISMATCH	٠٠٠٢	,٠٣	,٠٠٣
5	9	Nature_of_Entry	6	MISMATCH	؛	✓..	"✓"""
5	9	Reference_to_Register_of_Changes_Serial_No	9	MISMATCH	- - ٨	٠٠٨	٠٠٨
5	9	Tax_LP	10	MISMATCH	✓	✓-	-
5	9	Tax_Mils	11	MISMATCH	- -	-	-
5	10	Serial_No	0	MISMATCH	٧٧	١٧	٧٧
5	10	Date	1	MISMATCH	؛	""""	""""
5	10	Property_recorded_under_Parcel_No	3	MISMATCH	٨١	٣	٨١
5	10	Parcel_Cat_No	4	MISMATCH	١٢	١٣	١٣
5	10	Parcel_Area	5	MISMATCH	٢,٠٨٢	١,٠٢	٣,٠٨٢
5	10	New_Serial_No	7	MISMATCH	١١٠	١	110
5	10	Reference_to_Register_of_Changes_Volume_No	8	MISMATCH	✓	١	✓
5	10	Reference_to_Register_of_Changes_Serial_No	9	MISMATCH	٠٦٢	٠٣٢	٠٣٢
5	10	Tax_LP	10	ONLY_som	✓		✓
5	10	Tax_Mils	11	MISMATCH	٠٢٥	١	٠٢٥
5	10	Reference_to_Register_of_Exemptions_Amount_Mils	16	ONLY_hadid02		""""	
5	11	Serial_No	0	MISMATCH	٧٨	٤	٧٨
5	11	Date	1	MISMATCH	؛	""""	""""
5	11	Property_recorded_under_Parcel_No	3	MISMATCH	٣٦	٣	٣٦
5	11	Parcel_Area	5	MISMATCH	٠٠٧٠	,٠٠	,٠٧٠
5	11	Nature_of_Entry	6	MISMATCH	""""	"✓"""	"✓"""
5	11	Reference_to_Register_of_Changes_Serial_No	9	MISMATCH	٤٢٦	١	٠١١
5	11	Tax_LP	10	ONLY_som	✓		✓
5	11	Tax_Mils	11	MISMATCH	٠١١	٠٤	٠١١
5	12	Serial_No	0	MISMATCH	٧٩	,٧٩	٧٩
5	12	Date	1	MISMATCH	؛	""""	""""
5	12	Parcel_Area	5	MISMATCH	٠٢٥٠	,٢٥٠	,٢٥٠
5	12	Nature_of_Entry	6	MISMATCH	""""	✓	"✓"""
5	12	Reference_to_Register_of_Changes_Serial_No	9	MISMATCH	٤٢٧	٤	٠٤٠
5	12	Tax_LP	10	ONLY_som	✓		✓
5	13	Serial_No	0	MISMATCH	٨٠	١	٨٠
5	13	Date	1	MISMATCH	؛	""""	""""
5	13	Property_recorded_under_Block_No	2	MISMATCH	""""	.	""""
5	13	Property_recorded_under_Parcel_No	3	MISMATCH	٧٠	٣	٧٠
5	13	Parcel_Area	5	MISMATCH	٠٢٠٠	,٢٠	,٢٠٠
5	13	Nature_of_Entry	6	MISMATCH	""""	"""."	"✓"""
5	13	Reference_to_Register_of_Changes_Serial_No	9	MISMATCH	٤٢٢	١٦٠	٠٣٢
5	13	Tax_LP	10	ONLY_som	✓		✓
5	13	Tax_Mils	11	MISMATCH	٠٣٢	منس	٠٣٢
5	14	Serial_No	0	MISMATCH	٨١	٥	٨١
5	14	Property_recorded_under_Block_No	2	MISMATCH	""""	..	""""
5	14	Parcel_Cat_No	4	MISMATCH	٤	٤٠	٤
5	14	Parcel_Area	5	MISMATCH	٠١٧٥	٧	,١٧٥
5	14	Nature_of_Entry	6	MISMATCH	؛	"✓"""	"✓"""
5	14	Reference_to_Register_of_Changes_Serial_No	9	MISMATCH	٤٢٨	١	٠٢٨
5	14	Tax_LP	10	ONLY_som	✓		✓
5	15	Serial_No	0	MISMATCH	٨٢	✓	٨٢
5	15	Date	1	MISMATCH	؛	""""	""""
5	15	Property_recorded_under_Block_No	2	MISMATCH	٤١٢٩	٤١٣٩	٤١٣٩
5	15	Parcel_Cat_No	4	MISMATCH	١٢	١٣	١٣
5	15	Nature_of_Entry	6	MISMATCH	""""	✓	"✓"""
5	15	Reference_to_Register_of_Changes_Serial_No	9	MISMATCH	٠١٦	٠٦٠	١٦
5	15	Tax_LP	10	ONLY_som	✓		✓
5	16	Serial_No	0	MISMATCH	٨٣	✓٧	٨٣
5	16	Parcel_Area	5	MISMATCH	١,٦١٢	٠	١,٦١٢
5	16	Reference_to_Register_of_Changes_Volume_No	8	ONLY_som	✓		
5	16	Reference_to_Register_of_Changes_Serial_No	9	MISMATCH	- -	.٠.	٠٠٠
5	16	Tax_LP	10	MISMATCH	✓	-	-
5	16	Tax_Mils	11	MISMATCH	- -	-	-
5	16	Total_Tax_LP	12	ONLY_hadid02		٨	٨
5	16	Total_Tax_Mils	13	MISMATCH	٨٠٠٢	٠٠٢	٠٠٢
5	17	Tax_LP	10	ONLY_hadid02		✓	٨
5	17	Tax_Mils	11	MISMATCH	٨٠٠٢	٠٠٢	٠٠٢
5	18	Date	1	MISMATCH	٩٣٩	-	٩٣٩
5	18	Total_Tax_LP	12	ONLY_hadid02		-	٨
5	18	Total_Tax_Mils	13	MISMATCH	٨٠٠٢	٠٠٢	٠٠٢
5	18	Net_Assessment_LP	17	ONLY_hadid02		٨	٨
5	18	Net_Assessment_Mils	18	MISMATCH	٨٠٠٢	.٠	٠٠٢
5	19	Date	1	MISMATCH	٩٤٠	من تسل	٩٤٠
5	19	Nature_of_Entry	6	ONLY_hadid02		ان	١٠٧
5	19	Net_Assessment_LP	17	ONLY_hadid02		١	٧
5	19	Net_Assessment_Mils	18	MISMATCH	٧٩٦٤	١	٩٦٤
5	20	Date	1	MISMATCH	؛	""""	""""
5	20	Property_recorded_under_Block_No	2	MISMATCH	٤١٣٢	٤١٣	٤١٣٣
5	20	Parcel_Area	5	MISMATCH	١٢,٢٧١	١,٧٨٠	١٢,٣٧١
5	20	Nature_of_Entry	6	MISMATCH	تنزيل ١٩٤٥	من تسل ٧٤	من تسلسل ٧٤
5	20	New_Serial_No	7	MISMATCH	T.D.L. 940	١	T.D.L. 1940
5	20	Reference_to_Register_of_Changes_Volume_No	8	MISMATCH	٢٢٦	١٦	
5	20	Reference_to_Register_of_Changes_Serial_No	9	MISMATCH	✓	٢٣٤٠	٢٣٤
5	20	Tax_LP	10	ONLY_hadid02		✓	✓
5	20	Total_Tax_LP	12	MISMATCH	٣	..	x
5	21	Serial_No	0	MISMATCH	٨٥	١	٨٥
5	21	Date	1	MISMATCH	٢٢	""""	""""
5	21	Property_recorded_under_Parcel_No	3	MISMATCH	٧٦	٢	٣٦
5	21	Parcel_Cat_No	4	MISMATCH	١٢	١٣	١٣
5	21	Parcel_Area	5	MISMATCH	١٦٠٠,١٦٧	,٠	٠,٥٦٠
5	21	Nature_of_Entry	6	ONLY_som	تنزيل ١٩٤٥		من تسلسل ١٦٧
5	21	New_Serial_No	7	MISMATCH	T.D.L. 940	ا49	T.D.L. 1940
5	21	Reference_to_Register_of_Changes_Volume_No	8	MISMATCH	- - ٨	T.D.L	
5	21	Reference_to_Register_of_Changes_Serial_No	9	MISMATCH	✓	٠٠٨	٠٠٨
5	21	Tax_LP	10	ONLY_hadid02		✓	✓
5	21	Total_Tax_LP	12	MISMATCH	٣	..	x
5	22	Serial_No	0	MISMATCH	٨٦	٥	٨٦
5	22	Date	1	MISMATCH	؛	""""	""""
5	22	Property_recorded_under_Parcel_No	3	MISMATCH	٦٠	..	٦٠
5	22	Parcel_Cat_No	4	MISMATCH	١٢	١٣	١٣
5	22	Parcel_Area	5	MISMATCH	٠٠٠٧	,٠٠٧	,٠٠٧
5	22	Nature_of_Entry	6	MISMATCH	تنزيل ١٩٤٥	من تسل	من تسلسل ١٩٤
5	22	New_Serial_No	7	MISMATCH	T.D.L. 940	T.D.L	T.D.L. 1940
5	22	Reference_to_Register_of_Changes_Volume_No	8	MISMATCH	- - ٨	١	
5	22	Reference_to_Register_of_Changes_Serial_No	9	MISMATCH	✓	٠٠٨	٠٠٨
5	22	Tax_LP	10	ONLY_hadid02		✓	✓
5	22	Tax_Mils	11	MISMATCH	- -	--	--
5	22	Total_Tax_LP	12	MISMATCH	٣	.٠	x
5	23	Serial_No	0	MISMATCH	٨٧	١٧	٨٧
5	23	Date	1	MISMATCH	؛	""""	""""
5	23	Property_recorded_under_Block_No	2	MISMATCH	٤١٥٠	٤١٠	٤١٥٠
5	23	Parcel_Cat_No	4	MISMATCH	١٢	١٣	١٣
5	23	Parcel_Area	5	MISMATCH	٢,٥٩٥	٢,٥	٢,٥٩٥
5	23	Nature_of_Entry	6	MISMATCH	تنزيل ١٩٤٥	من تسل ٩	من تسلسل ١٩٤
5	23	New_Serial_No	7	MISMATCH	T.D.L. 940	T.D.L	T.D.L. 1940
5	23	Reference_to_Register_of_Changes_Volume_No	8	MISMATCH	٢٦	T.D.L٨٥	
5	23	Reference_to_Register_of_Changes_Serial_No	9	MISMATCH	✓	٤	٠٢٤
5	23	Tax_LP	10	ONLY_hadid02		✓	✓
5	23	Total_Tax_LP	12	MISMATCH	٣	١٣	x
5	23	Reference_to_Register_of_Exemptions_Entry_No	14	ONLY_hadid02		""""	
5	24	Serial_No	0	MISMATCH	٨٨	٤	٨٨
5	24	Date	1	MISMATCH	؛	""""	""""
5	24	Property_recorded_under_Parcel_No	3	MISMATCH	٦٧	١٧٠	١٧٠
5	24	Parcel_Cat_No	4	MISMATCH	١٢	١٣	١٣
5	24	Parcel_Area	5	MISMATCH	٢,٧٧١	✓	٢,٧٧١
5	24	Nature_of_Entry	6	MISMATCH	تنزيل ١٩٤٥	٤	من تسلسل ١٩٤
5	24	New_Serial_No	7	MISMATCH	T.D.L. 940	١	T.D.L. 1940
5	24	Reference_to_Register_of_Changes_Volume_No	8	MISMATCH	٢٦	T.D.L	
5	24	Reference_to_Register_of_Changes_Serial_No	9	MISMATCH	✓	٠٢٤	٠٢٤
5	24	Tax_LP	10	ONLY_hadid02		✓	✓
5	24	Total_Tax_LP	12	MISMATCH	٣	✓	x
5	25	Serial_No	0	MISMATCH	٨٩	٧	٨٩
5	25	Date	1	MISMATCH	؛	""""	""""
5	25	Property_recorded_under_Block_No	2	MISMATCH	""""	١	""""
5	25	Property_recorded_under_Parcel_No	3	MISMATCH	١٨٦	٠	١٨٦
5	25	Parcel_Cat_No	4	MISMATCH	١٢	٩٠	١٣
5	25	Parcel_Area	5	MISMATCH	١,٥٨٠	١,٨	١,٥٨٠
5	25	Nature_of_Entry	6	MISMATCH	تنزيل ١٩٤٥	من تسل ٩٤	من تسلسل ١٤١
5	25	New_Serial_No	7	MISMATCH	T.D.L. 940	T.L	T.D.L. 1940
5	25	Reference_to_Register_of_Changes_Volume_No	8	MISMATCH	١٦	T.D.L	
5	25	Reference_to_Register_of_Changes_Serial_No	9	MISMATCH	✓	٠١٦	٠١٦
5	25	Tax_LP	10	ONLY_hadid02		✓	✓
5	25	Total_Tax_LP	12	MISMATCH	٣	x	x
5	26	Serial_No	0	MISMATCH	٩٠	٤	٩٠
5	26	Date	1	MISMATCH	؛	""""	""""
5	26	Property_recorded_under_Parcel_No	3	MISMATCH	٢٥	١	٢٥
5	26	Parcel_Cat_No	4	MISMATCH	١٢	-	١٣
5	26	Parcel_Area	5	MISMATCH	٢,١٥٢	٤,٥٣	٤,١٥٣
5	26	Nature_of_Entry	6	MISMATCH	تنزيل ١٩٤٥	من تسل ١٩٤	
5	26	New_Serial_No	7	MISMATCH	T.D.L. 940	T.D.L	T.D.L. 1940
5	26	Reference_to_Register_of_Changes_Volume_No	8	MISMATCH	٤٠	T.D.L	
5	26	Reference_to_Register_of_Changes_Serial_No	9	MISMATCH	✓	٠٤٠	٠٤٠
5	26	Tax_LP	10	ONLY_hadid02		✓	✓
5	26	Tax_Mils	11	MISMATCH	٠١٧	٠٣	٠٣٣
5	26	Total_Tax_LP	12	MISMATCH	٣	x٧	x٧
5	26	Total_Tax_Mils	13	MISMATCH	٧٩٦٤	٩٤	٩٦٤
5	27	Reference_to_Register_of_Changes_Volume_No	8	MISMATCH	٤١٩	٤	٤
5	27	Reference_to_Register_of_Changes_Serial_No	9	MISMATCH	٨٩٧	٩	٩٨٩
5	27	Tax_LP	10	ONLY_hadid02		✓	✓
5	27	Reference_to_Register_of_Exemptions_Amount_LP	15	ONLY_hadid02		–	
5	27	Net_Assessment_Mils	18	MISMATCH	٩٦٤	٩٦	٩٦٤
5	28	Date	1	MISMATCH	٩٣/٤٤	٤٣/٤٢	٤٣/٤٢
5	28	Property_recorded_under_Parcel_No	3	MISMATCH	٢	٣٠	٣٠
5	28	Parcel_Area	5	MISMATCH	٢٦٢٧٠	٢٦,٣٧٠	٢٦,٣٧٠
5	28	New_Serial_No	7	MISMATCH	٣٣٧	37	337
5	28	Reference_to_Register_of_Changes_Serial_No	9	MISMATCH	٢٥	٣٥	٣٥
5	28	Tax_LP	10	ONLY_som	✓		✓
5	28	Net_Assessment_LP	17	ONLY_hadid02		٤	٤
5	28	Net_Assessment_Mils	18	MISMATCH	٤٤٦	٤٠	٤٦٠
5	29	Date	1	MISMATCH	؛	""""	""""
5	29	Property_recorded_under_Parcel_No	3	MISMATCH	٢٢	٤	٣٢
5	29	Parcel_Area	5	MISMATCH	١٥,٩٧٨	١	١٥٩,٧٧٨
5	29	Nature_of_Entry	6	MISMATCH	؛	✓	""""
5	29	New_Serial_No	7	MISMATCH	٣٣٩	39	339
5	29	Tax_LP	10	ONLY_hadid02		٢	٢
5	29	Tax_Mils	11	MISMATCH	٢٨٧	٨٧٦	٨٧٦
5	29	Total_Tax_Mils	13	MISMATCH	٧٧٣	٧٢	٧٧٢
5	30	Serial_No	0	ONLY_som	٩٣		٩٣
5	30	Date	1	MISMATCH	،	٢	""""
5	30	Property_recorded_under_Block_No	2	MISMATCH	٤١٣٦	١	٤١٤٦
5	30	Property_recorded_under_Parcel_No	3	MISMATCH	٢	٣	٣
5	30	Parcel_Area	5	MISMATCH	٣,٢٢٥	١٠,٢٥	١٠,٢٢٥
5	30	Nature_of_Entry	6	MISMATCH	؛	""""	""""
5	30	New_Serial_No	7	MISMATCH	٣٤٠	340	340
5	31	Date	1	MISMATCH	؛	""""	""""
5	31	Parcel_Area	5	MISMATCH	٠٠٥٩٢٠	٢,٩٣٥	٢,٩٣٥
5	31	Nature_of_Entry	6	MISMATCH	؛	""""	""""
5	31	New_Serial_No	7	MISMATCH	؛	""""	""""
5	31	Total_Tax_LP	12	MISMATCH	١	٤	٤
5	32	Date	1	MISMATCH	؛	""""	""""
5	32	Property_recorded_under_Block_No	2	MISMATCH	؛	""""	""""
5	32	Property_recorded_under_Parcel_No	3	MISMATCH	٤٧	٤	٤٧
5	32	Parcel_Cat_No	4	MISMATCH	؛	""""	""""
5	32	Nature_of_Entry	6	MISMATCH	؛	""""	""""
5	32	New_Serial_No	7	MISMATCH	؛	""""	""""
5	32	Reference_to_Register_of_Changes_Volume_No	8	MISMATCH	؛	""""	""""
5	32	Reference_to_Register_of_Changes_Serial_No	9	MISMATCH	؛	""""	""""
5	32	Tax_LP	10	ONLY_hadid02		١	
5	33	Date	1	MISMATCH	؛	""""	""""
5	33	Property_recorded_under_Block_No	2	MISMATCH	؛	""""	""""
5	33	Parcel_Cat_No	4	MISMATCH	؛	""""	
5	33	Parcel_Area	5	MISMATCH	٠٠٩,٦٤٨	٩٦٤٣	٩,٦٤٣
5	33	Nature_of_Entry	6	MISMATCH	؛	""""	""""
5	33	New_Serial_No	7	MISMATCH	؛	""""	""""
5	33	Reference_to_Register_of_Changes_Volume_No	8	MISMATCH	؛	-	""""
5	33	Total_Tax_LP	12	MISMATCH	٤	""""	٤
5	33	Total_Tax_Mils	13	MISMATCH	١٤٤	١٤	١٤٤
5	34	Serial_No	0	ONLY_hadid02		٧	
5	34	Date	1	MISMATCH	٩٤٢/٩٤٣	٩٤ ٩٤٣	٤٢/٩٤٢
5	34	Property_recorded_under_Block_No	2	ONLY_hadid02		١	
5	34	Property_recorded_under_Parcel_No	3	ONLY_hadid02		"""."	
5	34	Parcel_Cat_No	4	ONLY_hadid02		١	""""
5	34	Parcel_Area	5	ONLY_hadid02		٣	
5	34	Nature_of_Entry	6	ONLY_hadid02		""""	
5	34	New_Serial_No	7	ONLY_hadid02		١	
5	34	Reference_to_Register_of_Changes_Serial_No	9	ONLY_hadid02		""""	
5	34	Tax_Mils	11	ONLY_hadid02		""""	
5	34	Total_Tax_LP	12	MISMATCH	٦	–	٤
5	34	Total_Tax_Mils	13	MISMATCH	٩٨٩	٤٦٠	٤٦٠
6	0	Serial_No	0	MISMATCH	٩٧	٧	٩٧
6	0	Date	1	ONLY_som	٩٢٢/٩٢٤		٩٤٣/٩٤٤
6	0	Property_recorded_under_Block_No	2	ONLY_som	٤١٤٩		٤١٣٩
6	0	Property_recorded_under_Parcel_No	3	ONLY_som	٢٨		٣٨
6	0	Parcel_Cat_No	4	ONLY_som	١٢		١٣
6	0	Parcel_Area	5	ONLY_som	٢,١٨٩		٢,٨٨٩
6	0	Nature_of_Entry	6	ONLY_som	بيع		بيع
6	0	New_Serial_No	7	MISMATCH	٢٥	١٣٥	٣٥٣
6	0	Reference_to_Register_of_Changes_Volume_No	8	ONLY_som	١		١
6	0	Reference_to_Register_of_Changes_Serial_No	9	ONLY_som	٢١		٣١
6	0	Tax_LP	10	MISMATCH	✓	١	✓
6	0	Tax_Mils	11	ONLY_som	٠٢٤		٠
6	0	Total_Tax_LP	12	MISMATCH	٨	٤٢	٨
6	0	Total_Tax_Mils	13	MISMATCH	٨٧٢	٣٤٠	٨٧٢
6	0	Net_Assessment_Mils	18	MISMATCH	٨٧٢	٩،٩٢	٨٧٢
6	1	Serial_No	0	ONLY_som	٩٨		٩٨
6	1	Parcel_Cat_No	4	ONLY_som	١٦		١٢
6	1	Parcel_Area	5	ONLY_som	٤,٣١٤		٤,٣٣٤
6	2	Serial_No	0	ONLY_som	٩٩		٩٩
6	2	Property_recorded_under_Block_No	2	ONLY_som	٤١٤١		٤١٣٨
6	2	Property_recorded_under_Parcel_No	3	ONLY_som	٥		٥
6	2	Parcel_Cat_No	4	ONLY_som	١٤		١٤
6	2	Parcel_Area	5	ONLY_som	١,١٧٤		١,١٧٤
6	2	Nature_of_Entry	6	ONLY_som	""""		""""
6	2	Reference_to_Register_of_Changes_Volume_No	8	ONLY_som	١		١
6	2	Reference_to_Register_of_Changes_Serial_No	9	ONLY_som	٥٩		٥٩
6	4	Serial_No	0	MISMATCH	١٠٠	١٠	١٠٠
6	4	Date	1	MISMATCH	٤٥/٤٤	✓	٤٤/٤٥
6	4	Property_recorded_under_Block_No	2	MISMATCH	٤١٤٤	٤١٤	٤١٣٤
6	4	Property_recorded_under_Parcel_No	3	MISMATCH	٢	٤٠	٢
6	4	Parcel_Area	5	MISMATCH	١١,٨٦٨	١,٩٨	١١,٨٦٨
6	4	New_Serial_No	7	ONLY_som	٢٧٢		٣٧٢
6	4	Reference_to_Register_of_Changes_Volume_No	8	ONLY_hadid02		٤٤	٦٢٤٤
6	4	Reference_to_Register_of_Changes_Serial_No	9	MISMATCH	٦٤٤٤/٦٤٤٥	٣	,٦٢٤٥عقد
6	4	Tax_LP	10	MISMATCH	✓	٧	✓_
6	4	Tax_Mils	11	MISMATCH	٢٣٢	٤١٣٤	٤٣٢
6	4	Total_Tax_LP	12	MISMATCH	٨	""""	✓٨
6	4	Total_Tax_Mils	13	MISMATCH	١٤٤	٤٠	٤٤٠
6	5	Serial_No	0	MISMATCH	١٠١	٨	١٠١
6	5	Date	1	MISMATCH	""""	١	
6	5	Property_recorded_under_Block_No	2	MISMATCH	٤١٤٤	١	٤١٣٤
6	5	Property_recorded_under_Parcel_No	3	MISMATCH	٢٤	٣٤	٣٤
6	5	Parcel_Area	5	MISMATCH	٨,٥٤٦	٨,٤٦	٨,٥٤٦
6	5	Nature_of_Entry	6	ONLY_som	""""		""""
6	5	New_Serial_No	7	MISMATCH	""""	..	""""
6	5	Reference_to_Register_of_Changes_Volume_No	8	ONLY_hadid02		_	٦٢٤٦
6	5	Reference_to_Register_of_Changes_Serial_No	9	MISMATCH	٦٤٤٦/٦٤٤٧	١	,٦٢٤٧
6	5	Tax_LP	10	MISMATCH	✓	✓.	✓_
6	5	Tax_Mils	11	MISMATCH	٢٤٢	١٢	٣٢٤
6	5	Total_Tax_LP	12	MISMATCH	٨	٩٦	✓٨
6	5	Total_Tax_Mils	13	MISMATCH	١١٦	٠٨	١١٦
6	6	Date	1	MISMATCH	؛	""""	
6	6	Property_recorded_under_Block_No	2	MISMATCH	٤١٢٨	""""	٤١٣٨
6	6	Parcel_Cat_No	4	MISMATCH	١٤	٠٠٤	١٤
6	6	Parcel_Area	5	MISMATCH	"٧,٨٠٠
١٦ ٧,٧٠٧"	١٧٠٧٠	٧,٨٠٠
6	6	Nature_of_Entry	6	MISMATCH	✓	٠	
6	6	Tax_Mils	11	MISMATCH	٠٧٢	٠٣٢	٠٣٢
6	6	Total_Tax_LP	12	MISMATCH	٤	٠٤	٤
6	7	Date	1	MISMATCH	؛	""""	
6	7	Property_recorded_under_Parcel_No	3	MISMATCH	٢٢	٠٢	٢٢
6	7	Parcel_Area	5	MISMATCH	٩,٥٦٤	٣,٩٢	٩,٥٦٢
6	7	Nature_of_Entry	6	MISMATCH	✓	من تسل	
6	7	Total_Tax_Mils	13	MISMATCH	١٢٠	٠٤٨٠	١٣٠
6	8	Date	1	MISMATCH	'	""""	
6	8	Property_recorded_under_Block_No	2	MISMATCH	٤١٤٤	١١٧	٤١٤٤
6	8	Property_recorded_under_Parcel_No	3	MISMATCH	٥٤	١٥٤	٥٤
6	8	Parcel_Area	5	MISMATCH	١٤,١٨٤	٤	١٤,١٨٤
6	8	Nature_of_Entry	6	MISMATCH	✓	..	
6	8	Tax_Mils	11	MISMATCH	٠٦٠	..	٠٦٠
6	8	Total_Tax_Mils	13	MISMATCH	١٩٠	١٦٠	١٩٠
6	8	Net_Assessment_Mils	18	MISMATCH	١٩٠	١٠	١٩٠
6	9	Parcel_Area	5	ONLY_hadid02		٤٠	
6	9	Nature_of_Entry	6	MISMATCH	فرز وتخريب	ضريبةحرب	ضريبة حرب
6	9	Net_Assessment_Mils	18	MISMATCH	٥٠٧	بيع٠	٥٧٠
6	10	Date	1	ONLY_hadid02		""""	
6	10	Net_Assessment_LP	17	ONLY_som	١٦		١٦
6	10	Net_Assessment_Mils	18	ONLY_som	٧٦٠		٧٦٠
6	11	Date	1	MISMATCH	٩٢٦/٩٣٥	٤	٩٤٥/٩٤٦
6	12	Serial_No	0	MISMATCH	١٠٥	٠,٠	١٠٥
6	12	Property_recorded_under_Block_No	2	ONLY_som	٤١٤٩		٤١٤٩
6	12	Property_recorded_under_Parcel_No	3	ONLY_som	١٢		١٢
6	12	Parcel_Cat_No	4	ONLY_som	١٦		١٦
6	12	Parcel_Area	5	ONLY_som	٤,٤٣٠		,٢٤٧
6	12	Nature_of_Entry	6	MISMATCH	بيع	Tني	بيع
6	12	New_Serial_No	7	MISMATCH	٤٠٠	٤	[?]
6	12	Reference_to_Register_of_Changes_Serial_No	9	ONLY_som	٤٥/٣٩٥		عقد٣٩٥
6	13	Serial_No	0	MISMATCH	١٠٦	٠١٦	١٠٦
6	13	Date	1	ONLY_som	؛		
6	13	Property_recorded_under_Block_No	2	MISMATCH	٤١٤١	٤١٤٨	٤١٤٨
6	13	Property_recorded_under_Parcel_No	3	MISMATCH	٥٥	٥	٥٥
6	13	Parcel_Cat_No	4	MISMATCH	٦	٦٠.	٦
6	13	Parcel_Area	5	MISMATCH	٤,٥١٥	٢,٥	٢,٥١٥
6	13	Nature_of_Entry	6	ONLY_som	؛		""""
6	13	New_Serial_No	7	MISMATCH	٤١٢	١	٤١٢
6	13	Reference_to_Register_of_Changes_Volume_No	8	MISMATCH	عقد	٧	
6	13	Reference_to_Register_of_Changes_Serial_No	9	MISMATCH	٧٩٢	٣٤٢٠	عقد١١٤٢
6	13	Total_Tax_Mils	13	MISMATCH	٠٨٥	١٨٥	٠٨٥
6	13	Net_Assessment_LP	17	MISMATCH	٤	٢	٤
6	13	Net_Assessment_Mils	18	MISMATCH	٠٨٥	٠٩٨٠٨	٠٨٥
6	14	Parcel_Area	5	ONLY_hadid02		T.DL٥	ضريبة حرب
6	14	Nature_of_Entry	6	ONLY_som	حسب الطلب		
6	14	Net_Assessment_Mils	18	MISMATCH	٢٥٥	٢٥	٢٥٥
6	15	Date	1	ONLY_hadid02		""""	
6	15	Reference_to_Register_of_Exemptions_Amount_LP	15	ONLY_hadid02		–	
6	15	Reference_to_Register_of_Exemptions_Amount_Mils	16	ONLY_hadid02		-	
6	15	Net_Assessment_Mils	18	MISMATCH	٣٤٠	٠٤	٣٤٠
6	16	Date	1	MISMATCH	"١١/٣
٢٨/٣"	٩٢	٤٧/٩٤٦
6	16	Property_recorded_under_Block_No	2	MISMATCH	٤١٢٢	١٣	٤١٣٣
6	16	Property_recorded_under_Parcel_No	3	MISMATCH	٩	٩٠	٩
6	16	Parcel_Area	5	MISMATCH	١٢,٣٧١	٢,٢٧٠	١٢,٣٧١
6	16	Nature_of_Entry	6	ONLY_som	بيع		بيع
6	16	New_Serial_No	7	MISMATCH	٤٢٣	٤١٣	٤٢٣
6	16	Reference_to_Register_of_Changes_Serial_No	9	ONLY_som	٣٠/٣٥٦١		٣٥٦١
6	16	Tax_LP	10	ONLY_som	✓		_
6	16	Tax_Mils	11	ONLY_som	٢٣٤		٢٣٤
6	16	Total_Tax_Mils	13	MISMATCH	٠٥١	٠٥٦	٠٥١
6	16	Net_Assessment_LP	17	MISMATCH	٢	٤	٣
6	16	Net_Assessment_Mils	18	MISMATCH	١١٩	١٦	٨١٩
6	17	Serial_No	0	MISMATCH	١٠٨	✓	١٠٨
6	17	Property_recorded_under_Block_No	2	MISMATCH	٤١٥٠	١	٤١٥٠
6	17	Parcel_Cat_No	4	MISMATCH	١٣	٠٣	١٣
6	17	Parcel_Area	5	MISMATCH	٧,١٢٧	٣،,١٧	٣,١٢٧
6	17	Nature_of_Entry	6	MISMATCH	بيع	٣	بيع
6	17	New_Serial_No	7	MISMATCH	٤٢٤	١٣٢	٤٣٤
6	17	Reference_to_Register_of_Changes_Volume_No	8	ONLY_hadid02		٩٤	٤٥/
6	17	Reference_to_Register_of_Changes_Serial_No	9	MISMATCH	٤٥/٧٣٥١	٣١٧٠	٧٣٥١
6	17	Tax_Mils	11	ONLY_som	٠٣٢		٠٣٢
6	17	Total_Tax_LP	12	MISMATCH	٣	٢٧١	✓٣
6	17	Total_Tax_Mils	13	MISMATCH	٨١٩	٨٤٦	٨١٩
6	17	Net_Assessment_LP	17	MISMATCH	١	–	١١
6	17	Net_Assessment_Mils	18	MISMATCH	"٤٥٧
٥٤"	اد	٤٥٧
6	18	Date	1	ONLY_hadid02		٩٤٤٠	
6	18	Reference_to_Register_of_Exemptions_Entry_No	14	ONLY_som	✓		
6	18	Reference_to_Register_of_Exemptions_Amount_Mils	16	ONLY_hadid02		٩٤ / ٤٧	✓
6	19	Date	1	MISMATCH	٩٣٧/٣٧	""""	٩٤٨/٤٧
6	19	Reference_to_Register_of_Exemptions_Entry_No	14	ONLY_hadid02		.	
6	19	Net_Assessment_LP	17	ONLY_hadid02		–	
6	19	Net_Assessment_Mils	18	ONLY_hadid02		-	
6	20	Serial_No	0	MISMATCH	١٠٩	٠	١٠٩
6	20	Date	1	MISMATCH	؛	..	
6	20	Property_recorded_under_Block_No	2	MISMATCH	٤١٢٧	٤١٧	٤١٣٧
6	20	Parcel_Area	5	MISMATCH	٨,٥٨٧	٨,٥٧	٨,٥٨٧
6	20	Nature_of_Entry	6	MISMATCH	بيع	بي	بيع
6	20	New_Serial_No	7	MISMATCH	٧	✓٧	٧
6	20	Reference_to_Register_of_Changes_Volume_No	8	ONLY_hadid02		T٩.L٧	٦/١٧
6	20	Reference_to_Register_of_Changes_Serial_No	9	MISMATCH	٣/١٧٢٩٦٥	٣٦٥	٣٩٦٥
6	20	Tax_LP	10	MISMATCH	✓	-	_
6	20	Tax_Mils	11	MISMATCH	٠٦٣	١٦٢	١٦٢
6	20	Total_Tax_LP	12	MISMATCH	٣	✓ ✓	✓٣
6	20	Total_Tax_Mils	13	MISMATCH	٦٥٧	٥,٥٧	٦٥٧
6	21	Serial_No	0	MISMATCH	١١٠	–	١١٠
6	21	Property_recorded_under_Parcel_No	3	MISMATCH	٨١	٨	٨١
6	21	Parcel_Area	5	MISMATCH	٣,٠١٥	٣,٠٢	٣,٠٨٢
6	21	Tax_Mils	11	MISMATCH	٠٢٢	٠٣٢	٠٣٢
6	21	Total_Tax_LP	12	MISMATCH	٣	✓.	٣
6	21	Total_Tax_Mils	13	MISMATCH	٦٢٥	٦٢	٦٢٥
6	22	Serial_No	0	MISMATCH	١١١	٧	١١١
6	22	Property_recorded_under_Block_No	2	MISMATCH	٤١٤١	١	٤١٤٨
6	22	Property_recorded_under_Parcel_No	3	MISMATCH	٤١	٤	٤١
6	22	Parcel_Cat_No	4	MISMATCH	٦	١	٦
6	22	Parcel_Area	5	MISMATCH	٥٣٥٠	""""	٥,٣٥٠
6	22	Nature_of_Entry	6	MISMATCH	'	""""	""""
6	22	New_Serial_No	7	ONLY_hadid02		_	
6	22	Tax_Mils	11	MISMATCH	٢١٠	٢٠	٢١٠
6	22	Total_Tax_LP	12	MISMATCH	٣	٣.	٣
6	23	Serial_No	0	ONLY_hadid02		-	.
6	23	Date	1	ONLY_hadid02		١	
6	23	Property_recorded_under_Block_No	2	MISMATCH	'	-	
6	23	Property_recorded_under_Parcel_No	3	MISMATCH	'	_	
6	23	Parcel_Cat_No	4	MISMATCH	١٦	١٦٠	١٦
6	23	Parcel_Area	5	MISMATCH	١٧,٥٣٥	١	١٧,٥٣٥
6	23	Nature_of_Entry	6	MISMATCH	؛	✓	""""
6	23	New_Serial_No	7	ONLY_hadid02		""""	""""
6	23	Net_Assessment_Mils	18	ONLY_hadid02		.	
6	24	Serial_No	0	MISMATCH	١١٢	٥	١١٢
6	24	Date	1	ONLY_hadid02		_.	
6	24	Property_recorded_under_Block_No	2	ONLY_hadid02		١	""""
6	24	Property_recorded_under_Parcel_No	3	MISMATCH	٤٦	١	٤٢
6	24	Parcel_Cat_No	4	ONLY_hadid02		٦	٦
6	24	Parcel_Area	5	MISMATCH	٦١,٧٧٨	..	١,٧٧٨
6	24	Nature_of_Entry	6	ONLY_som	'		""""
6	24	New_Serial_No	7	ONLY_hadid02		""""	""""
6	24	Total_Tax_LP	12	MISMATCH	٣	✓	٣
6	24	Total_Tax_Mils	13	MISMATCH	٢٤٥	٣٥	٣٤٥
6	25	Serial_No	0	MISMATCH	١١٣	١٠	١١٣
6	25	Date	1	ONLY_hadid02		٤	
6	25	Property_recorded_under_Block_No	2	MISMATCH	٤١٤١	١	٤١٤١
6	25	Property_recorded_under_Parcel_No	3	MISMATCH	٧	١	٧
6	25	Parcel_Cat_No	4	MISMATCH	١٣	١	١٣
6	25	Parcel_Area	5	MISMATCH	٢,٠٠٩	٢,٠٩	٢٠,٠٠٩
6	25	Nature_of_Entry	6	MISMATCH	بيع	بي	بيع
6	25	New_Serial_No	7	MISMATCH	٤٥٩	١	٤٥٩
6	25	Tax_Mils	11	MISMATCH	١٦١	١٦٨	١٦٨
6	25	Total_Tax_LP	12	MISMATCH	٣	✓	٣
6	25	Total_Tax_Mils	13	MISMATCH	١٧٧	١٧	١٧٧
6	26	Serial_No	0	ONLY_hadid02		١	.
6	26	Date	1	ONLY_hadid02		١	
6	26	Property_recorded_under_Block_No	2	MISMATCH	'	١	
6	26	Property_recorded_under_Parcel_No	3	MISMATCH	'	١	
6	26	Parcel_Cat_No	4	MISMATCH	١٦	-	١٦
6	26	Nature_of_Entry	6	MISMATCH	'	""""	""""
6	26	New_Serial_No	7	ONLY_hadid02		""""	""""
6	26	Tax_LP	10	ONLY_hadid02		_	
6	26	Total_Tax_Mils	13	MISMATCH	١٧٧	١٧	١٧٧
6	27	Serial_No	0	ONLY_hadid02		٠١	
6	27	Date	1	ONLY_hadid02		١	
6	27	Property_recorded_under_Block_No	2	ONLY_som	'		
6	27	Parcel_Cat_No	4	MISMATCH	١٠	١	١٠
6	27	Parcel_Area	5	MISMATCH	١٢,٥٦٨	١,٥٨	١٢,٥٦٨
6	27	Nature_of_Entry	6	MISMATCH	'	-	""""
6	27	New_Serial_No	7	ONLY_hadid02		_	""""
6	28	Serial_No	0	MISMATCH	١١٤	١٤	١١٤
6	28	Date	1	ONLY_hadid02		""""	
6	28	Property_recorded_under_Block_No	2	MISMATCH	٤١٤٩	١	٤١٤٩
6	28	Parcel_Area	5	MISMATCH	٤,١٠٠	,٠	٤,٨٠٠
6	28	Total_Tax_LP	12	MISMATCH	٢	✓	٢
6	28	Total_Tax_Mils	13	MISMATCH	٩٣	٩٦٣	٩٠٣
6	29	Serial_No	0	ONLY_som	١١٥		١١٥
6	29	Property_recorded_under_Block_No	2	MISMATCH	٤١٤٧	١	٤١٤٧
6	29	Property_recorded_under_Parcel_No	3	MISMATCH	٤٤	٤	٤٤
6	29	Parcel_Cat_No	4	MISMATCH	١٣	٣	١٣
6	29	Parcel_Area	5	MISMATCH	١,٦١١	T..٦	٨,٨١١
6	29	New_Serial_No	7	MISMATCH	٤٦٠	٤١٦٠	٤٦٠
6	29	Total_Tax_Mils	13	MISMATCH	٨٣٩	٩٣٨	٨٣١
6	30	Serial_No	0	MISMATCH	١١٦	✓٧	١١٦
6	30	Parcel_Area	5	MISMATCH	٢,٢٠٢	٢,٢	٢,٠١٢
6	30	Nature_of_Entry	6	MISMATCH	بيع	ريع✓	بيع
6	30	Tax_LP	10	ONLY_hadid02		_	
6	30	Tax_Mils	11	MISMATCH	٠٢٤	٠٢٤٢	٠٢٤
6	30	Total_Tax_Mils	13	MISMATCH	٨٠٧	٨٧	٨٠٧
6	30	Net_Assessment_Mils	18	MISMATCH	٨٠٧	✓	٨٠٧
6	31	Nature_of_Entry	6	ONLY_hadid02		١	
6	31	Tax_Mils	11	ONLY_hadid02		-	٠١٢
6	31	Net_Assessment_LP	17	MISMATCH	٨	٦	٨
6	31	Net_Assessment_Mils	18	MISMATCH	٤٢١	٢٤٨	٤٢١
6	32	Serial_No	0	ONLY_hadid02		٢,٧	
6	32	Date	1	ONLY_hadid02		٩٤،٤٠	
6	32	Reference_to_Register_of_Changes_Volume_No	8	ONLY_hadid02		-	
6	32	Reference_to_Register_of_Changes_Serial_No	9	ONLY_hadid02		..	
6	32	Net_Assessment_LP	17	MISMATCH	١١	١	١١
6	32	Net_Assessment_Mils	18	MISMATCH	٢٢٨	٠	٢٢٨
6	33	Serial_No	0	MISMATCH	١١٧	""""	١١٧
6	33	Date	1	MISMATCH	"٩٢٩
٩٤١"	٩٤	٩٤٨/٩٤٩
6	33	Property_recorded_under_Block_No	2	MISMATCH	٤١٢٢	١	٤١٣٣
6	33	Property_recorded_under_Parcel_No	3	MISMATCH	١	١٠	١
6	33	Parcel_Area	5	MISMATCH	٣,٧٢٩	٤,٣٩	٤,٧٢٩
6	33	Nature_of_Entry	6	ONLY_hadid02		بيع	بيع
6	33	New_Serial_No	7	MISMATCH	٤٦٨	٤٦١	٤٦٨
6	33	Reference_to_Register_of_Changes_Volume_No	8	MISMATCH	عقد	٨	٤٤/
6	33	Reference_to_Register_of_Changes_Serial_No	9	MISMATCH	٤٦/٥٥٤٥	١	عقد٥٥٤٥
6	33	Total_Tax_Mils	13	MISMATCH	٧١٢	١٧	٧١٧
9	0	Serial_No	0	MISMATCH	١	""""	١
9	0	Date	1	MISMATCH	٩٢٨	٩٣٨	٩٣٨
9	0	Property_recorded_under_Block_No	2	ONLY_som	٤١٤٧		٤١٤٧
9	0	Parcel_Area	5	MISMATCH	٢,٤٨٦	٣٤٨	٣,٤٨٦
9	0	Nature_of_Entry	6	MISMATCH	تع	تح ✓	تح ✓
9	0	Tax_LP	10	MISMATCH	–	-	–
9	0	Tax_Mils	11	MISMATCH	–	-..	–
9	0	Reference_to_Register_of_Exemptions_Amount_LP	15	ONLY_hadid02		✓	_
9	0	Net_Assessment_Mils	18	MISMATCH	٠٤٠	٠	–
9	1	Serial_No	0	MISMATCH	٢	""""	٢
9	1	Date	1	ONLY_som	″		""""
9	1	Property_recorded_under_Parcel_No	3	MISMATCH	٢٠	١	٢٠
9	1	Parcel_Cat_No	4	MISMATCH	١٦	١	١٦
9	1	Parcel_Area	5	MISMATCH	٢,١٥٠	٤	٣,١٥٠
9	1	Nature_of_Entry	6	MISMATCH	″	١	"✓"""
9	1	Reference_to_Register_of_Changes_Volume_No	8	MISMATCH	✓	١٣	✓
9	1	Tax_LP	10	MISMATCH	–	✓	–
9	1	Tax_Mils	11	MISMATCH	–	١	–
9	2	Serial_No	0	MISMATCH	٣	""""	٣
9	2	Date	1	MISMATCH	″	""""	""""
9	2	Property_recorded_under_Block_No	2	ONLY_som	٤١٥١		٤١٥١
9	2	Parcel_Cat_No	4	MISMATCH	١٦	""""	١٦
9	2	Parcel_Area	5	MISMATCH	٨١١	١	٨١١,
9	2	Nature_of_Entry	6	MISMATCH	″	٤	"✓"""
9	2	Tax_LP	10	MISMATCH	–	١	–
9	2	Tax_Mils	11	MISMATCH	–	""""	–
9	3	Serial_No	0	MISMATCH	٤	""""	٤
9	3	Date	1	MISMATCH	″	""""	""""
9	3	Property_recorded_under_Block_No	2	MISMATCH	٤١٥٢	١٣	٤١٥٢
9	3	Property_recorded_under_Parcel_No	3	MISMATCH	٨١	٤	٨١
9	3	Parcel_Area	5	MISMATCH	١٥٠	١٥٠,	١٥٠,
9	3	Nature_of_Entry	6	MISMATCH	″	١	"✓"""
9	3	Reference_to_Register_of_Changes_Serial_No	9	MISMATCH	٠٢٤	""""	٠٢٤
9	3	Tax_Mils	11	MISMATCH	٠٢٤	١	٠٢٤
9	4	Serial_No	0	MISMATCH	٥	✓	٥
9	4	Date	1	MISMATCH	″	١	""""
9	4	Property_recorded_under_Block_No	2	MISMATCH	″	✓	""""
9	4	Property_recorded_under_Parcel_No	3	MISMATCH	١٠٩	٤	١٠٩
9	4	Parcel_Cat_No	4	MISMATCH	٤	""""	٤
9	4	Parcel_Area	5	MISMATCH	٨٠٠	""""	١٠٠,
9	4	Nature_of_Entry	6	MISMATCH	″	٤	"✓"""
9	4	Reference_to_Register_of_Changes_Serial_No	9	MISMATCH	١٦	٤	٠١٦
9	4	Tax_Mils	11	MISMATCH	٠١٦	""""	٠١٦
9	4	Total_Tax_Mils	13	MISMATCH	٤٠	٠٤٠	٠٤٠
9	5	Date	1	MISMATCH	٩٢٩	١	٩٣٩
9	5	Tax_Mils	11	MISMATCH	٤٠	١	٠٤٠
9	5	Total_Tax_Mils	13	MISMATCH	٠٤٠	٣	٠٤٠
9	5	Net_Assessment_Mils	18	MISMATCH	٠٤٠	–	٠٤٠
9	6	Date	1	MISMATCH	٩٤٠	١	٩٤٠
9	6	Tax_LP	10	ONLY_hadid02		-	
9	6	Tax_Mils	11	ONLY_hadid02		٤٠	
9	6	Total_Tax_Mils	13	MISMATCH	٠٤٠	–	٠٤٠
9	6	Net_Assessment_Mils	18	MISMATCH	٠٤٠	–	٠٤٠
9	7	Serial_No	0	ONLY_hadid02		-	
9	7	Reference_to_Register_of_Changes_Serial_No	9	MISMATCH	٢٢	٣٢٠	٣٢٠
9	7	Tax_Mils	11	ONLY_hadid02		""""	
9	7	Reference_to_Register_of_Exemptions_Entry_No	14	ONLY_hadid02		-	
9	7	Reference_to_Register_of_Exemptions_Amount_LP	15	ONLY_hadid02		-	
9	7	Reference_to_Register_of_Exemptions_Amount_Mils	16	ONLY_hadid02		٠	
9	7	Net_Assessment_Mils	18	MISMATCH	٠٤٠	–	٠٤٠
9	8	Date	1	MISMATCH	٩٤٢/٩٤٢	٩٤٢ / ٩٤٣	٩٤٢ / ٩٤٣
9	8	Total_Tax_Mils	13	MISMATCH	٢٤٠	٠٤٠	٠٤٠
9	8	Reference_to_Register_of_Exemptions_Entry_No	14	ONLY_hadid02		✓	
9	8	Reference_to_Register_of_Exemptions_Amount_LP	15	ONLY_hadid02		..	
9	8	Net_Assessment_Mils	18	MISMATCH	٠٤٠	x	٠٤٠
9	9	Date	1	ONLY_hadid02		٩٣٣	
9	9	Total_Tax_LP	12	ONLY_hadid02		–	–
9	9	Total_Tax_Mils	13	MISMATCH	٤٠	٠	٠٤٠
9	9	Net_Assessment_Mils	18	ONLY_hadid02		-	
9	10	Date	1	MISMATCH	٩٤٢/٩٤٤	✓	٩٤٢ / ٩٤٤
9	10	Total_Tax_Mils	13	MISMATCH	٠٨٠	٠٦	٠٨٠
9	10	Net_Assessment_Mils	18	MISMATCH	٠٨٠	""""	٠٨٠
9	13	Parcel_Cat_No	4	MISMATCH	ضريبه حرج	✓٦	
9	13	Parcel_Area	5	ONLY_hadid02		ضريبة حرب	ضريبة حرب
9	13	Net_Assessment_Mils	18	MISMATCH	٢٥٠	١٦٠	١٢٠
9	14	Net_Assessment_Mils	18	MISMATCH	١٦٠	٠٠	١٦٠
9	15	Date	1	MISMATCH	٩٤٢/٩٤٥	٩٤٦/ ٩٤٥	٩٤٦ / ٩٤٥
9	17	Parcel_Cat_No	4	MISMATCH	ضريبه حرج	٤	
9	17	Parcel_Area	5	ONLY_hadid02		ضرية حرب	ضريبة حرب
9	17	Net_Assessment_Mils	18	MISMATCH	٢٢٠	١٢٠	١٢٠
9	18	Reference_to_Register_of_Exemptions_Entry_No	14	ONLY_hadid02		–	
9	18	Reference_to_Register_of_Exemptions_Amount_Mils	16	ONLY_hadid02		٤	
9	18	Net_Assessment_Mils	18	MISMATCH	١٦٠	١٠	١٦٠
9	19	Date	1	MISMATCH	٤٢/٤٦/٢	٩٤٦ / ٤٧	٩٤٦ / ٤٧
9	20	Net_Assessment_Mils	18	MISMATCH	٢٢٠	اد	١٢٠
9	21	Date	1	ONLY_hadid02		✓	
9	21	Net_Assessment_Mils	18	MISMATCH	١٦٠	✓	١٦٠
9	22	Date	1	MISMATCH	٩٤٨/٤٧	"✓"""	٩٤٨ / ٤٧
9	24	Net_Assessment_Mils	18	MISMATCH	٢٢٠	١٢٠| ١٦٠	١٢٠| ١٦٠
10	0	Serial_No	0	MISMATCH	١	""""	١
10	0	Parcel_Cat_No	4	MISMATCH	١٢	١٣	١٣
10	0	Parcel_Area	5	MISMATCH	٢,٢٧٩	٢,٣٧٩	٢٬٣٧٩
10	0	Nature_of_Entry	6	MISMATCH	تخ	تح ✓	تح
10	0	Reference_to_Register_of_Changes_Volume_No	8	ONLY_hadid02		✓	✓
10	0	Tax_LP	10	ONLY_hadid02		✓	-
10	0	Tax_Mils	11	MISMATCH	٠١٩	٠٨٩	٠١٩
10	0	Reference_to_Register_of_Exemptions_Amount_LP	15	ONLY_hadid02		..	_
10	0	Reference_to_Register_of_Exemptions_Amount_Mils	16	MISMATCH	ـ	..	_
10	0	Net_Assessment_Mils	18	MISMATCH	٠٢٥	٠٣٠	٠٣٢
10	1	Reference_to_Register_of_Changes_Volume_No	8	ONLY_hadid02		✓	✓
10	1	Tax_LP	10	ONLY_hadid02		-	-
10	1	Tax_Mils	11	MISMATCH	ـ	-	-
10	2	Serial_No	0	MISMATCH	٣	٩	٣
10	2	Parcel_Cat_No	4	MISMATCH	١٢	١٣	١٣
10	2	Nature_of_Entry	6	MISMATCH	ء	""""	""""
10	2	New_Serial_No	7	ONLY_som	✓		✓
10	2	Tax_LP	10	MISMATCH	ل	✓	-
10	3	Serial_No	0	MISMATCH	٤	✓	٤
10	3	Parcel_Cat_No	4	MISMATCH	١٢	✓	١٣
10	3	Parcel_Area	5	MISMATCH	٢٢١	٠	٣٢١
10	3	Nature_of_Entry	6	MISMATCH	ء	..	""""
10	3	Reference_to_Register_of_Changes_Volume_No	8	MISMATCH	✓	١	✓
10	3	Reference_to_Register_of_Changes_Serial_No	9	MISMATCH	٠٠٨	٤	٠٠٨
10	3	Tax_LP	10	ONLY_som	ل		-
10	3	Tax_Mils	11	MISMATCH	٠٠٢	٠٠٣	٠٠٣
10	4	Serial_No	0	MISMATCH	٥	✓	٥
10	4	Parcel_Cat_No	4	MISMATCH	١٢	١٣	١٣
10	4	Parcel_Area	5	MISMATCH	٢٥١	٢٧	٢٥١
10	4	Nature_of_Entry	6	MISMATCH	ء	""""	""""
10	4	Tax_LP	10	ONLY_som	ل		-
10	4	Tax_Mils	11	MISMATCH	٠٠٢	٠٢	٠٠٢
10	5	Serial_No	0	MISMATCH	٦	–	٦
10	5	Parcel_Cat_No	4	MISMATCH	١٢	١٣	١٣
10	5	Parcel_Area	5	MISMATCH	٨٢١	٨٢/٠٤	١٢١
10	5	Tax_LP	10	ONLY_som	ل		-
10	5	Tax_Mils	11	MISMATCH	٠٠١	٠٠	٠٠١
10	5	Total_Tax_Mils	13	MISMATCH	٠٢٥	٠٣٢	٠٣٢
10	6	Date	1	MISMATCH	٩٣٩	٩	٩٣٩
10	6	Tax_Mils	11	MISMATCH	٠٢٥	٠٣٢	٠٣٢
10	6	Total_Tax_Mils	13	MISMATCH	٠٢٥	٠٣٢	٠٣٢
10	6	Net_Assessment_Mils	18	MISMATCH	٠٢٥	٠٣٢	٠٣٢
10	7	Tax_Mils	11	ONLY_hadid02		–	
10	7	Total_Tax_Mils	13	MISMATCH	٠٢٢	٠٣٢	٠٣٢
10	7	Reference_to_Register_of_Exemptions_Entry_No	14	ONLY_hadid02		–	
10	7	Reference_to_Register_of_Exemptions_Amount_Mils	16	ONLY_hadid02		٠	
10	7	Net_Assessment_Mils	18	MISMATCH	٠٢٢	١٣٢	٠٣٢
10	8	Tax_LP	10	ONLY_hadid02		–	-
10	8	Total_Tax_Mils	13	MISMATCH	٠٢٥	١	٠٣٢
10	8	Reference_to_Register_of_Exemptions_Amount_LP	15	ONLY_hadid02		ان	
10	8	Net_Assessment_Mils	18	MISMATCH	٠٢٥	٠٣٢	٠٣٢
10	9	Tax_Mils	11	ONLY_hadid02		٤.	
10	9	Net_Assessment_Mils	18	ONLY_som	٣/		
10	10	Date	1	MISMATCH	٩٤٢	٩٤ /٩٤	٩٤٢ /٤٣
10	10	Reference_to_Register_of_Exemptions_Entry_No	14	ONLY_hadid02		✓	
10	10	Reference_to_Register_of_Exemptions_Amount_LP	15	ONLY_hadid02		٠	
10	11	Serial_No	0	ONLY_som	—		
10	11	Date	1	MISMATCH	—	١٣	
10	11	Property_recorded_under_Block_No	2	ONLY_som	—		
10	11	Property_recorded_under_Parcel_No	3	ONLY_som	—		
10	11	Parcel_Cat_No	4	ONLY_som	—		
10	11	Parcel_Area	5	ONLY_som	—		
10	11	Nature_of_Entry	6	ONLY_som	—		
10	11	Total_Tax_LP	12	ONLY_hadid02		–	
10	11	Total_Tax_Mils	13	ONLY_hadid02		–	
10	11	Reference_to_Register_of_Exemptions_Entry_No	14	ONLY_hadid02		–	
10	11	Net_Assessment_LP	17	ONLY_som	٦٤٢/٧٢		
10	11	Net_Assessment_Mils	18	ONLY_hadid02		-	
10	12	Date	1	MISMATCH	٩٤٣/٩٤٤	٤	٩٤٤ / ٩٤٣
10	12	Net_Assessment_Mils	18	MISMATCH	١١٢	١٢	١١٢
10	14	Reference_to_Register_of_Changes_Volume_No	8	ONLY_hadid02		""""	
10	14	Net_Assessment_Mils	18	MISMATCH	٠٥٦	٢	٠٥٦
10	15	Parcel_Area	5	ONLY_som	ضريبة حرب		ضريبة حرب
10	15	Net_Assessment_Mils	18	MISMATCH	١٦٨	٠٤٠	١٦٨
10	16	Serial_No	0	ONLY_som	٢٢٤		
10	16	Net_Assessment_LP	17	ONLY_som	٨٠		
10	16	Net_Assessment_Mils	18	ONLY_hadid02		ان	٢٢٤
10	17	Date	1	MISMATCH	٩٤٥/٩٤٦	٩٤/ ٩٤٥	٩٤٦ / ٩٤٥
10	17	Tax_Mils	11	ONLY_hadid02		..	
10	17	Total_Tax_LP	12	ONLY_hadid02		..	
10	17	Net_Assessment_Mils	18	ONLY_hadid02		٠	
10	18	Serial_No	0	MISMATCH	ل	-	٧
10	18	Date	1	ONLY_hadid02		""""	
10	18	Property_recorded_under_Parcel_No	3	ONLY_som	٨٩		٨٩
10	18	Parcel_Cat_No	4	ONLY_som	١٢		١٣
10	18	Parcel_Area	5	MISMATCH	٨٤٢	٣٢	,٨٤٢
10	18	Nature_of_Entry	6	ONLY_som	بيع		بيع
10	18	Reference_to_Register_of_Changes_Volume_No	8	ONLY_som	٤٥/٣٠٨٥		عقد ٤٥/٣٨٥
10	18	Reference_to_Register_of_Changes_Serial_No	9	ONLY_som	٠٠٨		
10	18	Tax_Mils	11	ONLY_hadid02		٠٨	٠٠٨
10	18	Reference_to_Register_of_Exemptions_Entry_No	14	ONLY_hadid02		✓	
10	19	Date	1	ONLY_hadid02		✓	
10	19	Property_recorded_under_Block_No	2	ONLY_hadid02		-	
10	19	Parcel_Cat_No	4	ONLY_hadid02		١	
10	19	Parcel_Area	5	MISMATCH	ضريبة حرب	٤	ضريبة حرب
10	19	Tax_Mils	11	ONLY_hadid02		.	
10	19	Total_Tax_LP	12	ONLY_hadid02		✓	
10	19	Total_Tax_Mils	13	ONLY_hadid02		..	
10	19	Reference_to_Register_of_Exemptions_Entry_No	14	ONLY_hadid02		..	
10	19	Net_Assessment_LP	17	ONLY_hadid02		–	
10	19	Net_Assessment_Mils	18	MISMATCH	١٤٤	٤٤	١٤٤
10	20	Date	1	MISMATCH	٩٤٧	٩٤/٩	٩٤٦ / ٤٧
10	20	Nature_of_Entry	6	ONLY_hadid02		٤	
10	20	New_Serial_No	7	ONLY_hadid02		٤	
10	21	Date	1	ONLY_hadid02		١	
10	21	Nature_of_Entry	6	ONLY_hadid02		١	
10	21	New_Serial_No	7	ONLY_hadid02		✓	
10	21	Reference_to_Register_of_Exemptions_Entry_No	14	ONLY_hadid02		✓	
10	22	Reference_to_Register_of_Exemptions_Amount_Mils	16	ONLY_hadid02		..	
10	22	Net_Assessment_Mils	18	MISMATCH	١٤٤	١٤٠	١٤٤
10	23	Date	1	ONLY_hadid02		.	
10	23	Parcel_Area	5	ONLY_hadid02		..	
10	23	New_Serial_No	7	ONLY_hadid02		٠	
10	23	Reference_to_Register_of_Changes_Volume_No	8	ONLY_hadid02		✓	
10	23	Total_Tax_Mils	13	ONLY_hadid02		..	
10	23	Reference_to_Register_of_Exemptions_Entry_No	14	ONLY_hadid02		✓	
10	24	Date	1	MISMATCH	٩٤٨/٤٧	٩٤ / ٤٧	٩٤٧ / ٤٨
10	24	Parcel_Area	5	ONLY_hadid02		.	
10	24	Nature_of_Entry	6	ONLY_hadid02		١	
10	24	New_Serial_No	7	ONLY_hadid02		x	
10	24	Reference_to_Register_of_Changes_Volume_No	8	ONLY_hadid02		✓	
10	24	Tax_Mils	11	ONLY_hadid02		_	
10	24	Total_Tax_LP	12	ONLY_hadid02		اد	
10	24	Total_Tax_Mils	13	ONLY_hadid02		–	
10	24	Reference_to_Register_of_Exemptions_Entry_No	14	ONLY_hadid02		–	
10	25	New_Serial_No	7	ONLY_hadid02		✓	
10	25	Reference_to_Register_of_Changes_Volume_No	8	ONLY_hadid02		١	
10	25	Reference_to_Register_of_Changes_Serial_No	9	ONLY_hadid02		..	
10	25	Tax_LP	10	ONLY_hadid02		.	
10	25	Tax_Mils	11	ONLY_hadid02		.	
10	25	Total_Tax_LP	12	ONLY_hadid02		١	
10	25	Reference_to_Register_of_Exemptions_Entry_No	14	ONLY_hadid02		١	
10	26	New_Serial_No	7	ONLY_hadid02		✓	
10	26	Tax_Mils	11	ONLY_hadid02		..	
10	26	Total_Tax_LP	12	ONLY_hadid02		✓	
10	26	Reference_to_Register_of_Exemptions_Amount_LP	15	ONLY_hadid02		٠	
10	26	Reference_to_Register_of_Exemptions_Amount_Mils	16	ONLY_hadid02		✓	
