page	row	col	ink_px	chroma_px	has_text
3	0	0	290	2324	1
3	0	1	891	1067	1
3	0	2	1026	1229	1
3	0	3	341	414	1
3	0	4	228	307	1
3	0	5	949	1111	1
3	0	6	546	852	1
3	0	7	0	0	0
3	0	8	102	163	1
3	0	9	360	467	1
3	0	10	22	115	1
3	0	11	721	862	1
3	0	12	0	0	0
3	0	13	0	0	0
3	0	14	0	0	0
3	0	15	0	0	0
3	0	16	0	0	0
3	0	17	0	0	0
3	0	18	0	0	0
3	1	0	214	2034	1
3	1	1	111	144	1
3	1	2	994	1207	1
3	1	3	200	233	1
3	1	4	225	288	1
3	1	5	873	1061	1
3	1	6	220	398	1
3	1	7	223	491	1
3	1	8	73	158	1
3	1	9	159	291	1
3	1	10	34	112	1
3	1	11	455	564	1
3	1	12	0	0	0
3	1	13	0	0	0
3	1	14	0	0	0
3	1	15	0	0	0
3	1	16	0	0	0
3	1	17	0	0	0
3	1	18	0	0	0
3	2	0	262	1819	1
3	2	1	70	130	1
3	2	2	128	175	1
3	2	3	570	692	1
3	2	4	238	300	1
3	2	5	829	1034	1
3	2	6	128	365	1
3	2	7	402	875	1
3	2	8	120	240	1
3	2	9	55	435	1
3	2	10	234	283	1
3	2	11	690	803	1
3	2	12	0	0	0
3	2	13	0	0	0
3	2	14	0	0	0
3	2	15	0	9	0
3	2	16	0	0	0
3	2	17	0	0	0
3	2	18	0	0	0
3	3	0	266	2029	1
3	3	1	123	176	1
3	3	2	1153	1389	1
3	3	3	340	392	1
3	3	4	274	344	1
3	3	5	792	969	1
3	3	6	166	355	1
3	3	7	93	481	1
3	3	8	114	220	1
3	3	9	281	395	1
3	3	10	9	64	1
3	3	11	720	852	1
3	3	12	0	0	0
3	3	13	0	0	0
3	3	14	0	0	0
3	3	15	0	0	0
3	3	16	0	0	0
3	3	17	0	0	0
3	3	18	0	0	0
3	4	0	277	1816	1
3	4	1	79	128	1
3	4	2	150	70	1
3	4	3	318	298	1
3	4	4	192	235	1
3	4	5	566	661	1
3	4	6	74	229	1
3	4	7	0	470	1
3	4	8	12	780	1
3	4	9	0	553	1
3	4	10	0	0	0
3	4	11	268	341	1
3	4	12	17	149	0
3	4	13	0	0	0
3	4	14	0	0	0
3	4	15	0	0	0
3	4	16	0	0	0
3	4	17	0	9	0
3	4	18	0	0	0
3	5	0	198	1865	1
3	5	1	92	133	1
3	5	2	115	153	1
3	5	3	365	450	1
3	5	4	272	349	1
3	5	5	867	1058	1
3	5	6	79	287	1
3	5	7	0	0	0
3	5	8	166	273	1
3	5	9	331	421	1
3	5	10	40	129	1
3	5	11	735	847	1
3	5	12	0	0	0
3	5	13	0	0	0
3	5	14	0	0	0
3	5	15	0	0	0
3	5	16	0	18	0
3	5	17	0	0	0
3	5	18	0	0	0
3	6	0	270	2035	1
3	6	1	69	124	1
3	6	2	115	157	1
3	6	3	553	662	1
3	6	4	257	380	1
3	6	5	778	972	1
3	6	6	143	492	1
3	6	7	137	802	1
3	6	8	123	223	1
3	6	9	325	438	1
3	6	10	9	109	1
3	6	11	749	870	1
3	6	12	0	0	0
3	6	13	0	0	0
3	6	14	0	0	0
3	6	15	0	0	0
3	6	16	0	0	0
3	6	17	0	0	0
3	6	18	2	8	0
3	7	0	227	1935	1
3	7	1	79	128	1
3	7	2	149	192	1
3	7	3	484	595	1
3	7	4	221	312	1
3	7	5	791	993	1
3	7	6	198	545	1
3	7	7	623	926	1
3	7	8	0	16	0
3	7	9	18	94	1
3	7	10	0	0	0
3	7	11	569	679	1
3	7	12	0	0	0
3	7	13	0	0	0
3	7	14	0	0	0
3	7	15	0	0	0
3	7	16	0	0	0
3	7	17	0	0	0
3	7	18	8	18	0
3	8	0	331	1674	1
3	8	1	79	126	1
3	8	2	116	154	1
3	8	3	578	691	1
3	8	4	264	326	1
3	8	5	887	1137	1
3	8	6	112	389	1
3	8	7	614	953	1
3	8	8	0	0	0
3	8	9	27	69	1
3	8	10	0	0	0
3	8	11	592	703	1
3	8	12	0	0	0
3	8	13	0	0	0
3	8	14	0	0	0
3	8	15	0	0	0
3	8	16	0	28	0
3	8	17	0	0	0
3	8	18	0	0	0
3	9	0	219	1781	1
3	9	1	71	112	1
3	9	2	175	223	1
3	9	3	517	619	1
3	9	4	222	281	1
3	9	5	1138	1367	1
3	9	6	254	658	1
3	9	7	572	1046	1
3	9	8	0	33	0
3	9	9	31	78	1
3	9	10	0	0	0
3	9	11	727	849	1
3	9	12	0	0	0
3	9	13	0	0	0
3	9	14	0	0	0
3	9	15	0	0	0
3	9	16	0	0	0
3	9	17	0	0	0
3	9	18	0	14	0
3	10	0	321	1963	1
3	10	1	83	139	1
3	10	2	920	1105	1
3	10	3	554	670	1
3	10	4	269	333	1
3	10	5	956	1162	1
3	10	6	272	426	1
3	10	7	28	809	1
3	10	8	250	367	1
3	10	9	346	432	1
3	10	10	18	89	1
3	10	11	756	893	1
3	10	12	0	0	0
3	10	13	0	0	0
3	10	14	0	0	0
3	10	15	0	0	0
3	10	16	0	0	0
3	10	17	0	0	0
3	10	18	0	0	0
3	11	0	403	2175	1
3	11	1	90	141	1
3	11	2	936	1169	1
3	11	3	201	230	1
3	11	4	489	625	1
3	11	5	601	758	1
3	11	6	109	401	1
3	11	7	512	632	1
3	11	8	165	256	1
3	11	9	0	42	1
3	11	10	57	86	1
3	11	11	60	80	1
3	11	12	0	0	0
3	11	13	0	0	0
3	11	14	0	0	0
3	11	15	0	0	0
3	11	16	0	0	0
3	11	17	0	9	0
3	11	18	6	19	0
3	12	0	465	2405	1
3	12	1	78	116	1
3	12	2	0	6	0
3	12	3	0	6	0
3	12	4	457	606	1
3	12	5	871	1056	1
3	12	6	120	348	1
3	12	7	382	446	1
3	12	8	179	297	1
3	12	9	15	84	1
3	12	10	75	92	1
3	12	11	108	132	1
3	12	12	0	0	0
3	12	13	0	0	0
3	12	14	0	0	0
3	12	15	0	0	0
3	12	16	0	0	0
3	12	17	0	0	0
3	12	18	16	43	0
3	13	0	365	1854	1
3	13	1	130	176	1
3	13	2	134	156	0
3	13	3	263	306	1
3	13	4	499	592	1
3	13	5	903	1083	1
3	13	6	100	394	1
3	13	7	9	664	1
3	13	8	169	326	1
3	13	9	9	61	1
3	13	10	60	91	1
3	13	11	81	105	1
3	13	12	0	0	0
3	13	13	0	0	0
3	13	14	0	0	0
3	13	15	0	0	0
3	13	16	0	0	0
3	13	17	0	9	0
3	13	18	0	0	0
3	14	0	432	2128	1
3	14	1	115	205	1
3	14	2	1235	1427	1
3	14	3	548	662	1
3	14	4	591	708	1
3	14	5	823	984	1
3	14	6	145	446	1
3	14	7	0	0	0
3	14	8	163	263	1
3	14	9	221	330	1
3	14	10	0	96	1
3	14	11	599	701	1
3	14	12	0	0	0
3	14	13	0	0	0
3	14	14	0	0	0
3	14	15	0	0	0
3	14	16	0	0	0
3	14	17	0	0	0
3	14	18	0	15	0
3	15	0	373	2506	1
3	15	1	104	207	1
3	15	2	0	0	0
3	15	3	0	0	0
3	15	4	795	938	1
3	15	5	755	874	1
3	15	6	148	466	1
3	15	7	0	0	0
3	15	8	175	253	1
3	15	9	24	84	1
3	15	10	78	98	1
3	15	11	58	93	1
3	15	12	0	0	0
3	15	13	0	0	0
3	15	14	0	0	0
3	15	15	0	0	0
3	15	16	0	0	0
3	15	17	0	0	0
3	15	18	0	0	0
3	16	0	423	2535	1
3	16	1	97	155	1
3	16	2	194	225	1
3	16	3	1128	1288	1
3	16	4	894	1072	1
3	16	5	1078	1532	1
3	16	6	124	363	1
3	16	7	0	0	0
3	16	8	178	252	1
3	16	9	192	275	1
3	16	10	85	178	1
3	16	11	551	646	1
3	16	12	0	0	0
3	16	13	0	0	0
3	16	14	0	0	0
3	16	15	0	0	0
3	16	16	0	0	0
3	16	17	0	0	0
3	16	18	0	9	0
3	17	0	410	2193	1
3	17	1	136	184	1
3	17	2	9	0	1
3	17	3	0	0	0
3	17	4	860	992	1
3	17	5	830	1247	1
3	17	6	101	408	1
3	17	7	0	24	0
3	17	8	209	329	1
3	17	9	18	51	1
3	17	10	157	222	1
3	17	11	130	178	1
3	17	12	0	0	0
3	17	13	0	0	0
3	17	14	0	0	0
3	17	15	0	0	0
3	17	16	0	0	0
3	17	17	0	0	0
3	17	18	0	0	0
3	18	0	535	2014	1
3	18	1	131	177	1
3	18	2	75	116	1
3	18	3	564	663	1
3	18	4	1023	913	1
3	18	5	1168	1365	1
3	18	6	154	475	1
3	18	7	0	666	1
3	18	8	162	329	1
3	18	9	235	339	1
3	18	10	9	96	1
3	18	11	578	691	1
3	18	12	0	0	0
3	18	13	0	0	0
3	18	14	12	0	0
3	18	15	12	0	0
3	18	16	0	0	0
3	18	17	0	0	0
3	18	18	0	0	0
3	19	0	272	1702	1
3	19	1	166	215	1
3	19	2	18	0	0
3	19	3	6	0	0
3	19	4	876	983	1
3	19	5	1162	1374	1
3	19	6	131	348	1
3	19	7	0	0	0
3	19	8	84	270	1
3	19	9	0	33	1
3	19	10	120	155	1
3	19	11	93	118	1
3	19	12	0	0	0
3	19	13	0	0	0
3	19	14	0	0	0
3	19	15	0	0	0
3	19	16	0	0	0
3	19	17	0	0	0
3	19	18	0	0	0
3	20	0	438	1975	1
3	20	1	103	173	1
3	20	2	61	76	1
3	20	3	338	381	1
3	20	4	293	381	1
3	20	5	480	602	1
3	20	6	118	201	1
3	20	7	973	1121	1
3	20	8	583	800	1
3	20	9	837	982	1
3	20	10	105	128	0
3	20	11	165	216	1
3	20	12	0	50	0
3	20	13	0	0	0
3	20	14	0	0	0
3	20	15	0	9	0
3	20	16	0	9	0
3	20	17	0	0	0
3	20	18	0	0	0
3	21	0	419	2026	1
3	21	1	144	203	1
3	21	2	0	0	0
3	21	3	0	0	0
3	21	4	405	478	1
3	21	5	683	803	1
3	21	6	149	179	1
3	21	7	0	12	0
3	21	8	0	0	0
3	21	9	0	0	0
3	21	10	92	119	1
3	21	11	95	120	1
3	21	12	0	0	0
3	21	13	0	0	0
3	21	14	0	9	0
3	21	15	0	0	0
3	21	16	0	0	0
3	21	17	0	0	0
3	21	18	0	0	0
3	22	0	553	2216	1
3	22	1	102	155	1
3	22	2	140	172	1
3	22	3	610	745	1
3	22	4	674	865	1
3	22	5	693	819	1
3	22	6	152	325	1
3	22	7	0	0	0
3	22	8	240	349	1
3	22	9	240	326	1
3	22	10	22	119	1
3	22	11	710	832	1
3	22	12	0	0	0
3	22	13	0	0	0
3	22	14	0	0	0
3	22	15	0	0	0
3	22	16	0	0	0
3	22	17	0	0	0
3	22	18	0	0	0
3	23	0	536	2282	1
3	23	1	157	218	1
3	23	2	4	0	0
3	23	3	4	15	0
3	23	4	748	930	1
3	23	5	1147	1395	1
3	23	6	142	305	1
3	23	7	0	0	0
3	23	8	94	272	1
3	23	9	0	31	1
3	23	10	91	117	1
3	23	11	116	147	1
3	23	12	0	0	0
3	23	13	0	0	0
3	23	14	0	0	0
3	23	15	0	0	0
3	23	16	0	0	0
3	23	17	0	0	0
3	23	18	0	9	0
3	24	0	546	2529	1
3	24	1	101	179	1
3	24	2	861	1099	1
3	24	3	474	569	1
3	24	4	497	605	1
3	24	5	835	991	1
3	24	6	125	375	1
3	24	7	0	0	0
3	24	8	144	263	1
3	24	9	313	389	1
3	24	10	18	78	1
3	24	11	459	560	1
3	24	12	0	0	0
3	24	13	0	0	0
3	24	14	0	0	0
3	24	15	0	0	0
3	24	16	0	0	0
3	24	17	0	0	0
3	24	18	0	0	0
3	25	0	462	2118	1
3	25	1	123	162	1
3	25	2	163	201	1
3	25	3	399	503	1
3	25	4	554	663	1
3	25	5	532	668	1
3	25	6	114	358	1
3	25	7	0	0	0
3	25	8	147	342	1
3	25	9	222	310	1
3	25	10	12	105	1
3	25	11	431	518	1
3	25	12	0	0	0
3	25	13	0	0	0
3	25	14	0	0	0
3	25	15	0	0	0
3	25	16	0	0	0
3	25	17	0	0	0
3	25	18	0	0	0
3	26	0	473	1981	1
3	26	1	113	148	1
3	26	2	161	202	1
3	26	3	549	646	1
3	26	4	944	897	1
3	26	5	660	797	1
3	26	6	143	350	1
3	26	7	0	0	0
3	26	8	96	263	1
3	26	9	249	359	1
3	26	10	12	81	1
3	26	11	582	695	1
3	26	12	0	0	0
3	26	13	0	0	0
3	26	14	0	0	0
3	26	15	6	9	0
3	26	16	6	0	0
3	26	17	0	0	0
3	26	18	0	0	0
3	27	0	570	1832	1
3	27	1	128	188	1
3	27	2	0	0	0
3	27	3	0	0	0
3	27	4	890	671	1
3	27	5	892	1050	1
3	27	6	264	513	1
3	27	7	0	19	0
3	27	8	116	279	1
3	27	9	0	60	1
3	27	10	108	140	1
3	27	11	102	130	1
3	27	12	0	0	0
3	27	13	0	9	0
3	27	14	0	0	0
3	27	15	0	0	0
3	27	16	0	0	0
3	27	17	0	0	0
3	27	18	0	0	0
3	28	0	1017	1691	1
3	28	1	153	214	1
3	28	2	1199	1426	1
3	28	3	328	397	1
3	28	4	587	734	1
3	28	5	707	869	1
3	28	6	746	1306	1
3	28	7	0	0	0
3	28	8	211	319	1
3	28	9	448	595	1
3	28	10	26	71	1
3	28	11	516	634	1
3	28	12	0	0	0
3	28	13	0	0	0
3	28	14	0	0	0
3	28	15	8	0	0
3	28	16	8	0	0
3	28	17	0	0	0
3	28	18	0	0	0
3	29	0	592	699	1
3	29	1	137	185	1
3	29	2	0	0	0
3	29	3	0	0	0
3	29	4	588	777	1
3	29	5	848	1035	1
3	29	6	552	986	1
3	29	7	367	905	1
3	29	8	290	418	1
3	29	9	178	254	1
3	29	10	52	76	1
3	29	11	75	108	1
3	29	12	0	0	0
3	29	13	0	0	0
3	29	14	0	0	0
3	29	15	0	0	0
3	29	16	0	0	0
3	29	17	0	0	0
3	29	18	27	41	0
3	30	0	638	921	1
3	30	1	116	176	1
3	30	2	0	0	0
3	30	3	0	0	0
3	30	4	266	587	1
3	30	5	926	1118	1
3	30	6	566	882	1
3	30	7	0	0	0
3	30	8	208	327	1
3	30	9	428	576	1
3	30	10	52	93	1
3	30	11	689	816	1
3	30	12	0	0	0
3	30	13	0	0	0
3	30	14	0	0	0
3	30	15	0	9	0
3	30	16	0	0	0
3	30	17	0	0	0
3	30	18	0	0	0
3	31	0	908	860	1
3	31	1	141	204	1
3	31	2	138	188	1
3	31	3	590	676	1
3	31	4	517	623	1
3	31	5	908	1094	1
3	31	6	179	353	1
3	31	7	0	0	0
3	31	8	213	308	1
3	31	9	348	441	1
3	31	10	56	108	1
3	31	11	614	723	1
3	31	12	0	0	0
3	31	13	0	0	0
3	31	14	0	0	0
3	31	15	0	0	0
3	31	16	0	0	0
3	31	17	0	0	0
3	31	18	0	0	0
3	32	0	1817	915	1
3	32	1	219	269	1
3	32	2	0	0	0
3	32	3	0	0	0
3	32	4	638	750	1
3	32	5	983	1175	1
3	32	6	157	341	1
3	32	7	0	0	0
3	32	8	254	350	1
3	32	9	39	181	1
3	32	10	99	124	1
3	32	11	134	172	1
3	32	12	0	0	0
3	32	13	0	0	0
3	32	14	0	0	0
3	32	15	0	0	0
3	32	16	0	0	0
3	32	17	0	0	0
3	32	18	0	0	0
3	33	0	660	371	0
3	33	1	0	67	0
3	33	2	15	0	0
3	33	3	0	0	0
3	33	4	9	0	0
3	33	5	0	327	0
3	33	6	0	0	0
3	33	7	0	0	0
3	33	8	0	0	0
3	33	9	42	110	0
3	33	10	33	113	0
3	33	11	101	395	0
3	33	12	103	157	0
3	33	13	224	406	0
3	33	14	0	0	0
3	33	15	0	0	0
3	33	16	0	0	0
3	33	17	0	0	0
3	33	18	0	45	0
4	0	0	742	3138	0
4	0	1	848	1019	0
4	0	2	854	1035	0
4	0	3	471	575	0
4	0	4	671	530	0
4	0	5	819	1012	0
4	0	6	504	775	0
4	0	7	0	0	0
4	0	8	51	324	1
4	0	9	315	851	1
4	0	10	30	459	1
4	0	11	496	1138	1
4	0	12	23	124	1
4	0	13	393	515	1
4	0	14	0	0	0
4	0	15	0	0	0
4	0	16	0	0	0
4	0	17	0	0	0
4	0	18	0	0	0
4	1	0	550	2655	1
4	1	1	189	255	1
4	1	2	0	0	0
4	1	3	0	0	0
4	1	4	685	565	1
4	1	5	845	1048	1
4	1	6	121	352	1
4	1	7	0	0	0
4	1	8	114	214	1
4	1	9	9	112	1
4	1	10	74	106	1
4	1	11	103	131	1
4	1	12	0	0	0
4	1	13	0	0	0
4	1	14	0	0	0
4	1	15	0	0	0
4	1	16	0	0	0
4	1	17	0	0	0
4	1	18	0	0	0
4	2	0	554	2448	1
4	2	1	156	216	1
4	2	2	1031	1250	0
4	2	3	520	605	0
4	2	4	401	471	1
4	2	5	736	906	1
4	2	6	169	356	1
4	2	7	0	0	0
4	2	8	154	240	1
4	2	9	0	114	1
4	2	10	69	94	1
4	2	11	76	104	1
4	2	12	0	0	0
4	2	13	0	0	0
4	2	14	0	0	0
4	2	15	0	0	0
4	2	16	0	0	0
4	2	17	0	0	0
4	2	18	0	30	0
4	3	0	518	2623	1
4	3	1	185	246	1
4	3	2	116	157	1
4	3	3	500	603	1
4	3	4	463	566	1
4	3	5	904	1098	1
4	3	6	114	270	1
4	3	7	399	514	0
4	3	8	237	387	1
4	3	9	0	67	1
4	3	10	57	82	1
4	3	11	58	87	1
4	3	12	0	0	0
4	3	13	0	0	0
4	3	14	0	0	0
4	3	15	0	0	0
4	3	16	0	0	0
4	3	17	0	0	0
4	3	18	0	0	0
4	4	0	475	2112	1
4	4	1	128	184	1
4	4	2	130	190	1
4	4	3	506	622	1
4	4	4	535	653	1
4	4	5	826	956	1
4	4	6	107	289	1
4	4	7	417	499	1
4	4	8	76	352	1
4	4	9	15	155	1
4	4	10	72	91	1
4	4	11	51	81	1
4	4	12	0	0	0
4	4	13	0	0	0
4	4	14	0	0	0
4	4	15	0	0	0
4	4	16	0	0	0
4	4	17	0	0	0
4	4	18	0	0	0
4	5	0	600	2199	1
4	5	1	112	172	1
4	5	2	1002	1233	1
4	5	3	490	608	1
4	5	4	340	407	1
4	5	5	933	1089	1
4	5	6	163	366	1
4	5	7	0	0	0
4	5	8	185	277	1
4	5	9	205	327	1
4	5	10	59	174	1
4	5	11	532	623	1
4	5	12	0	0	0
4	5	13	0	0	0
4	5	14	0	0	0
4	5	15	0	0	0
4	5	16	0	0	0
4	5	17	0	0	0
4	5	18	0	0	0
4	6	0	348	2378	1
4	6	1	90	136	1
4	6	2	129	176	1
4	6	3	597	726	1
4	6	4	450	557	1
4	6	5	837	1013	1
4	6	6	168	402	1
4	6	7	0	0	0
4	6	8	240	348	1
4	6	9	225	339	1
4	6	10	18	84	1
4	6	11	614	759	1
4	6	12	0	0	0
4	6	13	0	0	0
4	6	14	12	0	0
4	6	15	4	0	0
4	6	16	0	0	0
4	6	17	0	0	0
4	6	18	0	0	0
4	7	0	474	2314	1
4	7	1	84	150	1
4	7	2	120	166	1
4	7	3	413	495	1
4	7	4	440	542	1
4	7	5	816	979	1
4	7	6	137	403	1
4	7	7	430	804	0
4	7	8	0	8	0
4	7	9	9	155	1
4	7	10	0	0	0
4	7	11	631	695	1
4	7	12	0	0	0
4	7	13	0	0	0
4	7	14	0	0	0
4	7	15	0	0	0
4	7	16	0	0	0
4	7	17	0	0	0
4	7	18	0	0	0
4	8	0	475	2434	1
4	8	1	107	169	1
4	8	2	132	197	1
4	8	3	534	671	1
4	8	4	384	473	1
4	8	5	515	621	1
4	8	6	139	284	1
4	8	7	0	0	0
4	8	8	287	447	0
4	8	9	277	362	1
4	8	10	60	173	0
4	8	11	92	125	1
4	8	12	0	0	0
4	8	13	0	0	0
4	8	14	0	0	0
4	8	15	0	0	0
4	8	16	0	0	0
4	8	17	0	0	0
4	8	18	0	0	0
4	9	0	623	2229	1
4	9	1	177	233	1
4	9	2	930	1125	1
4	9	3	276	323	1
4	9	4	314	369	1
4	9	5	730	937	1
4	9	6	176	345	1
4	9	7	352	1045	0
4	9	8	0	0	0
4	9	9	18	94	1
4	9	10	0	0	0
4	9	11	853	955	1
4	9	12	0	0	0
4	9	13	0	0	0
4	9	14	0	0	0
4	9	15	0	0	0
4	9	16	0	0	0
4	9	17	0	0	0
4	9	18	0	0	0
4	10	0	680	2546	1
4	10	1	142	214	1
4	10	2	74	148	1
4	10	3	256	325	1
4	10	4	279	338	1
4	10	5	1034	1241	1
4	10	6	147	326	1
4	10	7	0	0	0
4	10	8	189	288	0
4	10	9	213	289	1
4	10	10	9	88	0
4	10	11	863	1101	1
4	10	12	0	0	0
4	10	13	0	0	0
4	10	14	0	0	0
4	10	15	0	0	0
4	10	16	0	0	0
4	10	17	0	0	0
4	10	18	0	0	0
4	11	0	706	2622	1
4	11	1	108	171	1
4	11	2	146	189	1
4	11	3	446	507	1
4	11	4	305	356	1
4	11	5	878	1060	1
4	11	6	152	332	1
4	11	7	0	0	0
4	11	8	496	658	1
4	11	9	167	243	1
4	11	10	0	94	1
4	11	11	647	757	1
4	11	12	0	0	0
4	11	13	0	0	0
4	11	14	0	0	0
4	11	15	0	0	0
4	11	16	0	0	0
4	11	17	0	9	0
4	11	18	0	0	0
4	12	0	550	2317	1
4	12	1	201	251	1
4	12	2	74	97	1
4	12	3	645	544	1
4	12	4	224	289	1
4	12	5	584	677	1
4	12	6	182	275	1
4	12	7	683	801	0
4	12	8	663	800	1
4	12	9	633	773	1
4	12	10	309	375	1
4	12	11	294	348	1
4	12	12	9	89	0
4	12	13	0	0	0
4	12	14	0	0	0
4	12	15	0	0	0
4	12	16	0	0	0
4	12	17	0	0	0
4	12	18	0	9	0
4	13	0	643	2347	1
4	13	1	155	219	1
4	13	2	1147	1352	1
4	13	3	559	682	1
4	13	4	538	640	1
4	13	5	903	1100	1
4	13	6	637	1479	1
4	13	7	256	631	1
4	13	8	191	283	1
4	13	9	218	343	0
4	13	10	9	83	0
4	13	11	428	536	1
4	13	12	0	0	0
4	13	13	0	0	0
4	13	14	0	15	0
4	13	15	0	0	0
4	13	16	0	0	0
4	13	17	0	0	0
4	13	18	0	0	0
4	14	0	605	2302	1
4	14	1	133	194	1
4	14	2	113	168	1
4	14	3	536	611	1
4	14	4	542	632	1
4	14	5	605	756	1
4	14	6	599	1273	1
4	14	7	509	801	1
4	14	8	150	253	1
4	14	9	176	300	1
4	14	10	9	58	1
4	14	11	554	648	1
4	14	12	0	0	0
4	14	13	0	0	0
4	14	14	0	0	0
4	14	15	0	0	0
4	14	16	0	0	0
4	14	17	0	3	0
4	14	18	0	0	0
4	15	0	656	2411	1
4	15	1	173	221	1
4	15	2	1078	1268	1
4	15	3	486	584	1
4	15	4	249	300	1
4	15	5	622	788	1
4	15	6	836	1280	1
4	15	7	0	0	0
4	15	8	159	214	1
4	15	9	176	213	1
4	15	10	0	88	1
4	15	11	545	647	1
4	15	12	0	0	0
4	15	13	0	0	0
4	15	14	0	0	0
4	15	15	0	0	0
4	15	16	0	0	0
4	15	17	0	9	0
4	15	18	8	48	0
4	16	0	348	2191	1
4	16	1	135	195	1
4	16	2	173	217	1
4	16	3	561	662	1
4	16	4	398	494	1
4	16	5	858	947	1
4	16	6	660	1257	1
4	16	7	427	1006	0
4	16	8	174	312	1
4	16	9	206	314	1
4	16	10	26	95	1
4	16	11	847	922	1
4	16	12	0	0	0
4	16	13	0	0	0
4	16	14	0	0	0
4	16	15	0	0	0
4	16	16	0	0	0
4	16	17	0	0	0
4	16	18	0	0	0
4	17	0	540	2679	1
4	17	1	124	181	1
4	17	2	0	0	0
4	17	3	0	0	0
4	17	4	481	573	1
4	17	5	1052	1227	1
4	17	6	465	1112	1
4	17	7	46	157	1
4	17	8	75	279	1
4	17	9	9	51	1
4	17	10	78	103	1
4	17	11	95	119	1
4	17	12	0	0	0
4	17	13	0	0	0
4	17	14	0	0	0
4	17	15	0	0	0
4	17	16	0	0	0
4	17	17	0	0	0
4	17	18	0	0	0
4	18	0	427	2411	1
4	18	1	171	230	1
4	18	2	154	223	0
4	18	3	504	647	0
4	18	4	245	320	1
4	18	5	574	764	1
4	18	6	192	697	1
4	18	7	422	883	0
4	18	8	109	322	1
4	18	9	154	228	1
4	18	10	18	95	1
4	18	11	419	548	1
4	18	12	0	0	0
4	18	13	0	0	0
4	18	14	0	0	0
4	18	15	0	0	0
4	18	16	0	0	0
4	18	17	0	0	0
4	18	18	0	0	0
4	19	0	630	2783	1
4	19	1	145	200	1
4	19	2	214	266	1
4	19	3	577	738	1
4	19	4	490	569	1
4	19	5	799	956	1
4	19	6	109	341	1
4	19	7	0	0	0
4	19	8	147	418	1
4	19	9	192	276	1
4	19	10	30	117	1
4	19	11	464	610	1
4	19	12	0	0	0
4	19	13	0	0	0
4	19	14	0	0	0
4	19	15	0	0	0
4	19	16	0	0	0
4	19	17	0	0	0
4	19	18	46	57	0
4	20	0	660	2466	1
4	20	1	226	287	1
4	20	2	138	194	1
4	20	3	511	620	1
4	20	4	278	335	1
4	20	5	866	997	1
4	20	6	106	341	1
4	20	7	0	542	0
4	20	8	81	348	1
4	20	9	217	321	1
4	20	10	20	124	1
4	20	11	462	591	1
4	20	12	0	0	0
4	20	13	0	9	0
4	20	14	0	0	0
4	20	15	0	0	0
4	20	16	0	0	0
4	20	17	0	0	0
4	20	18	30	14	0
4	21	0	768	2994	1
4	21	1	142	193	1
4	21	2	1206	1387	1
4	21	3	513	608	1
4	21	4	399	475	1
4	21	5	692	866	1
4	21	6	108	525	1
4	21	7	27	487	1
4	21	8	67	251	1
4	21	9	12	106	1
4	21	10	77	88	1
4	21	11	112	158	1
4	21	12	0	0	0
4	21	13	0	0	0
4	21	14	0	0	0
4	21	15	0	0	0
4	21	16	23	0	0
4	21	17	18	0	0
4	21	18	0	0	0
4	22	0	476	2574	1
4	22	1	167	234	1
4	22	2	136	184	1
4	22	3	351	420	1
4	22	4	561	655	1
4	22	5	652	778	1
4	22	6	100	762	1
4	22	7	80	726	1
4	22	8	0	273	1
4	22	9	181	257	1
4	22	10	36	96	1
4	22	11	721	831	1
4	22	12	0	0	0
4	22	13	0	0	0
4	22	14	0	0	0
4	22	15	0	0	0
4	22	16	0	0	0
4	22	17	0	0	0
4	22	18	36	0	0
4	23	0	629	2752	1
4	23	1	179	236	1
4	23	2	802	969	1
4	23	3	562	669	1
4	23	4	472	547	1
4	23	5	871	1051	1
4	23	6	92	263	1
4	23	7	0	0	0
4	23	8	144	248	1
4	23	9	209	300	1
4	23	10	14	86	1
4	23	11	560	677	1
4	23	12	0	0	0
4	23	13	0	0	0
4	23	14	0	0	0
4	23	15	0	0	0
4	23	16	0	0	0
4	23	17	0	0	0
4	23	18	98	123	0
4	24	0	555	2935	1
4	24	1	156	211	1
4	24	2	165	220	1
4	24	3	616	727	1
4	24	4	543	661	1
4	24	5	941	1105	1
4	24	6	99	286	1
4	24	7	0	0	0
4	24	8	101	282	1
4	24	9	337	461	1
4	24	10	15	78	1
4	24	11	838	949	1
4	24	12	0	0	0
4	24	13	0	0	0
4	24	14	0	0	0
4	24	15	0	0	0
4	24	16	0	0	0
4	24	17	0	0	0
4	24	18	0	24	0
4	25	0	586	2444	1
4	25	1	204	269	1
4	25	2	146	203	1
4	25	3	529	648	1
4	25	4	529	600	1
4	25	5	925	1098	1
4	25	6	174	338	1
4	25	7	0	0	0
4	25	8	110	245	1
4	25	9	148	236	1
4	25	10	27	116	1
4	25	11	721	827	1
4	25	12	0	0	0
4	25	13	0	0	0
4	25	14	0	0	0
4	25	15	0	0	0
4	25	16	0	0	0
4	25	17	0	0	0
4	25	18	0	36	0
4	26	0	279	2178	1
4	26	1	111	151	1
4	26	2	136	203	1
4	26	3	801	922	1
4	26	4	586	666	1
4	26	5	908	1079	1
4	26	6	139	337	1
4	26	7	0	0	0
4	26	8	85	209	1
4	26	9	274	345	1
4	26	10	12	122	1
4	26	11	644	777	1
4	26	12	0	0	0
4	26	13	0	0	0
4	26	14	0	0	0
4	26	15	0	0	0
4	26	16	0	0	0
4	26	17	0	0	0
4	26	18	9	132	0
4	27	0	383	2350	1
4	27	1	94	188	1
4	27	2	92	154	1
4	27	3	378	464	1
4	27	4	577	718	1
4	27	5	1077	1277	1
4	27	6	92	319	1
4	27	7	0	0	0
4	27	8	113	280	1
4	27	9	386	494	1
4	27	10	28	119	1
4	27	11	550	642	1
4	27	12	0	0	0
4	27	13	0	0	0
4	27	14	0	0	0
4	27	15	0	9	0
4	27	16	0	0	0
4	27	17	0	0	0
4	27	18	0	80	0
4	28	0	488	2209	1
4	28	1	152	200	1
4	28	2	94	139	1
4	28	3	339	402	1
4	28	4	565	687	1
4	28	5	991	1190	1
4	28	6	107	348	1
4	28	7	0	0	0
4	28	8	132	208	1
4	28	9	269	363	1
4	28	10	9	120	1
4	28	11	484	568	1
4	28	12	0	0	0
4	28	13	0	0	0
4	28	14	0	0	0
4	28	15	0	0	0
4	28	16	0	0	0
4	28	17	0	0	0
4	28	18	0	0	0
4	29	0	492	503	1
4	29	1	298	158	1
4	29	2	130	165	1
4	29	3	404	340	1
4	29	4	255	342	1
4	29	5	736	875	1
4	29	6	115	168	1
4	29	7	672	932	0
4	29	8	1212	1428	1
4	29	9	942	1241	1
4	29	10	288	407	1
4	29	11	377	432	1
4	29	12	58	157	0
4	29	13	0	0	0
4	29	14	0	0	0
4	29	15	0	0	0
4	29	16	0	0	0
4	29	17	0	0	0
4	29	18	0	12	0
4	30	0	787	749	1
4	30	1	243	303	1
4	30	2	111	151	1
4	30	3	628	863	1
4	30	4	600	717	1
4	30	5	997	1186	1
4	30	6	118	350	1
4	30	7	0	0	0
4	30	8	208	312	1
4	30	9	301	381	0
4	30	10	0	75	0
4	30	11	458	557	1
4	30	12	0	0	0
4	30	13	0	0	0
4	30	14	0	0	0
4	30	15	0	0	0
4	30	16	0	0	0
4	30	17	0	0	0
4	30	18	0	0	0
4	31	0	847	828	1
4	31	1	257	320	1
4	31	2	115	169	1
4	31	3	847	1013	1
4	31	4	602	737	1
4	31	5	1019	1279	1
4	31	6	145	363	1
4	31	7	0	0	0
4	31	8	178	286	1
4	31	9	308	407	1
4	31	10	12	95	1
4	31	11	743	883	1
4	31	12	0	0	0
4	31	13	0	0	0
4	31	14	0	0	0
4	31	15	0	0	0
4	31	16	0	0	0
4	31	17	0	0	0
4	31	18	0	9	0
4	32	0	2271	698	1
4	32	1	105	188	1
4	32	2	198	203	1
4	32	3	793	928	1
4	32	4	680	824	1
4	32	5	838	1017	1
4	32	6	166	392	1
4	32	7	0	0	0
4	32	8	189	301	1
4	32	9	247	363	1
4	32	10	18	104	1
4	32	11	565	680	1
4	32	12	0	0	0
4	32	13	0	0	0
4	32	14	0	0	0
4	32	15	0	0	0
4	32	16	0	0	0
4	32	17	0	0	0
4	32	18	0	60	0
4	33	0	2462	904	1
4	33	1	131	185	1
4	33	2	139	188	1
4	33	3	606	709	1
4	33	4	561	703	1
4	33	5	795	1068	1
4	33	6	199	453	1
4	33	7	352	587	0
4	33	8	109	175	1
4	33	9	329	426	1
4	33	10	0	96	1
4	33	11	689	693	1
4	33	12	105	139	0
4	33	13	400	508	0
4	33	14	0	0	0
4	33	15	0	0	0
4	33	16	0	0	0
4	33	17	0	0	0
4	33	18	0	27	0
5	0	0	610	3158	0
5	0	1	963	1145	0
5	0	2	864	1064	0
5	0	3	341	400	0
5	0	4	565	702	0
5	0	5	407	520	0
5	0	6	439	715	0
5	0	7	0	36	0
5	0	8	102	429	1
5	0	9	194	926	1
5	0	10	58	388	1
5	0	11	381	658	1
5	0	12	54	118	1
5	0	13	145	362	1
5	0	14	0	0	0
5	0	15	62	119	0
5	0	16	46	87	0
5	0	17	205	270	0
5	0	18	300	404	0
5	1	0	603	2515	1
5	1	1	0	0	0
5	1	2	0	0	0
5	1	3	0	0	0
5	1	4	422	531	1
5	1	5	669	838	1
5	1	6	0	87	1
5	1	7	0	0	0
5	1	8	138	271	1
5	1	9	12	64	1
5	1	10	64	104	1
5	1	11	64	91	1
5	1	12	0	0	0
5	1	13	0	0	0
5	1	14	0	0	0
5	1	15	0	0	0
5	1	16	0	0	0
5	1	17	0	0	0
5	1	18	0	0	0
5	2	0	670	2821	1
5	2	1	149	289	0
5	2	2	96	126	0
5	2	3	403	504	0
5	2	4	475	588	1
5	2	5	538	655	1
5	2	6	131	343	1
5	2	7	0	0	0
5	2	8	86	213	1
5	2	9	158	271	1
5	2	10	0	93	1
5	2	11	278	344	1
5	2	12	0	0	0
5	2	13	0	0	0
5	2	14	0	0	0
5	2	15	0	0	0
5	2	16	0	0	0
5	2	17	0	0	0
5	2	18	0	0	0
5	3	0	661	2282	1
5	3	1	0	14	0
5	3	2	0	0	0
5	3	3	0	0	0
5	3	4	493	611	1
5	3	5	708	874	1
5	3	6	0	131	1
5	3	7	0	0	0
5	3	8	96	239	1
5	3	9	9	74	1
5	3	10	76	89	0
5	3	11	87	115	1
5	3	12	0	0	0
5	3	13	0	0	0
5	3	14	0	0	0
5	3	15	0	0	0
5	3	16	0	0	0
5	3	17	0	0	0
5	3	18	0	0	0
5	4	0	450	2164	1
5	4	1	107	146	0
5	4	2	73	124	0
5	4	3	448	546	0
5	4	4	476	598	1
5	4	5	758	939	1
5	4	6	101	328	1
5	4	7	0	0	0
5	4	8	120	263	1
5	4	9	199	312	1
5	4	10	51	172	1
5	4	11	527	628	1
5	4	12	0	0	0
5	4	13	0	0	0
5	4	14	0	0	0
5	4	15	0	0	0
5	4	16	0	0	0
5	4	17	0	0	0
5	4	18	40	51	0
5	5	0	783	2576	1
5	5	1	0	0	0
5	5	2	0	0	0
5	5	3	0	0	0
5	5	4	444	564	1
5	5	5	889	1094	1
5	5	6	0	126	1
5	5	7	0	0	0
5	5	8	133	326	1
5	5	9	0	137	1
5	5	10	31	39	1
5	5	11	68	105	1
5	5	12	0	0	0
5	5	13	0	0	0
5	5	14	0	0	0
5	5	15	0	0	0
5	5	16	0	0	0
5	5	17	0	0	0
5	5	18	0	0	0
5	6	0	666	2356	1
5	6	1	137	223	0
5	6	2	93	130	0
5	6	3	465	575	0
5	6	4	743	849	1
5	6	5	822	953	1
5	6	6	107	276	1
5	6	7	0	0	0
5	6	8	59	212	1
5	6	9	218	324	1
5	6	10	76	162	1
5	6	11	489	615	1
5	6	12	0	0	0
5	6	13	0	0	0
5	6	14	0	0	0
5	6	15	0	0	0
5	6	16	0	0	0
5	6	17	0	0	0
5	6	18	0	0	0
5	7	0	696	2239	1
5	7	1	0	0	0
5	7	2	0	0	0
5	7	3	0	0	0
5	7	4	538	679	1
5	7	5	731	925	1
5	7	6	0	143	1
5	7	7	0	0	0
5	7	8	57	277	1
5	7	9	0	60	1
5	7	10	27	65	1
5	7	11	40	83	1
5	7	12	0	0	0
5	7	13	0	0	0
5	7	14	0	0	0
5	7	15	0	0	0
5	7	16	0	0	0
5	7	17	0	0	0
5	7	18	0	0	0
5	8	0	679	2550	1
5	8	1	117	217	0
5	8	2	960	1138	0
5	8	3	309	375	0
5	8	4	470	566	1
5	8	5	457	565	1
5	8	6	644	1097	1
5	8	7	0	0	0
5	8	8	243	371	1
5	8	9	183	265	1
5	8	10	78	183	1
5	8	11	82	108	1
5	8	12	0	0	0
5	8	13	0	0	0
5	8	14	0	0	0
5	8	15	0	0	0
5	8	16	0	3	0
5	8	17	0	9	0
5	8	18	0	0	0
5	9	0	618	2299	1
5	9	1	141	222	1
5	9	2	90	135	1
5	9	3	537	630	1
5	9	4	412	496	1
5	9	5	654	807	1
5	9	6	300	805	1
5	9	7	130	544	0
5	9	8	85	227	1
5	9	9	227	325	1
5	9	10	0	113	1
5	9	11	545	657	1
5	9	12	0	0	0
5	9	13	0	0	0
5	9	14	0	0	0
5	9	15	0	0	0
5	9	16	20	31	0
5	9	17	0	0	0
5	9	18	0	15	0
5	10	0	618	2825	1
5	10	1	109	239	1
5	10	2	1009	1204	1
5	10	3	607	706	1
5	10	4	237	316	1
5	10	5	433	536	1
5	10	6	102	340	1
5	10	7	0	0	0
5	10	8	124	238	1
5	10	9	790	990	1
5	10	10	0	63	1
5	10	11	439	525	1
5	10	12	0	9	0
5	10	13	0	0	0
5	10	14	0	0	0
5	10	15	0	0	0
5	10	16	0	0	0
5	10	17	0	0	0
5	10	18	0	0	0
5	11	0	737	2765	1
5	11	1	121	228	1
5	11	2	159	206	1
5	11	3	618	728	1
5	11	4	300	382	1
5	11	5	473	600	1
5	11	6	135	274	1
5	11	7	0	0	0
5	11	8	69	344	1
5	11	9	801	1030	1
5	11	10	0	62	1
5	11	11	396	464	1
5	11	12	0	0	0
5	11	13	0	0	0
5	11	14	0	0	0
5	11	15	0	0	0
5	11	16	0	0	0
5	11	17	0	0	0
5	11	18	0	0	0
5	12	0	406	2171	1
5	12	1	78	182	1
5	12	2	108	134	1
5	12	3	335	400	1
5	12	4	230	279	1
5	12	5	341	454	1
5	12	6	100	215	1
5	12	7	0	0	0
5	12	8	152	268	1
5	12	9	568	742	1
5	12	10	0	103	1
5	12	11	518	640	1
5	12	12	0	0	0
5	12	13	0	0	0
5	12	14	0	0	0
5	12	15	0	0	0
5	12	16	0	0	0
5	12	17	0	0	0
5	12	18	0	0	0
5	13	0	537	2076	1
5	13	1	135	215	1
5	13	2	69	117	1
5	13	3	628	774	1
5	13	4	229	281	1
5	13	5	589	754	1
5	13	6	91	276	1
5	13	7	0	0	0
5	13	8	64	237	1
5	13	9	1055	1342	1
5	13	10	0	93	1
5	13	11	471	584	1
5	13	12	0	0	0
5	13	13	0	0	0
5	13	14	0	0	0
5	13	15	0	0	0
5	13	16	0	0	0
5	13	17	0	0	0
5	13	18	0	15	0
5	14	0	519	2230	1
5	14	1	113	162	1
5	14	2	1039	1245	1
5	14	3	533	656	1
5	14	4	650	753	1
5	14	5	789	986	1
5	14	6	111	282	1
5	14	7	0	0	0
5	14	8	81	247	1
5	14	9	277	342	1
5	14	10	0	112	1
5	14	11	306	429	1
5	14	12	0	0	0
5	14	13	0	0	0
5	14	14	0	0	0
5	14	15	0	0	0
5	14	16	0	0	0
5	14	17	0	0	0
5	14	18	5	8	0
5	15	0	562	2455	1
5	15	1	80	164	1
5	15	2	0	0	0
5	15	3	0	0	0
5	15	4	552	650	1
5	15	5	554	772	1
5	15	6	0	149	1
5	15	7	0	0	0
5	15	8	0	0	0
5	15	9	50	121	1
5	15	10	45	73	1
5	15	11	66	90	1
5	15	12	200	255	0
5	15	13	303	789	0
5	15	14	0	0	0
5	15	15	0	0	0
5	15	16	0	0	0
5	15	17	0	0	0
5	15	18	0	152	0
5	16	0	0	2164	1
5	16	1	0	0	0
5	16	2	0	0	0
5	16	3	0	0	0
5	16	4	0	0	0
5	16	5	0	0	0
5	16	6	0	0	0
5	16	7	0	0	0
5	16	8	0	0	0
5	16	9	0	0	0
5	16	10	56	183	1
5	16	11	32	197	1
5	16	12	0	12	0
5	16	13	0	0	0
5	16	14	0	0	0
5	16	15	0	0	0
5	16	16	0	0	0
5	16	17	0	0	0
5	16	18	0	0	0
5	17	0	0	1889	0
5	17	1	1114	1402	0
5	17	2	0	0	0
5	17	3	0	0	0
5	17	4	0	9	0
5	17	5	0	0	0
5	17	6	0	0	0
5	17	7	0	0	0
5	17	8	0	0	0
5	17	9	0	0	0
5	17	10	0	0	0
5	17	11	0	0	0
5	17	12	324	371	0
5	17	13	296	376	0
5	17	14	0	0	0
5	17	15	0	0	0
5	17	16	0	0	0
5	17	17	803	825	0
5	17	18	284	365	0
5	18	0	0	2156	0
5	18	1	667	888	1
5	18	2	0	0	0
5	18	3	0	0	0
5	18	4	0	0	0
5	18	5	0	0	0
5	18	6	68	1729	0
5	18	7	0	3	0
5	18	8	0	0	0
5	18	9	0	0	0
5	18	10	33	44	0
5	18	11	0	0	0
5	18	12	0	0	0
5	18	13	0	0	0
5	18	14	0	0	0
5	18	15	0	0	0
5	18	16	0	0	0
5	18	17	175	245	1
5	18	18	628	772	1
5	19	0	718	2788	0
5	19	1	49	92	1
5	19	2	769	968	0
5	19	3	281	369	0
5	19	4	208	407	0
5	19	5	821	1006	0
5	19	6	862	1553	1
5	19	7	764	1045	0
5	19	8	822	1163	0
5	19	9	317	456	0
5	19	10	423	498	0
5	19	11	363	548	0
5	19	12	26	134	0
5	19	13	0	0	0
5	19	14	0	0	0
5	19	15	0	0	0
5	19	16	0	0	0
5	19	17	0	0	0
5	19	18	18	49	1
5	20	0	940	2846	1
5	20	1	194	264	1
5	20	2	475	763	1
5	20	3	364	482	1
5	20	4	309	578	1
5	20	5	524	664	1
5	20	6	1281	1746	1
5	20	7	747	1094	1
5	20	8	1122	1431	0
5	20	9	244	303	1
5	20	10	418	123	1
5	20	11	325	403	1
5	20	12	28	135	1
5	20	13	0	0	0
5	20	14	0	0	0
5	20	15	0	0	0
5	20	16	0	0	0
5	20	17	0	0	0
5	20	18	28	42	0
5	21	0	475	2569	1
5	21	1	134	189	1
5	21	2	862	1032	1
5	21	3	141	208	1
5	21	4	339	655	1
5	21	5	364	470	1
5	21	6	1460	1765	1
5	21	7	899	1095	1
5	21	8	795	1022	0
5	21	9	247	325	1
5	21	10	277	398	1
5	21	11	51	120	1
5	21	12	12	151	1
5	21	13	0	0	0
5	21	14	0	0	0
5	21	15	0	0	0
5	21	16	0	0	0
5	21	17	0	0	0
5	21	18	0	0	0
5	22	0	372	2409	1
5	22	1	67	139	1
5	22	2	600	725	1
5	22	3	365	473	1
5	22	4	423	602	1
5	22	5	868	1065	1
5	22	6	1569	1631	1
5	22	7	708	889	1
5	22	8	1079	1356	0
5	22	9	223	324	1
5	22	10	265	367	1
5	22	11	460	531	1
5	22	12	25	140	1
5	22	13	11	0	0
5	22	14	33	0	0
5	22	15	0	0	0
5	22	16	0	0	0
5	22	17	0	0	0
5	22	18	50	0	0
5	23	0	343	2417	1
5	23	1	72	125	1
5	23	2	95	157	1
5	23	3	445	538	1
5	23	4	431	547	1
5	23	5	830	1003	1
5	23	6	1483	1830	1
5	23	7	872	1072	1
5	23	8	835	1025	0
5	23	9	260	357	1
5	23	10	350	445	1
5	23	11	332	403	1
5	23	12	14	161	1
5	23	13	0	0	0
5	23	14	0	0	0
5	23	15	0	0	0
5	23	16	0	0	0
5	23	17	0	0	0
5	23	18	83	139	0
5	24	0	637	3059	1
5	24	1	32	104	1
5	24	2	55	110	1
5	24	3	607	738	1
5	24	4	454	690	1
5	24	5	610	739	1
5	24	6	1551	1878	1
5	24	7	868	1154	1
5	24	8	955	1164	0
5	24	9	236	310	1
5	24	10	381	548	1
5	24	11	468	570	1
5	24	12	32	158	1
5	24	13	0	0	0
5	24	14	0	0	0
5	24	15	0	0	0
5	24	16	0	0	0
5	24	17	0	0	0
5	24	18	0	9	0
5	25	0	399	2738	1
5	25	1	70	119	1
5	25	2	66	130	1
5	25	3	385	511	1
5	25	4	447	769	1
5	25	5	984	1173	1
5	25	6	1415	1766	1
5	25	7	942	1200	1
5	25	8	1018	1270	0
5	25	9	185	266	1
5	25	10	535	669	1
5	25	11	689	830	1
5	25	12	38	304	1
5	25	13	65	457	0
5	25	14	0	0	0
5	25	15	0	0	0
5	25	16	0	0	0
5	25	17	0	0	0
5	25	18	0	36	0
5	26	0	0	1724	1
5	26	1	564	841	1
5	26	2	0	0	0
5	26	3	0	0	0
5	26	4	0	0	0
5	26	5	0	0	0
5	26	6	0	0	0
5	26	7	0	0	0
5	26	8	18	201	0
5	26	9	39	714	1
5	26	10	46	177	1
5	26	11	0	0	0
5	26	12	261	298	1
5	26	13	718	832	1
5	26	14	0	0	0
5	26	15	39	0	0
5	26	16	0	0	0
5	26	17	303	352	0
5	26	18	932	1136	0
5	27	0	800	2881	0
5	27	1	1596	2047	1
5	27	2	1126	1386	0
5	27	3	414	517	0
5	27	4	420	589	0
5	27	5	844	1104	0
5	27	6	812	1043	0
5	27	7	1000	1312	0
5	27	8	269	353	1
5	27	9	470	705	1
5	27	10	0	228	1
5	27	11	507	1004	0
5	27	12	395	465	1
5	27	13	871	1029	1
5	27	14	0	0	0
5	27	15	0	0	0
5	27	16	0	0	0
5	27	17	15	170	1
5	27	18	262	440	1
5	28	0	796	2650	1
5	28	1	114	229	1
5	28	2	654	1338	1
5	28	3	384	859	1
5	28	4	255	431	1
5	28	5	770	1370	1
5	28	6	205	644	1
5	28	7	582	1231	1
5	28	8	616	840	1
5	28	9	127	240	1
5	28	10	94	303	1
5	28	11	484	964	1
5	28	12	295	354	1
5	28	13	725	896	1
5	28	14	0	0	0
5	28	15	0	0	0
5	28	16	0	0	0
5	28	17	0	0	0
5	28	18	0	0	0
5	29	0	896	1405	1
5	29	1	69	197	1
5	29	2	694	1440	1
5	29	3	348	528	1
5	29	4	208	364	1
5	29	5	716	1136	1
5	29	6	130	231	1
5	29	7	558	898	1
5	29	8	314	658	1
5	29	9	157	246	1
5	29	10	0	0	0
5	29	11	654	1111	1
5	29	12	311	388	1
5	29	13	908	1094	1
5	29	14	0	0	0
5	29	15	0	0	0
5	29	16	0	0	0
5	29	17	0	0	0
5	29	18	0	0	0
5	30	0	794	1220	1
5	30	1	161	417	1
5	30	2	1117	1712	1
5	30	3	576	857	1
5	30	4	381	483	1
5	30	5	843	1458	1
5	30	6	140	306	1
5	30	7	130	232	1
5	30	8	542	995	1
5	30	9	182	261	1
5	30	10	0	0	0
5	30	11	624	993	1
5	30	12	319	379	1
5	30	13	742	894	1
5	30	14	0	0	0
5	30	15	0	9	0
5	30	16	0	0	0
5	30	17	0	0	0
5	30	18	0	0	0
5	31	0	1034	1240	1
5	31	1	185	466	1
5	31	2	139	353	1
5	31	3	568	953	1
5	31	4	187	267	1
5	31	5	733	1383	1
5	31	6	150	360	1
5	31	7	90	186	1
5	31	8	70	137	1
5	31	9	61	168	1
5	31	10	17	0	0
5	31	11	668	995	1
5	31	12	338	441	1
5	31	13	819	1002	1
5	31	14	0	0	0
5	31	15	0	0	0
5	31	16	0	0	0
5	31	17	0	0	0
5	31	18	0	0	0
5	32	0	2712	1457	1
5	32	1	123	267	1
5	32	2	168	337	1
5	32	3	440	863	1
5	32	4	146	206	1
5	32	5	1282	1981	1
5	32	6	105	207	1
5	32	7	102	207	1
5	32	8	53	106	1
5	32	9	30	121	1
5	32	10	7	0	0
5	32	11	635	1172	1
5	32	12	432	575	1
5	32	13	803	1040	1
5	32	14	0	0	0
5	32	15	0	0	0
5	32	16	0	0	0
5	32	17	0	0	0
5	32	18	49	55	0
5	33	0	1121	435	1
5	33	1	1379	1834	1
5	33	2	9	0	1
5	33	3	0	0	0
5	33	4	0	0	0
5	33	5	0	7	0
5	33	6	0	0	0
5	33	7	0	0	0
5	33	8	0	0	0
5	33	9	0	0	0
5	33	10	0	0	0
5	33	11	12	12	1
5	33	12	634	795	1
5	33	13	1560	2120	1
5	33	14	51	163	0
5	33	15	0	0	0
5	33	16	0	0	0
5	33	17	0	0	0
5	33	18	0	0	0
6	0	0	103	3792	1
6	0	1	0	3316	1
6	0	2	0	1443	1
6	0	3	0	760	1
6	0	4	0	674	1
6	0	5	0	1032	1
6	0	6	0	1007	1
6	0	7	246	648	1
6	0	8	0	314	1
6	0	9	0	577	1
6	0	10	83	302	1
6	0	11	0	560	1
6	0	12	270	623	1
6	0	13	847	1604	1
6	0	14	0	0	0
6	0	15	0	0	0
6	0	16	0	0	0
6	0	17	247	422	1
6	0	18	626	935	1
6	1	0	0	2903	1
6	1	1	0	106	0
6	1	2	0	65	0
6	1	3	0	76	0
6	1	4	0	551	1
6	1	5	0	1300	1
6	1	6	0	36	1
6	1	7	0	0	0
6	1	8	0	24	0
6	1	9	0	30	1
6	1	10	0	153	1
6	1	11	0	71	1
6	1	12	0	0	0
6	1	13	0	0	0
6	1	14	0	0	0
6	1	15	0	0	0
6	1	16	0	0	0
6	1	17	4	0	0
6	1	18	12	0	0
6	2	0	0	2161	1
6	2	1	0	82	0
6	2	2	0	1131	1
6	2	3	0	694	1
6	2	4	0	854	1
6	2	5	0	1461	1
6	2	6	0	227	1
6	2	7	0	0	0
6	2	8	0	372	1
6	2	9	0	784	1
6	2	10	0	0	0
6	2	11	0	109	1
6	2	12	0	0	0
6	2	13	0	0	0
6	2	14	0	0	0
6	2	15	0	0	0
6	2	16	0	0	0
6	2	17	0	0	0
6	2	18	65	0	0
6	3	0	0	1747	0
6	3	1	0	37	0
6	3	2	0	0	0
6	3	3	0	0	0
6	3	4	0	0	0
6	3	5	0	0	0
6	3	6	0	9	0
6	3	7	0	0	0
6	3	8	0	3	0
6	3	9	82	647	0
6	3	10	78	137	0
6	3	11	0	0	0
6	3	12	0	0	0
6	3	13	32	0	0
6	3	14	0	0	0
6	3	15	41	0	0
6	3	16	0	0	0
6	3	17	0	0	0
6	3	18	149	276	0
6	4	0	236	1808	1
6	4	1	358	1342	1
6	4	2	426	953	1
6	4	3	42	212	1
6	4	4	149	306	1
6	4	5	703	1315	1
6	4	6	206	1040	1
6	4	7	0	727	1
6	4	8	217	953	1
6	4	9	282	1017	1
6	4	10	411	883	1
6	4	11	245	882	1
6	4	12	142	482	1
6	4	13	79	479	1
6	4	14	0	0	0
6	4	15	0	0	0
6	4	16	0	0	0
6	4	17	0	0	0
6	4	18	0	0	0
6	5	0	501	2553	1
6	5	1	78	223	0
6	5	2	595	1031	1
6	5	3	253	715	1
6	5	4	26	340	1
6	5	5	466	1101	1
6	5	6	9	171	1
6	5	7	33	190	1
6	5	8	255	808	1
6	5	9	297	964	1
6	5	10	419	816	1
6	5	11	14	783	1
6	5	12	470	738	1
6	5	13	359	802	1
6	5	14	0	0	0
6	5	15	0	0	0
6	5	16	0	0	0
6	5	17	0	0	0
6	5	18	0	0	0
6	6	0	255	2045	1
6	6	1	47	109	0
6	6	2	652	824	1
6	6	3	141	163	1
6	6	4	666	802	1
6	6	5	935	1178	1
6	6	6	130	619	0
6	6	7	0	0	0
6	6	8	0	9	0
6	6	9	0	0	0
6	6	10	0	0	0
6	6	11	414	484	1
6	6	12	234	313	1
6	6	13	274	353	1
6	6	14	0	0	0
6	6	15	0	0	0
6	6	16	0	0	0
6	6	17	0	9	0
6	6	18	0	0	0
6	7	0	285	2179	1
6	7	1	63	112	0
6	7	2	447	673	1
6	7	3	274	351	1
6	7	4	182	262	1
6	7	5	671	820	1
6	7	6	355	535	0
6	7	7	0	0	0
6	7	8	0	9	0
6	7	9	0	0	0
6	7	10	0	0	0
6	7	11	215	282	1
6	7	12	169	232	1
6	7	13	333	413	1
6	7	14	0	0	0
6	7	15	0	0	0
6	7	16	0	0	0
6	7	17	0	0	0
6	7	18	0	9	0
6	8	0	282	1903	1
6	8	1	45	89	0
6	8	2	453	618	1
6	8	3	279	416	1
6	8	4	275	396	1
6	8	5	656	859	1
6	8	6	258	414	0
6	8	7	0	0	0
6	8	8	0	0	0
6	8	9	0	0	0
6	8	10	0	0	0
6	8	11	220	270	1
6	8	12	144	205	1
6	8	13	358	432	1
6	8	14	0	0	0
6	8	15	0	0	0
6	8	16	0	0	0
6	8	17	151	212	1
6	8	18	368	438	1
6	9	0	0	1639	0
6	9	1	0	0	0
6	9	2	0	12	0
6	9	3	0	0	0
6	9	4	0	0	0
6	9	5	231	378	0
6	9	6	490	982	1
6	9	7	0	0	0
6	9	8	0	0	0
6	9	9	0	0	0
6	9	10	0	0	0
6	9	11	0	0	0
6	9	12	0	0	0
6	9	13	0	0	0
6	9	14	0	0	0
6	9	15	0	0	0
6	9	16	0	0	0
6	9	17	630	782	1
6	9	18	1026	1228	1
6	10	0	0	1603	0
6	10	1	132	185	0
6	10	2	0	0	0
6	10	3	0	0	0
6	10	4	0	0	0
6	10	5	0	0	0
6	10	6	0	0	0
6	10	7	0	0	0
6	10	8	0	0	0
6	10	9	0	0	0
6	10	10	0	0	0
6	10	11	0	0	0
6	10	12	0	0	0
6	10	13	0	0	0
6	10	14	0	0	0
6	10	15	0	0	0
6	10	16	0	0	0
6	10	17	0	0	0
6	10	18	0	8	0
6	11	0	0	1742	0
6	11	1	1073	1746	1
6	11	2	0	0	0
6	11	3	0	0	0
6	11	4	0	0	0
6	11	5	0	3	0
6	11	6	0	0	0
6	11	7	9	35	0
6	11	8	0	3	0
6	11	9	0	164	0
6	11	10	0	0	0
6	11	11	0	0	0
6	11	12	0	0	0
6	11	13	0	0	0
6	11	14	0	54	0
6	11	15	0	0	0
6	11	16	0	27	0
6	11	17	0	15	0
6	11	18	0	0	0
6	12	0	18	2460	1
6	12	1	0	130	0
6	12	2	9	1250	1
6	12	3	0	495	1
6	12	4	0	456	1
6	12	5	0	787	1
6	12	6	42	866	1
6	12	7	70	713	1
6	12	8	0	455	1
6	12	9	0	621	1
6	12	10	0	57	0
6	12	11	0	73	1
6	12	12	0	0	0
6	12	13	0	0	0
6	12	14	0	0	0
6	12	15	0	0	0
6	12	16	0	0	0
6	12	17	0	0	0
6	12	18	0	0	0
6	13	0	261	1921	1
6	13	1	0	163	0
6	13	2	30	960	1
6	13	3	49	528	1
6	13	4	121	345	1
6	13	5	45	873	1
6	13	6	0	198	1
6	13	7	100	829	1
6	13	8	40	404	0
6	13	9	42	1262	1
6	13	10	0	12	0
6	13	11	12	657	1
6	13	12	337	406	1
6	13	13	584	719	1
6	13	14	0	0	0
6	13	15	0	0	0
6	13	16	0	0	0
6	13	17	326	379	1
6	13	18	418	537	1
6	14	0	0	1555	0
6	14	1	0	0	0
6	14	2	0	0	0
6	14	3	0	9	0
6	14	4	0	93	0
6	14	5	100	818	1
6	14	6	0	0	0
6	14	7	0	0	0
6	14	8	0	0	0
6	14	9	0	0	0
6	14	10	0	0	0
6	14	11	0	0	0
6	14	12	0	0	0
6	14	13	0	0	0
6	14	14	0	0	0
6	14	15	0	0	0
6	14	16	0	0	0
6	14	17	337	405	1
6	14	18	875	1071	1
6	15	0	0	1600	0
6	15	1	277	617	0
6	15	2	0	0	0
6	15	3	0	0	0
6	15	4	0	0	0
6	15	5	0	0	0
6	15	6	0	0	0
6	15	7	0	0	0
6	15	8	0	151	0
6	15	9	0	9	0
6	15	10	0	0	0
6	15	11	0	0	0
6	15	12	0	6	0
6	15	13	0	15	0
6	15	14	9	124	0
6	15	15	105	9	0
6	15	16	57	0	0
6	15	17	584	719	1
6	15	18	1119	1202	1
6	16	0	163	2805	1
6	16	1	299	563	1
6	16	2	107	971	1
6	16	3	46	515	1
6	16	4	33	221	1
6	16	5	83	1086	1
6	16	6	0	527	1
6	16	7	30	705	1
6	16	8	0	595	1
6	16	9	0	657	1
6	16	10	6	50	1
6	16	11	6	487	1
6	16	12	128	370	1
6	16	13	214	448	1
6	16	14	0	0	0
6	16	15	0	0	0
6	16	16	0	0	0
6	16	17	466	554	1
6	16	18	884	834	1
6	17	0	230	2337	1
6	17	1	0	15	0
6	17	2	244	495	1
6	17	3	190	311	1
6	17	4	160	283	1
6	17	5	371	634	1
6	17	6	355	546	1
6	17	7	118	628	1
6	17	8	161	680	1
6	17	9	290	768	1
6	17	10	0	0	0
6	17	11	0	358	1
6	17	12	380	609	1
6	17	13	422	704	1
6	17	14	0	0	0
6	17	15	0	0	0
6	17	16	0	0	0
6	17	17	762	741	1
6	17	18	1345	1464	1
6	18	0	0	1918	0
6	18	1	102	368	0
6	18	2	0	0	0
6	18	3	0	0	0
6	18	4	0	0	0
6	18	5	0	0	0
6	18	6	0	0	0
6	18	7	0	0	0
6	18	8	0	0	0
6	18	9	0	0	0
6	18	10	0	0	0
6	18	11	0	0	0
6	18	12	0	18	0
6	18	13	0	3	0
6	18	14	0	3	0
6	18	15	0	9	0
6	18	16	90	265	1
6	18	17	758	847	1
6	18	18	1012	1004	1
6	19	0	0	2177	0
6	19	1	666	1829	1
6	19	2	0	0	0
6	19	3	0	0	0
6	19	4	0	0	0
6	19	5	0	0	0
6	19	6	0	0	0
6	19	7	0	0	0
6	19	8	0	0	0
6	19	9	0	0	0
6	19	10	0	0	0
6	19	11	0	0	0
6	19	12	0	119	0
6	19	13	5	45	0
6	19	14	15	0	0
6	19	15	0	23	0
6	19	16	0	72	0
6	19	17	12	315	0
6	19	18	22	176	0
6	20	0	503	2266	1
6	20	1	67	144	0
6	20	2	388	857	1
6	20	3	158	502	1
6	20	4	97	204	1
6	20	5	388	957	1
6	20	6	415	764	1
6	20	7	62	340	1
6	20	8	182	890	1
6	20	9	151	789	1
6	20	10	40	96	1
6	20	11	345	513	1
6	20	12	241	458	1
6	20	13	520	620	1
6	20	14	0	0	0
6	20	15	0	0	0
6	20	16	0	0	0
6	20	17	0	0	0
6	20	18	0	15	0
6	21	0	312	2437	1
6	21	1	0	0	0
6	21	2	533	759	1
6	21	3	322	442	1
6	21	4	322	431	1
6	21	5	528	754	1
6	21	6	457	399	1
6	21	7	482	718	1
6	21	8	0	0	0
6	21	9	0	0	0
6	21	10	0	0	0
6	21	11	494	633	1
6	21	12	306	386	1
6	21	13	725	853	1
6	21	14	0	0	0
6	21	15	0	9	0
6	21	16	0	0	0
6	21	17	0	0	0
6	21	18	0	0	0
6	22	0	383	2314	1
6	22	1	0	0	0
6	22	2	610	882	1
6	22	3	341	458	1
6	22	4	152	221	1
6	22	5	533	843	1
6	22	6	368	539	1
6	22	7	45	64	0
6	22	8	0	0	0
6	22	9	0	0	0
6	22	10	0	0	0
6	22	11	357	461	1
6	22	12	292	382	1
6	22	13	674	787	1
6	22	14	0	0	0
6	22	15	0	0	0
6	22	16	0	0	0
6	22	17	0	0	0
6	22	18	0	0	0
6	23	0	30	1948	1
6	23	1	31	44	0
6	23	2	19	36	0
6	23	3	25	46	0
6	23	4	295	368	1
6	23	5	660	899	1
6	23	6	462	618	1
6	23	7	39	77	1
6	23	8	0	0	0
6	23	9	0	0	0
6	23	10	8	27	0
6	23	11	12	96	1
6	23	12	318	400	1
6	23	13	604	743	1
6	23	14	0	0	0
6	23	15	0	9	0
6	23	16	0	0	0
6	23	17	0	0	0
6	23	18	77	126	0
6	24	0	542	2947	1
6	24	1	25	43	0
6	24	2	26	43	1
6	24	3	359	465	1
6	24	4	214	253	1
6	24	5	489	708	1
6	24	6	9	32	1
6	24	7	56	71	1
6	24	8	0	0	0
6	24	9	0	0	0
6	24	10	0	0	0
6	24	11	294	392	1
6	24	12	366	440	1
6	24	13	757	913	1
6	24	14	0	0	0
6	24	15	0	0	0
6	24	16	0	0	0
6	24	17	0	9	0
6	24	18	0	0	0
6	25	0	517	2534	1
6	25	1	18	37	0
6	25	2	555	776	1
6	25	3	182	244	1
6	25	4	322	446	1
6	25	5	437	713	1
6	25	6	331	645	1
6	25	7	443	742	1
6	25	8	0	0	0
6	25	9	0	0	0
6	25	10	0	0	0
6	25	11	372	733	1
6	25	12	268	346	1
6	25	13	684	818	1
6	25	14	0	0	0
6	25	15	0	0	0
6	25	16	0	0	0
6	25	17	0	0	0
6	25	18	0	0	0
6	26	0	39	1607	1
6	26	1	24	44	0
6	26	2	31	46	0
6	26	3	113	172	0
6	26	4	315	472	1
6	26	5	348	593	1
6	26	6	39	83	1
6	26	7	21	56	1
6	26	8	0	0	0
6	26	9	0	0	0
6	26	10	53	60	0
6	26	11	42	81	1
6	26	12	364	428	1
6	26	13	548	644	1
6	26	14	0	0	0
6	26	15	0	0	0
6	26	16	0	0	0
6	26	17	0	0	0
6	26	18	0	0	0
6	27	0	22	1961	0
6	27	1	22	36	0
6	27	2	0	26	0
6	27	3	78	152	0
6	27	4	156	230	1
6	27	5	589	954	1
6	27	6	12	26	1
6	27	7	25	55	1
6	27	8	0	0	0
6	27	9	0	0	0
6	27	10	0	0	0
6	27	11	378	741	1
6	27	12	208	251	1
6	27	13	775	939	1
6	27	14	0	0	0
6	27	15	0	0	0
6	27	16	0	0	0
6	27	17	0	0	0
6	27	18	0	0	0
6	28	0	726	2446	1
6	28	1	26	41	0
6	28	2	593	887	1
6	28	3	218	308	1
6	28	4	367	537	1
6	28	5	347	583	1
6	28	6	537	754	1
6	28	7	38	101	1
6	28	8	0	0	0
6	28	9	0	0	0
6	28	10	0	0	0
6	28	11	230	475	1
6	28	12	227	302	1
6	28	13	662	826	1
6	28	14	0	0	0
6	28	15	0	0	0
6	28	16	0	0	0
6	28	17	0	0	0
6	28	18	0	0	0
6	29	0	631	823	1
6	29	1	0	0	0
6	29	2	625	903	1
6	29	3	311	499	1
6	29	4	266	430	1
6	29	5	466	796	1
6	29	6	556	826	1
6	29	7	368	574	1
6	29	8	0	0	0
6	29	9	0	0	0
6	29	10	0	0	0
6	29	11	460	994	1
6	29	12	196	247	1
6	29	13	1085	1257	1
6	29	14	0	0	0
6	29	15	0	12	0
6	29	16	0	0	0
6	29	17	0	0	0
6	29	18	0	0	0
6	30	0	783	806	1
6	30	1	0	0	0
6	30	2	570	871	1
6	30	3	488	687	1
6	30	4	322	526	1
6	30	5	428	827	1
6	30	6	522	755	1
6	30	7	633	942	1
6	30	8	0	0	0
6	30	9	0	0	0
6	30	10	3	9	0
6	30	11	214	517	1
6	30	12	222	263	1
6	30	13	468	585	1
6	30	14	0	0	0
6	30	15	0	0	0
6	30	16	0	0	0
6	30	17	270	326	1
6	30	18	539	627	1
6	31	0	323	57	0
6	31	1	0	68	0
6	31	2	0	0	0
6	31	3	0	0	0
6	31	4	0	0	0
6	31	5	0	0	0
6	31	6	148	292	0
6	31	7	0	0	0
6	31	8	0	0	0
6	31	9	0	0	0
6	31	10	27	83	1
6	31	11	70	185	1
6	31	12	0	0	0
6	31	13	0	0	0
6	31	14	0	0	0
6	31	15	0	0	0
6	31	16	0	41	0
6	31	17	604	714	1
6	31	18	1533	1917	1
6	32	0	2338	1000	0
6	32	1	915	1248	0
6	32	2	0	0	0
6	32	3	0	0	0
6	32	4	0	0	0
6	32	5	0	46	0
6	32	6	0	9	0
6	32	7	0	22	0
6	32	8	92	77	0
6	32	9	46	53	0
6	32	10	0	0	0
6	32	11	0	0	0
6	32	12	0	12	0
6	32	13	0	0	0
6	32	14	0	0	0
6	32	15	0	0	0
6	32	16	0	0	0
6	32	17	151	191	1
6	32	18	261	318	1
6	33	0	1311	936	1
6	33	1	1425	1899	1
6	33	2	1126	1329	1
6	33	3	254	330	1
6	33	4	266	311	1
6	33	5	1063	1326	1
6	33	6	94	906	1
6	33	7	1229	1480	1
6	33	8	813	760	1
6	33	9	1112	1289	1
6	33	10	0	0	0
6	33	11	566	571	1
6	33	12	288	349	1
6	33	13	576	688	1
6	33	14	0	0	0
6	33	15	0	0	0
6	33	16	0	24	0
6	33	17	0	0	0
6	33	18	0	54	0
6	34	0	632	627	0
6	34	1	0	0	0
6	34	2	0	0	0
6	34	3	0	27	0
6	34	4	0	0	0
6	34	5	0	0	0
6	34	6	593	915	0
6	34	7	0	0	0
6	34	8	933	1048	0
6	34	9	810	926	0
6	34	10	0	0	0
6	34	11	36	0	0
6	34	12	0	0	0
6	34	13	33	0	0
6	34	14	0	0	0
6	34	15	0	0	0
6	34	16	0	0	0
6	34	17	0	0	0
6	34	18	0	0	0
9	0	0	306	2803	1
9	0	1	961	1325	1
9	0	2	0	1413	1
9	0	3	630	1020	1
9	0	4	398	578	1
9	0	5	797	966	1
9	0	6	1008	1434	1
9	0	7	0	0	0
9	0	8	160	254	1
9	0	9	0	100	1
9	0	10	69	93	1
9	0	11	64	89	1
9	0	12	0	0	0
9	0	13	0	0	0
9	0	14	0	0	0
9	0	15	18	87	1
9	0	16	44	82	1
9	0	17	0	0	0
9	0	18	296	417	1
9	1	0	227	2106	1
9	1	1	0	403	1
9	1	2	12	1297	1
9	1	3	366	651	1
9	1	4	393	509	1
9	1	5	574	689	1
9	1	6	90	316	1
9	1	7	0	0	0
9	1	8	154	314	1
9	1	9	0	98	1
9	1	10	61	86	1
9	1	11	82	116	1
9	1	12	0	0	0
9	1	13	0	0	0
9	1	14	0	0	0
9	1	15	0	0	0
9	1	16	0	0	0
9	1	17	0	0	0
9	1	18	0	0	0
9	2	0	301	1625	1
9	2	1	93	668	1
9	2	2	0	942	1
9	2	3	276	931	1
9	2	4	401	611	1
9	2	5	507	628	1
9	2	6	74	294	1
9	2	7	0	0	0
9	2	8	87	187	1
9	2	9	0	186	1
9	2	10	63	86	1
9	2	11	96	131	1
9	2	12	0	0	0
9	2	13	0	0	0
9	2	14	0	0	0
9	2	15	0	0	0
9	2	16	0	0	0
9	2	17	0	0	0
9	2	18	0	0	0
9	3	0	221	1870	1
9	3	1	94	133	1
9	3	2	859	1061	1
9	3	3	415	486	1
9	3	4	227	301	1
9	3	5	494	628	1
9	3	6	74	225	1
9	3	7	0	0	0
9	3	8	128	300	1
9	3	9	1086	926	1
9	3	10	9	139	1
9	3	11	492	596	1
9	3	12	0	0	0
9	3	13	0	0	0
9	3	14	0	0	0
9	3	15	0	0	0
9	3	16	0	0	0
9	3	17	0	0	0
9	3	18	0	0	0
9	4	0	346	1711	1
9	4	1	107	153	1
9	4	2	83	134	1
9	4	3	649	782	1
9	4	4	228	308	1
9	4	5	300	436	1
9	4	6	79	292	1
9	4	7	0	0	0
9	4	8	147	295	1
9	4	9	913	1251	1
9	4	10	0	235	1
9	4	11	455	536	1
9	4	12	0	15	0
9	4	13	229	558	1
9	4	14	0	0	0
9	4	15	0	0	0
9	4	16	0	0	0
9	4	17	0	0	0
9	4	18	0	53	0
9	5	0	0	1580	0
9	5	1	706	1046	1
9	5	2	0	0	0
9	5	3	0	0	0
9	5	4	0	0	0
9	5	5	0	0	0
9	5	6	0	0	0
9	5	7	0	0	0
9	5	8	0	0	0
9	5	9	0	0	0
9	5	10	0	532	1
9	5	11	18	196	1
9	5	12	0	0	0
9	5	13	245	367	1
9	5	14	0	0	0
9	5	15	0	0	0
9	5	16	0	0	0
9	5	17	9	0	1
9	5	18	270	407	1
9	6	0	0	1381	0
9	6	1	597	886	1
9	6	2	0	0	0
9	6	3	0	0	0
9	6	4	0	9	0
9	6	5	0	0	0
9	6	6	0	0	0
9	6	7	0	0	0
9	6	8	0	0	0
9	6	9	0	0	0
9	6	10	32	212	0
9	6	11	39	274	0
9	6	12	0	0	0
9	6	13	301	388	1
9	6	14	0	0	0
9	6	15	0	0	0
9	6	16	0	0	0
9	6	17	0	0	0
9	6	18	251	317	1
9	7	0	15	1615	0
9	7	1	624	893	1
9	7	2	0	0	0
9	7	3	0	0	0
9	7	4	0	0	0
9	7	5	0	0	0
9	7	6	0	0	0
9	7	7	0	0	0
9	7	8	9	0	1
9	7	9	60	364	1
9	7	10	0	0	0
9	7	11	144	411	0
9	7	12	0	0	0
9	7	13	399	446	1
9	7	14	75	0	0
9	7	15	18	55	0
9	7	16	60	0	0
9	7	17	0	0	0
9	7	18	405	475	1
9	8	0	0	1489	0
9	8	1	513	1359	1
9	8	2	0	0	0
9	8	3	0	0	0
9	8	4	0	0	0
9	8	5	0	0	0
9	8	6	0	0	0
9	8	7	0	0	0
9	8	8	0	0	0
9	8	9	0	0	0
9	8	10	0	0	0
9	8	11	0	0	0
9	8	12	0	0	0
9	8	13	821	1086	1
9	8	14	32	178	0
9	8	15	23	49	0
9	8	16	0	9	0
9	8	17	0	0	0
9	8	18	183	274	1
9	9	0	0	1421	0
9	9	1	184	362	0
9	9	2	0	0	0
9	9	3	0	0	0
9	9	4	0	0	0
9	9	5	0	0	0
9	9	6	0	0	0
9	9	7	0	0	0
9	9	8	0	0	0
9	9	9	0	0	0
9	9	10	0	0	0
9	9	11	0	12	0
9	9	12	90	171	1
9	9	13	50	64	1
9	9	14	0	0	0
9	9	15	0	0	0
9	9	16	0	30	0
9	9	17	0	0	0
9	9	18	16	203	0
9	10	0	0	1613	0
9	10	1	1064	2048	1
9	10	2	0	0	0
9	10	3	0	11	0
9	10	4	0	0	0
9	10	5	0	0	0
9	10	6	0	0	0
9	10	7	0	0	0
9	10	8	0	0	0
9	10	9	0	0	0
9	10	10	0	0	0
9	10	11	0	0	0
9	10	12	0	0	0
9	10	13	224	450	1
9	10	14	0	0	0
9	10	15	0	0	0
9	10	16	0	0	0
9	10	17	0	0	0
9	10	18	353	494	1
9	11	0	0	1635	0
9	11	1	0	0	0
9	11	2	0	0	0
9	11	3	0	11	0
9	11	4	0	19	0
9	11	5	0	0	0
9	11	6	0	0	0
9	11	7	0	0	0
9	11	8	0	0	0
9	11	9	0	0	0
9	11	10	0	0	0
9	11	11	0	21	0
9	11	12	9	0	0
9	11	13	3	0	0
9	11	14	12	0	0
9	11	15	16	0	0
9	11	16	13	9	0
9	11	17	6	0	0
9	11	18	121	9	0
9	12	0	0	1670	0
9	12	1	0	0	0
9	12	2	0	0	0
9	12	3	0	0	0
9	12	4	0	0	0
9	12	5	0	0	0
9	12	6	0	0	0
9	12	7	0	0	0
9	12	8	0	0	0
9	12	9	0	25	0
9	12	10	0	0	0
9	12	11	0	0	0
9	12	12	0	0	0
9	12	13	383	459	1
9	12	14	0	0	0
9	12	15	0	0	0
9	12	16	0	0	0
9	12	17	0	0	0
9	12	18	445	504	1
9	13	0	0	1396	0
9	13	1	0	0	0
9	13	2	0	0	0
9	13	3	0	0	0
9	13	4	695	759	0
9	13	5	1034	1223	1
9	13	6	0	0	0
9	13	7	0	0	0
9	13	8	0	0	0
9	13	9	0	0	0
9	13	10	0	0	0
9	13	11	0	0	0
9	13	12	0	0	0
9	13	13	0	0	0
9	13	14	0	0	0
9	13	15	0	0	0
9	13	16	0	0	0
9	13	17	0	0	0
9	13	18	595	693	1
9	14	0	0	1446	0
9	14	1	0	0	0
9	14	2	0	0	0
9	14	3	0	0	0
9	14	4	0	0	0
9	14	5	0	0	0
9	14	6	0	0	0
9	14	7	0	0	0
9	14	8	0	0	0
9	14	9	0	0	0
9	14	10	0	0	0
9	14	11	0	0	0
9	14	12	0	0	0
9	14	13	0	0	0
9	14	14	0	0	0
9	14	15	0	0	0
9	14	16	0	0	0
9	14	17	0	0	0
9	14	18	481	544	1
9	15	0	0	1546	0
9	15	1	796	1635	1
9	15	2	0	0	0
9	15	3	0	0	0
9	15	4	0	0	0
9	15	5	0	0	0
9	15	6	0	0	0
9	15	7	0	0	0
9	15	8	0	0	0
9	15	9	0	0	0
9	15	10	0	0	0
9	15	11	0	0	0
9	15	12	0	0	0
9	15	13	0	0	0
9	15	14	0	0	0
9	15	15	0	69	0
9	15	16	0	0	0
9	15	17	9	0	1
9	15	18	3	9	0
9	16	0	0	1520	0
9	16	1	0	0	0
9	16	2	0	0	0
9	16	3	0	0	0
9	16	4	0	0	0
9	16	5	0	12	0
9	16	6	0	0	0
9	16	7	0	0	0
9	16	8	0	0	0
9	16	9	0	0	0
9	16	10	0	0	0
9	16	11	0	0	0
9	16	12	0	0	0
9	16	13	336	451	1
9	16	14	0	9	0
9	16	15	0	0	0
9	16	16	0	0	0
9	16	17	0	0	0
9	16	18	300	374	1
9	17	0	0	1524	0
9	17	1	0	0	0
9	17	2	0	0	0
9	17	3	0	0	0
9	17	4	19	444	0
9	17	5	295	897	1
9	17	6	0	0	0
9	17	7	0	0	0
9	17	8	0	0	0
9	17	9	0	0	0
9	17	10	0	0	0
9	17	11	0	0	0
9	17	12	0	0	0
9	17	13	0	0	0
9	17	14	0	0	0
9	17	15	0	0	0
9	17	16	0	0	0
9	17	17	0	0	0
9	17	18	349	457	1
9	18	0	0	1597	0
9	18	1	0	0	0
9	18	2	0	0	0
9	18	3	0	0	0
9	18	4	9	0	0
9	18	5	3	0	0
9	18	6	0	0	0
9	18	7	0	0	0
9	18	8	0	0	0
9	18	9	0	0	0
9	18	10	0	0	0
9	18	11	0	0	0
9	18	12	0	18	0
9	18	13	0	6	0
9	18	14	0	0	0
9	18	15	0	0	0
9	18	16	0	0	0
9	18	17	0	0	0
9	18	18	266	355	1
9	19	0	0	1764	0
9	19	1	556	1157	1
9	19	2	0	0	0
9	19	3	0	0	0
9	19	4	0	0	0
9	19	5	0	0	0
9	19	6	0	0	0
9	19	7	0	0	0
9	19	8	0	0	0
9	19	9	0	0	0
9	19	10	0	0	0
9	19	11	0	0	0
9	19	12	0	0	0
9	19	13	290	363	1
9	19	14	39	0	0
9	19	15	124	0	0
9	19	16	67	9	0
9	19	17	0	39	0
9	19	18	305	386	1
9	20	0	0	1665	0
9	20	1	4	18	0
9	20	2	0	0	0
9	20	3	0	0	0
9	20	4	0	0	0
9	20	5	0	0	0
9	20	6	0	0	0
9	20	7	0	0	0
9	20	8	0	0	0
9	20	9	0	0	0
9	20	10	0	0	0
9	20	11	0	0	0
9	20	12	0	0	0
9	20	13	0	0	0
9	20	14	0	0	0
9	20	15	0	0	0
9	20	16	0	0	0
9	20	17	0	0	0
9	20	18	376	488	1
9	21	0	0	1936	0
9	21	1	0	8	0
9	21	2	0	0	0
9	21	3	0	0	0
9	21	4	0	0	0
9	21	5	0	0	0
9	21	6	0	0	0
9	21	7	0	0	0
9	21	8	0	0	0
9	21	9	0	0	0
9	21	10	0	0	0
9	21	11	0	0	0
9	21	12	0	0	0
9	21	13	0	0	0
9	21	14	0	0	0
9	21	15	0	0	0
9	21	16	0	0	0
9	21	17	0	0	0
9	21	18	411	568	1
9	22	0	0	2752	0
9	22	1	297	2030	1
9	22	2	0	36	0
9	22	3	0	24	0
9	22	4	0	0	0
9	22	5	0	9	0
9	22	6	0	0	0
9	22	7	0	0	0
9	22	8	0	12	0
9	22	9	0	0	0
9	22	10	0	0	0
9	22	11	0	0	0
9	22	12	0	48	0
9	22	13	0	0	0
9	22	14	0	0	0
9	22	15	0	0	0
9	22	16	0	0	0
9	22	17	0	0	0
9	22	18	0	0	0
9	23	0	0	2248	0
9	23	1	0	4	0
9	23	2	0	30	0
9	23	3	0	30	0
9	23	4	0	0	0
9	23	5	0	0	0
9	23	6	0	0	0
9	23	7	0	0	0
9	23	8	0	0	0
9	23	9	0	0	0
9	23	10	0	9	0
9	23	11	0	0	0
9	23	12	0	0	0
9	23	13	255	338	1
9	23	14	0	0	0
9	23	15	0	0	0
9	23	16	0	0	0
9	23	17	0	0	0
9	23	18	364	462	1
9	24	0	0	2228	0
9	24	1	0	0	0
9	24	2	0	0	0
9	24	3	0	7	0
9	24	4	0	0	0
9	24	5	0	0	0
9	24	6	0	0	0
9	24	7	0	0	0
9	24	8	0	0	0
9	24	9	33	0	0
9	24	10	11	0	0
9	24	11	0	0	0
9	24	12	0	0	0
9	24	13	0	0	0
9	24	14	0	0	0
9	24	15	24	34	0
9	24	16	0	0	0
9	24	17	0	0	0
9	24	18	591	763	1
9	25	0	0	2172	0
9	25	1	0	0	0
9	25	2	0	0	0
9	25	3	0	12	0
9	25	4	0	0	0
9	25	5	0	0	0
9	25	6	0	24	0
9	25	7	0	0	0
9	25	8	0	0	0
9	25	9	0	4	0
9	25	10	0	0	0
9	25	11	0	0	0
9	25	12	0	0	0
9	25	13	0	0	0
9	25	14	0	0	0
9	25	15	67	99	0
9	25	16	0	0	0
9	25	17	0	0	0
9	25	18	0	0	0
9	26	0	0	1898	0
9	26	1	0	0	0
9	26	2	0	0	0
9	26	3	0	0	0
9	26	4	0	0	0
9	26	5	0	0	0
9	26	6	0	0	0
9	26	7	0	0	0
9	26	8	0	9	0
9	26	9	16	33	0
9	26	10	0	0	0
9	26	11	0	0	0
9	26	12	0	0	0
9	26	13	0	0	0
9	26	14	0	0	0
9	26	15	0	0	0
9	26	16	0	0	0
9	26	17	0	0	0
9	26	18	0	0	0
9	27	0	0	1867	0
9	27	1	0	0	0
9	27	2	0	0	0
9	27	3	0	9	0
9	27	4	0	0	0
9	27	5	0	0	0
9	27	6	0	0	0
9	27	7	0	0	0
9	27	8	0	0	0
9	27	9	0	12	0
9	27	10	0	0	0
9	27	11	0	21	0
9	27	12	0	0	0
9	27	13	0	0	0
9	27	14	0	0	0
9	27	15	0	0	0
9	27	16	0	0	0
9	27	17	0	20	0
9	27	18	0	0	0
9	28	0	0	1679	0
9	28	1	0	0	0
9	28	2	0	0	0
9	28	3	0	0	0
9	28	4	0	0	0
9	28	5	0	0	0
9	28	6	0	0	0
9	28	7	0	0	0
9	28	8	0	0	0
9	28	9	0	0	0
9	28	10	0	0	0
9	28	11	0	0	0
9	28	12	0	0	0
9	28	13	0	0	0
9	28	14	0	0	0
9	28	15	0	0	0
9	28	16	0	0	0
9	28	17	0	0	0
9	28	18	0	9	0
9	29	0	46	284	0
9	29	1	0	9	0
9	29	2	0	0	0
9	29	3	0	12	0
9	29	4	0	0	0
9	29	5	0	0	0
9	29	6	0	0	0
9	29	7	0	0	0
9	29	8	0	0	0
9	29	9	0	0	0
9	29	10	0	0	0
9	29	11	0	0	0
9	29	12	0	0	0
9	29	13	0	0	0
9	29	14	0	0	0
9	29	15	0	9	0
9	29	16	0	0	0
9	29	17	0	0	0
9	29	18	0	0	0
9	30	0	39	90	0
9	30	1	0	0	0
9	30	2	12	0	0
9	30	3	12	0	0
9	30	4	0	0	0
9	30	5	0	0	0
9	30	6	0	0	0
9	30	7	0	12	0
9	30	8	0	0	0
9	30	9	0	0	0
9	30	10	0	0	0
9	30	11	0	9	0
9	30	12	0	0	0
9	30	13	0	0	0
9	30	14	0	0	0
9	30	15	0	9	0
9	30	16	0	0	0
9	30	17	0	0	0
9	30	18	0	9	0
9	31	0	319	153	0
9	31	1	0	0	0
9	31	2	0	0	0
9	31	3	0	0	0
9	31	4	0	0	0
9	31	5	0	0	0
9	31	6	4	0	0
9	31	7	12	0	0
9	31	8	0	0	0
9	31	9	0	0	0
9	31	10	0	9	0
9	31	11	0	0	0
9	31	12	0	0	0
9	31	13	0	0	0
9	31	14	0	0	0
9	31	15	0	0	0
9	31	16	0	0	0
9	31	17	0	0	0
9	31	18	0	0	0
9	32	0	2078	209	0
9	32	1	0	0	0
9	32	2	0	0	0
9	32	3	0	0	0
9	32	4	0	0	0
9	32	5	0	0	0
9	32	6	15	20	0
9	32	7	33	20	0
9	32	8	0	0	0
9	32	9	0	0	0
9	32	10	0	26	0
9	32	11	0	26	0
9	32	12	0	0	0
9	32	13	0	0	0
9	32	14	0	0	0
9	32	15	0	0	0
9	32	16	0	0	0
9	32	17	0	0	0
9	32	18	0	0	0
9	33	0	1431	749	0
9	33	1	0	0	0
9	33	2	0	0	0
9	33	3	0	0	0
9	33	4	0	0	0
9	33	5	0	0	0
9	33	6	0	131	0
9	33	7	0	100	0
9	33	8	0	0	0
9	33	9	0	0	0
9	33	10	0	0	0
9	33	11	35	105	0
9	33	12	29	70	0
9	33	13	0	0	0
9	33	14	0	0	0
9	33	15	0	0	0
9	33	16	0	0	0
9	33	17	0	0	0
9	33	18	0	0	0
10	0	0	229	2525	1
10	0	1	975	1146	1
10	0	2	1161	1364	1
10	0	3	440	526	1
10	0	4	518	634	1
10	0	5	892	1054	1
10	0	6	798	1045	1
10	0	7	0	0	0
10	0	8	62	128	1
10	0	9	398	535	1
10	0	10	15	122	1
10	0	11	527	638	1
10	0	12	0	0	0
10	0	13	0	0	0
10	0	14	0	0	0
10	0	15	44	108	1
10	0	16	46	97	1
10	0	17	0	0	0
10	0	18	367	549	1
10	1	0	145	1955	1
10	1	1	0	0	0
10	1	2	0	0	0
10	1	3	0	0	0
10	1	4	428	522	1
10	1	5	841	1043	1
10	1	6	0	114	0
10	1	7	0	0	0
10	1	8	57	156	1
10	1	9	0	0	0
10	1	10	73	101	1
10	1	11	70	102	1
10	1	12	0	0	0
10	1	13	0	0	0
10	1	14	0	0	0
10	1	15	0	0	0
10	1	16	0	0	0
10	1	17	0	0	0
10	1	18	0	0	0
10	2	0	78	1577	1
10	2	1	80	163	1
10	2	2	878	1040	1
10	2	3	575	691	1
10	2	4	517	619	1
10	2	5	572	717	1
10	2	6	80	219	1
10	2	7	0	333	1
10	2	8	96	278	1
10	2	9	174	246	1
10	2	10	100	239	1
10	2	11	312	396	1
10	2	12	0	0	0
10	2	13	0	0	0
10	2	14	0	0	0
10	2	15	0	0	0
10	2	16	0	0	0
10	2	17	0	0	0
10	2	18	0	0	0
10	3	0	31	1764	1
10	3	1	22	134	1
10	3	2	99	149	1
10	3	3	542	650	1
10	3	4	457	524	1
10	3	5	521	646	1
10	3	6	73	201	1
10	3	7	0	0	0
10	3	8	135	253	1
10	3	9	127	218	1
10	3	10	0	135	1
10	3	11	373	451	1
10	3	12	0	0	0
10	3	13	0	0	0
10	3	14	0	0	0
10	3	15	0	0	0
10	3	16	0	0	0
10	3	17	0	0	0
10	3	18	0	0	0
10	4	0	91	1953	1
10	4	1	18	166	1
10	4	2	118	143	1
10	4	3	650	756	1
10	4	4	542	636	1
10	4	5	766	880	1
10	4	6	112	278	1
10	4	7	0	0	0
10	4	8	77	275	1
10	4	9	134	236	1
10	4	10	0	114	1
10	4	11	228	283	1
10	4	12	0	0	0
10	4	13	0	0	0
10	4	14	0	21	0
10	4	15	0	0	0
10	4	16	0	0	0
10	4	17	0	0	0
10	4	18	0	0	0
10	5	0	59	1922	1
10	5	1	63	178	1
10	5	2	110	155	1
10	5	3	620	725	1
10	5	4	677	795	1
10	5	5	563	680	1
10	5	6	94	230	1
10	5	7	0	0	0
10	5	8	139	381	1
10	5	9	130	225	1
10	5	10	0	123	1
10	5	11	269	323	1
10	5	12	0	0	0
10	5	13	117	497	1
10	5	14	0	0	0
10	5	15	0	0	0
10	5	16	0	0	0
10	5	17	0	0	0
10	5	18	0	0	0
10	6	0	0	1365	0
10	6	1	580	911	1
10	6	2	0	0	0
10	6	3	0	0	0
10	6	4	0	0	0
10	6	5	0	3	0
10	6	6	0	0	0
10	6	7	0	0	0
10	6	8	0	0	0
10	6	9	0	0	0
10	6	10	0	0	0
10	6	11	37	214	1
10	6	12	0	0	0
10	6	13	287	501	1
10	6	14	0	0	0
10	6	15	0	0	0
10	6	16	0	0	0
10	6	17	0	0	0
10	6	18	484	651	1
10	7	0	9	1288	0
10	7	1	530	735	1
10	7	2	0	0	0
10	7	3	0	0	0
10	7	4	0	0	0
10	7	5	0	9	0
10	7	6	0	0	0
10	7	7	0	0	0
10	7	8	0	0	0
10	7	9	0	0	0
10	7	10	0	37	1
10	7	11	36	0	0
10	7	12	9	0	0
10	7	13	482	612	1
10	7	14	12	0	0
10	7	15	11	0	0
10	7	16	51	0	0
10	7	17	0	76	1
10	7	18	875	993	1
10	8	0	0	1284	0
10	8	1	554	751	1
10	8	2	0	0	0
10	8	3	0	0	0
10	8	4	0	0	0
10	8	5	0	0	0
10	8	6	0	0	0
10	8	7	0	23	0
10	8	8	0	0	0
10	8	9	0	0	0
10	8	10	23	577	1
10	8	11	0	58	0
10	8	12	0	0	0
10	8	13	532	657	1
10	8	14	0	0	0
10	8	15	36	139	0
10	8	16	0	0	0
10	8	17	0	24	0
10	8	18	636	750	1
10	9	0	0	1193	0
10	9	1	15	75	0
10	9	2	0	0	0
10	9	3	0	0	0
10	9	4	0	0	0
10	9	5	0	0	0
10	9	6	0	0	0
10	9	7	0	0	0
10	9	8	0	0	0
10	9	9	0	0	0
10	9	10	0	0	0
10	9	11	146	502	0
10	9	12	0	0	0
10	9	13	0	0	0
10	9	14	0	0	0
10	9	15	0	0	0
10	9	16	0	0	0
10	9	17	0	0	0
10	9	18	0	0	0
10	10	0	0	1525	0
10	10	1	463	903	1
10	10	2	0	0	0
10	10	3	0	0	0
10	10	4	0	0	0
10	10	5	0	0	0
10	10	6	0	0	0
10	10	7	0	0	0
10	10	8	0	0	0
10	10	9	0	0	0
10	10	10	0	0	0
10	10	11	0	0	0
10	10	12	0	14	0
10	10	13	435	539	1
10	10	14	15	160	0
10	10	15	21	56	0
10	10	16	0	0	0
10	10	17	0	12	0
10	10	18	338	446	1
10	11	0	0	1656	0
10	11	1	309	504	0
10	11	2	0	0	0
10	11	3	0	0	0
10	11	4	0	0	0
10	11	5	0	0	0
10	11	6	0	0	0
10	11	7	0	0	0
10	11	8	0	0	0
10	11	9	0	0	0
10	11	10	0	0	0
10	11	11	0	0	0
10	11	12	204	3	0
10	11	13	57	241	0
10	11	14	123	0	0
10	11	15	0	0	0
10	11	16	0	0	0
10	11	17	0	12	0
10	11	18	130	9	0
10	12	0	0	1472	0
10	12	1	957	1964	1
10	12	2	0	0	0
10	12	3	0	0	0
10	12	4	0	0	0
10	12	5	0	0	0
10	12	6	0	0	0
10	12	7	0	0	0
10	12	8	0	0	0
10	12	9	0	0	0
10	12	10	0	0	0
10	12	11	0	0	0
10	12	12	0	0	0
10	12	13	382	541	1
10	12	14	0	0	0
10	12	15	0	0	0
10	12	16	0	0	0
10	12	17	0	0	0
10	12	18	513	694	1
10	13	0	0	1411	0
10	13	1	0	0	0
10	13	2	0	0	0
10	13	3	0	0	0
10	13	4	0	0	0
10	13	5	0	0	0
10	13	6	0	0	0
10	13	7	0	0	0
10	13	8	0	0	0
10	13	9	0	0	0
10	13	10	0	0	0
10	13	11	0	0	0
10	13	12	72	0	0
10	13	13	0	0	0
10	13	14	190	0	0
10	13	15	0	0	0
10	13	16	24	0	0
10	13	17	30	0	0
10	13	18	0	0	0
10	14	0	0	1810	0
10	14	1	0	0	0
10	14	2	0	0	0
10	14	3	0	15	0
10	14	4	0	0	0
10	14	5	0	0	0
10	14	6	0	20	0
10	14	7	0	9	0
10	14	8	73	128	0
10	14	9	0	0	0
10	14	10	0	0	0
10	14	11	0	0	0
10	14	12	0	0	0
10	14	13	66	569	1
10	14	14	0	0	0
10	14	15	0	0	0
10	14	16	0	0	0
10	14	17	0	0	0
10	14	18	284	738	1
10	15	0	0	1899	0
10	15	1	0	0	0
10	15	2	0	0	0
10	15	3	0	0	0
10	15	4	0	363	0
10	15	5	0	834	1
10	15	6	0	0	0
10	15	7	0	0	0
10	15	8	0	0	0
10	15	9	0	0	0
10	15	10	0	0	0
10	15	11	0	0	0
10	15	12	0	0	0
10	15	13	0	0	0
10	15	14	0	0	0
10	15	15	0	0	0
10	15	16	0	0	0
10	15	17	0	0	0
10	15	18	411	1108	1
10	16	0	0	1630	0
10	16	1	0	0	0
10	16	2	0	0	0
10	16	3	0	0	0
10	16	4	0	0	0
10	16	5	0	0	0
10	16	6	0	0	0
10	16	7	0	0	0
10	16	8	0	0	0
10	16	9	0	0	0
10	16	10	0	0	0
10	16	11	0	0	0
10	16	12	0	0	0
10	16	13	0	0	0
10	16	14	0	0	0
10	16	15	0	0	0
10	16	16	0	0	0
10	16	17	0	0	0
10	16	18	36	649	1
10	17	0	0	1755	0
10	17	1	897	1727	1
10	17	2	0	0	0
10	17	3	0	0	0
10	17	4	0	0	0
10	17	5	0	0	0
10	17	6	0	0	0
10	17	7	0	0	0
10	17	8	0	92	0
10	17	9	0	18	0
10	17	10	0	0	0
10	17	11	126	0	0
10	17	12	39	0	0
10	17	13	0	0	0
10	17	14	0	0	0
10	17	15	9	0	0
10	17	16	0	0	0
10	17	17	0	0	0
10	17	18	27	0	0
10	18	0	76	2130	1
10	18	1	49	0	0
10	18	2	44	930	1
10	18	3	0	761	1
10	18	4	4	556	1
10	18	5	27	930	1
10	18	6	0	659	1
10	18	7	30	568	1
10	18	8	10	1172	1
10	18	9	0	854	0
10	18	10	0	0	0
10	18	11	42	234	1
10	18	12	11	0	0
10	18	13	629	725	1
10	18	14	18	0	0
10	18	15	0	0	0
10	18	16	0	0	0
10	18	17	0	0	0
10	18	18	503	625	1
10	19	0	0	1738	0
10	19	1	63	0	0
10	19	2	45	0	0
10	19	3	0	9	0
10	19	4	18	427	0
10	19	5	164	964	1
10	19	6	0	77	0
10	19	7	0	0	0
10	19	8	0	0	0
10	19	9	0	0	0
10	19	10	0	0	0
10	19	11	75	0	0
10	19	12	25	0	0
10	19	13	73	0	0
10	19	14	104	0	0
10	19	15	0	0	0
10	19	16	0	0	0
10	19	17	72	0	0
10	19	18	1092	891	1
10	20	0	0	2110	0
10	20	1	125	476	1
10	20	2	0	0	0
10	20	3	0	0	0
10	20	4	0	0	0
10	20	5	0	9	0
10	20	6	35	9	0
10	20	7	39	0	0
10	20	8	0	0	0
10	20	9	0	0	0
10	20	10	0	0	0
10	20	11	0	0	0
10	20	12	0	0	0
10	20	13	0	0	0
10	20	14	0	0	0
10	20	15	0	0	0
10	20	16	0	0	0
10	20	17	0	0	0
10	20	18	614	744	1
10	21	0	0	2216	0
10	21	1	306	701	0
10	21	2	0	0	0
10	21	3	0	0	0
10	21	4	0	0	0
10	21	5	0	0	0
10	21	6	52	0	0
10	21	7	76	0	0
10	21	8	0	22	0
10	21	9	0	10	0
10	21	10	0	0	0
10	21	11	0	0	0
10	21	12	0	0	0
10	21	13	658	643	1
10	21	14	95	0	0
10	21	15	0	0	0
10	21	16	0	0	0
10	21	17	0	0	0
10	21	18	515	675	1
10	22	0	0	1941	0
10	22	1	0	0	0
10	22	2	0	0	0
10	22	3	0	0	0
10	22	4	0	0	0
10	22	5	0	0	0
10	22	6	0	0	0
10	22	7	0	0	0
10	22	8	0	0	0
10	22	9	0	0	0
10	22	10	0	0	0
10	22	11	0	0	0
10	22	12	0	0	0
10	22	13	3	0	0
10	22	14	1	0	0
10	22	15	0	9	0
10	22	16	18	0	0
10	22	17	6	0	0
10	22	18	725	864	1
10	23	0	0	1912	0
10	23	1	116	474	0
10	23	2	0	0	0
10	23	3	0	0	0
10	23	4	0	0	0
10	23	5	57	24	0
10	23	6	19	0	0
10	23	7	69	0	0
10	23	8	23	0	0
10	23	9	0	0	0
10	23	10	0	0	0
10	23	11	0	0	0
10	23	12	0	0	0
10	23	13	40	0	0
10	23	14	40	0	0
10	23	15	0	12	0
10	23	16	0	0	0
10	23	17	0	0	0
10	23	18	808	1062	1
10	24	0	0	2231	0
10	24	1	409	1541	1
10	24	2	0	0	0
10	24	3	0	0	0
10	24	4	0	0	0
10	24	5	6	0	0
10	24	6	16	0	0
10	24	7	244	0	0
10	24	8	83	0	0
10	24	9	0	0	0
10	24	10	0	0	0
10	24	11	12	0	0
10	24	12	27	0	0
10	24	13	4	0	0
10	24	14	4	0	0
10	24	15	6	0	0
10	24	16	6	0	0
10	24	17	0	0	0
10	24	18	20	6	0
10	25	0	0	1624	0
10	25	1	0	0	0
10	25	2	0	0	0
10	25	3	0	0	0
10	25	4	0	0	0
10	25	5	0	0	0
10	25	6	0	0	0
10	25	7	174	0	0
10	25	8	44	0	0
10	25	9	57	0	0
10	25	10	27	0	0
10	25	11	102	0	0
10	25	12	143	0	0
10	25	13	447	550	1
10	25	14	13	9	0
10	25	15	0	0	0
10	25	16	0	0	0
10	25	17	0	0	0
10	25	18	789	884	1
10	26	0	0	1731	0
10	26	1	0	9	0
10	26	2	0	0	0
10	26	3	0	0	0
10	26	4	0	0	0
10	26	5	0	0	0
10	26	6	0	0	0
10	26	7	93	0	0
10	26	8	5	0	0
10	26	9	20	0	0
10	26	10	20	0	0
10	26	11	50	0	0
10	26	12	54	0	0
10	26	13	0	0	0
10	26	14	0	0	0
10	26	15	81	140	0
10	26	16	62	51	0
10	26	17	0	0	0
10	26	18	898	1070	1
10	27	0	0	1490	0
10	27	1	0	0	0
10	27	2	0	0	0
10	27	3	0	0	0
10	27	4	0	0	0
10	27	5	0	0	0
10	27	6	0	0	0
10	27	7	84	0	0
10	27	8	20	0	0
10	27	9	71	0	0
10	27	10	100	0	0
10	27	11	0	0	0
10	27	12	0	0	0
10	27	13	0	0	0
10	27	14	0	0	0
10	27	15	0	0	0
10	27	16	0	0	0
10	27	17	0	0	0
10	27	18	98	0	0
10	28	0	475	473	0
10	28	1	0	9	0
10	28	2	0	0	0
10	28	3	0	0	0
10	28	4	0	0	0
10	28	5	0	0	0
10	28	6	0	0	0
10	28	7	51	0	0
10	28	8	44	0	0
10	28	9	59	37	0
10	28	10	108	0	0
10	28	11	0	0	0
10	28	12	0	0	0
10	28	13	0	0	0
10	28	14	0	0	0
10	28	15	0	0	0
10	28	16	0	0	0
10	28	17	0	0	0
10	28	18	120	6	0
10	29	0	262	33	0
10	29	1	0	0	0
10	29	2	0	0	0
10	29	3	0	0	0
10	29	4	0	0	0
10	29	5	0	0	0
10	29	6	0	0	0
10	29	7	0	0	0
10	29	8	0	0	0
10	29	9	27	0	0
10	29	10	81	0	0
10	29	11	0	0	0
10	29	12	0	0	0
10	29	13	69	0	0
10	29	14	31	0	0
10	29	15	0	0	0
10	29	16	0	0	0
10	29	17	0	0	0
10	29	18	0	0	0
10	30	0	219	26	0
10	30	1	0	0	0
10	30	2	0	0	0
10	30	3	0	0	0
10	30	4	0	0	0
10	30	5	0	0	0
10	30	6	8	0	0
10	30	7	8	0	0
10	30	8	0	0	0
10	30	9	26	0	0
10	30	10	26	0	0
10	30	11	0	0	0
10	30	12	0	0	0
10	30	13	0	12	0
10	30	14	0	0	0
10	30	15	0	0	0
10	30	16	0	0	0
10	30	17	0	0	0
10	30	18	0	0	0
10	31	0	1299	163	0
10	31	1	0	0	0
10	31	2	0	0	0
10	31	3	0	0	0
10	31	4	0	0	0
10	31	5	0	0	0
10	31	6	10	6	0
10	31	7	10	6	0
10	31	8	0	0	0
10	31	9	23	0	0
10	31	10	13	0	0
10	31	11	0	0	0
10	31	12	0	0	0
10	31	13	0	0	0
10	31	14	0	0	0
10	31	15	0	0	0
10	31	16	0	0	0
10	31	17	0	27	0
10	31	18	0	0	0
10	32	0	1104	156	0
10	32	1	0	0	0
10	32	2	0	0	0
10	32	3	0	0	0
10	32	4	0	0	0
10	32	5	0	0	0
10	32	6	0	66	0
10	32	7	0	33	0
10	32	8	0	0	0
10	32	9	0	0	0
10	32	10	0	0	0
10	32	11	0	0	0
10	32	12	0	0	0
10	32	13	0	0	0
10	32	14	0	0	0
10	32	15	0	0	0
10	32	16	0	0	0
10	32	17	0	0	0
10	32	18	0	0	0
10	33	0	651	529	0
10	33	1	0	0	0
10	33	2	0	0	0
10	33	3	0	0	0
10	33	4	0	0	0
10	33	5	0	0	0
10	33	6	0	0	0
10	33	7	0	0	0
10	33	8	0	0	0
10	33	9	113	0	0
10	33	10	26	0	0
10	33	11	145	0	0
10	33	12	30	0	0
10	33	13	39	0	0
10	33	14	0	0	0
10	33	15	0	0	0
10	33	16	0	9	0
10	33	17	0	0	0
10	33	18	0	0	0
